frequency,power,task,island,voltage,time,howmany,time_rel
800000,33128.20175438596,idle,little,1028750.0,,0,
800000,33128.20175438596,idle,little,1028750.0,2.0,1,0.9950248756218908
800000,33211.40131578947,idle,little,1028741.7763157894,2.0,2,0.9950248756218908
800000,33421.80043859649,idle,little,1028511.5131578948,2.0,3,0.9950248756218908
800000,33661.79824561404,idle,little,1028725.3289473684,2.0,4,0.9950248756218908
