frequency,power,task,island,voltage,time,howmany,time_rel
800000,33128.20175438596,cacherate-20,little,1028750.0,,0,
800000,81803.15570175438,cacherate-20,little,1028231.9078947369,5.153333333333333,1,0.2874140174753671
800000,125539.74561403508,cacherate-20,little,1027508.2236842106,5.664166666666667,2,0.3159044432050566
800000,169768.99122807017,cacherate-20,little,1026269.1885964912,6.063888888888888,3,0.33819793022247
800000,210388.7214912281,cacherate-20,little,1025682.5657894736,6.446666666666668,4,0.3595463840862614
