frequency,power,task,island,voltage,time,howmany,time_rel
800000,33128.20175438596,gzip-9,little,1028750.0,,0,
800000,107949.03289473684,gzip-9,little,1027579.495614035,8.586666666666666,1,0.2477518634287088
800000,166005.2697368421,gzip-9,little,1026806.4692982456,9.218333333333332,2,0.26597739841308
800000,205349.43859649124,gzip-9,little,1025879.9342105264,10.072222222222225,3,0.2906147311052337
800000,236709.15131578947,gzip-9,little,1024969.846491228,11.417916666666668,4,0.329442173599423
