frequency,power,task,island,voltage,time,howmany,time_rel
800000,33128.20175438596,cacherate-100,little,1028750.0,,0,
800000,62481.475877192985,cacherate-100,little,1028681.4692982456,3.2,1,0.5591147350029122
800000,90129.88377192985,cacherate-100,little,1027911.1842105264,3.318333333333333,2,0.5797903319743739
800000,114390.8903508772,cacherate-100,little,1027497.2587719298,3.6488888888888886,3,0.6375461075519316
800000,138419.94736842104,cacherate-100,little,1027502.7412280702,4.042916666666667,4,0.7063919627256844
