frequency,power,task,island,voltage,time,howmany,time_rel
800000,33128.20175438596,decrypt,little,1028750.0,,0,
800000,104195.63596491228,decrypt,little,1027590.4605263158,8.861666666666666,1,0.2473138285501651
800000,176089.16666666666,decrypt,little,1026422.697368421,8.843333333333332,2,0.2468021768454346
800000,246232.98684210525,decrypt,little,1025016.447368421,8.858333333333334,3,0.2472208009674868
800000,305271.2916666667,decrypt,little,1007998.903508772,8.871666666666668,4,0.2475929112981999
