frequency,power,task,island,voltage,time,howmany,time_rel
800000,33128.20175438596,cacherate-80,little,1028750.0,,0,
800000,64482.20175438596,cacherate-80,little,1028750.0,3.24,1,0.5304229195088677
800000,91978.4649122807,cacherate-80,little,1028053.7280701754,3.525833333333333,2,0.5772169167803546
800000,118607.37280701754,cacherate-80,little,1027502.7412280702,3.9227777777777777,3,0.6422010004547521
800000,143623.19078947368,cacherate-80,little,1027489.0350877192,4.355416666666667,4,0.7130286493860846
