frequency,power,task,island,voltage,time,howmany,time_rel
1000000,47670.88596491228,encrypt,little,1103750.0,,0,
1000000,150738.43421052632,encrypt,little,1101351.4254385964,7.043333333333333,1,0.198022585633288
1000000,252924.88157894736,encrypt,little,1097552.0833333333,7.0200000000000005,2,0.1973665713884073
1000000,343715.4802631579,encrypt,little,1082557.5657894737,7.038333333333334,3,0.1978820111522421
1000000,440246.35307017545,encrypt,little,1080397.4780701755,7.041666666666667,4,0.1979757274729394
