frequency,power,task,island,voltage,time,howmany,time_rel
1000000,47670.88596491228,gzip-9,little,1103750.0,,0,
1000000,155438.59868421053,gzip-9,little,1101282.894736842,6.874999999999999,1,0.1983649915845154
1000000,234061.9692982456,gzip-9,little,1099769.7368421052,7.4075,2,0.2137292618417889
1000000,283965.1929824561,gzip-9,little,1090748.355263158,8.371666666666666,3,0.2415484491464294
1000000,310719.0131578947,gzip-9,little,1083385.4166666667,9.619583333333331,4,0.2775547006491944
