frequency,power,task,island,voltage,time,howmany,time_rel
1000000,47670.88596491228,cacherate-80,little,1103750.0,,0,
1000000,89181.61622807017,cacherate-80,little,1102494.5175438595,3.073333333333333,1,0.503137789904502
1000000,125305.49780701754,cacherate-80,little,1101296.600877193,3.303333333333333,2,0.5407912687585265
1000000,160167.34868421053,cacherate-80,little,1101241.7763157894,3.664444444444445,3,0.5999090495679855
1000000,193083.6798245614,cacherate-80,little,1100518.0921052631,4.0975,4,0.6708049113233288
