frequency,power,task,island,voltage,time,howmany,time_rel
1000000,47670.88596491228,cacherate-40,little,1103750.0,,0,
1000000,96792.67763157896,cacherate-40,little,1102439.6929824562,3.9416666666666655,1,0.4877294287481953
1000000,137686.35087719298,cacherate-40,little,1101269.1885964912,4.296666666666666,2,0.5316560115487728
1000000,182552.72807017545,cacherate-40,little,1100633.2236842106,4.584444444444443,3,0.5672647281226368
1000000,221507.25657894736,cacherate-40,little,1098722.5877192982,5.1970833333333335,4,0.6430707362342751
