frequency,power,task,island,voltage,time,howmany,time_rel
1000000,47670.88596491228,cacherate-100,little,1103750.0,,0,
1000000,87219.25219298246,cacherate-100,little,1102491.7763157894,2.9483333333333337,1,0.5151426907396623
1000000,120869.45394736844,cacherate-100,little,1101510.4166666667,3.170833333333333,2,0.5540186371578334
1000000,156122.56578947368,cacherate-100,little,1101255.4824561405,3.3816666666666664,3,0.5908561444379732
1000000,185646.3947368421,cacherate-100,little,1101077.3026315789,3.800416666666667,4,0.664021549213745
