frequency,power,task,island,voltage,time,howmany,time_rel
1000000,47670.88596491228,idle,little,1103750.0,,0,
1000000,47670.88596491228,idle,little,1103750.0,2.0,1,0.9950248756218908
1000000,47595.25,idle,little,1103662.2807017544,2.0,2,0.9950248756218908
1000000,47861.55921052631,idle,little,1103667.7631578948,2.0,3,0.9950248756218908
1000000,48393.43201754386,idle,little,1103662.2807017544,2.0,4,0.9950248756218908
