frequency,power,task,island,voltage,time,howmany,time_rel
1000000,47670.88596491228,cacherate-20,little,1103750.0,,0,
1000000,111236.18201754386,cacherate-20,little,1101899.6710526317,4.826666666666667,1,0.2691950176612753
1000000,164974.37938596492,cacherate-20,little,1101121.1622807018,5.2,2,0.2900167317345231
1000000,220825.6403508772,cacherate-20,little,1099640.899122807,5.616111111111111,3,0.3132242672119972
1000000,274228.85307017545,cacherate-20,little,1097261.5131578948,6.017083333333332,4,0.3355874697899236
