frequency,power,task,island,voltage,time,howmany,time_rel
1000000,47670.88596491228,gzip-5,little,1103750.0,,0,
1000000,155469.1600877193,gzip-5,little,1101271.929824561,6.971666666666667,1,0.2010381121737876
1000000,234875.0460526316,gzip-5,little,1099443.5307017544,7.6375,2,0.2202383813139808
1000000,278120.07236842107,gzip-5,little,1091472.0394736845,8.328333333333333,3,0.240159561685971
1000000,311441.6447368421,gzip-5,little,1083618.4210526317,9.638333333333334,4,0.2779353102321334
