frequency,power,task,island,voltage,time,howmany,time_rel
1000000,47670.88596491228,gzip-1,little,1103750.0,,0,
1000000,153562.53070175438,gzip-1,little,1101282.894736842,6.301666666666667,1,0.1985819327731092
1000000,230245.8004385965,gzip-1,little,1099931.4692982456,6.724166666666668,2,0.2118960084033614
1000000,267397.8333333333,gzip-1,little,1093256.5789473683,7.690555555555556,3,0.2423494397759104
1000000,297813.13377192983,gzip-1,little,1084226.9736842106,8.956666666666665,4,0.2822478991596638
