howmany,island,task,frequency,power_25%,power_50%,power_75%,power_max,power_mean,power_min,time_25%,time_50%,time_75%,time_max,time_mean,time_min,time_rel,time
0,cpu,decrypt,900000,2946000.0,2950000.0,2950000.0,3129000.0,2951370.481927711,2938000.0,2.0,2.0,2.0,2.0,2.0,2.0,,
1,cpu,decrypt,900000,3244000.0,3248000.0,3248000.0,3374000.0,3247530.0601202403,2946000.0,4.85,4.86,4.86,4.87,4.8580000000000005,4.85,0.6662095447065278,
2,cpu,decrypt,900000,3553000.0,3557000.0,3561000.0,3660000.0,3555930.7228915663,2946000.0,4.85,4.86,4.8675,4.89,4.861,4.85,0.6666209544706527,
3,cpu,decrypt,900000,3877000.0,3881000.0,3885000.0,4014999.0,3877586.3413654617,2942000.0,4.86,4.86,4.88,4.91,4.868,4.85,0.6675809105869447,
4,cpu,decrypt,900000,4232000.0,4236000.0,4240000.0,4293000.0,4237016.260162601,4221000.0,4.86,4.865,4.8725000000000005,4.89,4.867,4.84,0.667443773998903,
