howmany,island,task,frequency,power_25%,power_50%,power_75%,power_max,power_mean,power_min,time_25%,time_50%,time_75%,time_max,time_mean,time_min,time_rel,time
0,cpu,encrypt,900000,2946000.0,2950000.0,2950000.0,3129000.0,2951370.481927711,2938000.0,2.0,2.0,2.0,2.0,2.0,2.0,,
1,cpu,encrypt,900000,3240000.0,3244000.0,3248000.0,3355000.0,3244949.849548646,3076000.0,4.85,4.86,4.86,4.88,4.859999999999999,4.85,0.6666666666666666,
2,cpu,encrypt,900000,3549000.0,3553000.0,3553000.0,3690000.0,3548247.743229689,2942000.0,4.85,4.855,4.86,4.88,4.859,4.85,0.6665294924554185,
3,cpu,encrypt,900000,3870000.0,3874000.0,3877000.0,4011000.0,3870123.370110331,2942000.0,4.84,4.85,4.86,4.88,4.853333333333334,4.84,0.6657521719250117,
4,cpu,encrypt,900000,4221000.0,4225000.0,4232000.0,4282000.0,4227382.502543235,4210000.0,4.85,4.86,4.87,4.89,4.859,4.84,0.6665294924554185,
