howmany,island,task,frequency,power_25%,power_50%,power_75%,power_max,power_mean,power_min,time_25%,time_50%,time_75%,time_max,time_mean,time_min,time_rel,time
0,cpu,gzip-1,1199999,1623000.0,1635000.0,1648000.0,1798000.0,1636175.0,1610000.0,2.00140256475,2.001425887,2.00146021,2.001604174,2.00143256438,2.001360631,,
1,cpu,gzip-1,1199999,1798000.0,1798000.0,1798000.0,1986000.0,1798080.0,1773000.0,4.1265109163,4.12724500515,4.27795408195,4.737103769,4.278245109775001,4.1256001583,0.223897124169797,
2,cpu,gzip-1,1199999,1935000.0,1948000.0,1948000.0,2123000.0,1947062.0,1923000.0,4.124720476425,4.1259765234,4.734042034250001,4.814962357,4.29933455396,4.1204562773,0.2250008164039263,
3,cpu,gzip-1,1199999,2098000.0,2111000.0,2123000.0,2273000.0,2111912.0,2085000.0,4.11958759925,4.12111198985,4.28660312515,4.847456344,4.291089013809999,4.1166750285,0.2245692953761588,
4,cpu,gzip-1,1199999,2261000.0,2273000.0,2273000.0,2286000.0,2269596.5965965968,2248000.0,4.106158599275,4.11019054655,5.1215913945,5.423670428,4.601210796125,4.1009982652,0.2407991684715767,
