howmany,island,task,frequency,power_25%,power_50%,power_75%,power_max,power_mean,power_min,time_25%,time_50%,time_75%,time_max,time_mean,time_min,time_rel,time
0,cpu,cacherate-80,1199999,1623000.0,1635000.0,1648000.0,1798000.0,1636175.0,1610000.0,2.00140256475,2.001425887,2.00146021,2.001604174,2.00143256438,2.001360631,,
1,cpu,cacherate-80,1199999,1948000.0,1960000.0,1973000.0,2061000.0,1950701.0,1761000.0,1.1049959404749998,1.1053265963,1.105673014375,1.947421851,1.189431671908,1.1044015524,0.511552774120441,
2,cpu,cacherate-80,1199999,2198000.0,2198000.0,2211000.0,2260000.0,2194659.0,1936000.0,2.170500814375,2.295131108,2.311258244,2.333064113,2.2651218640412503,2.1659499064,0.9741874213021554,
3,cpu,cacherate-80,1199999,2348000.0,2361000.0,2373000.0,2448000.0,2359299.0,2036000.0,2.1093182899,2.1132651823,2.1176643933,2.924831481,2.1974313958631577,2.1033377003,0.9450749908903536,
4,cpu,cacherate-80,1199999,2398000.0,2411000.0,2423000.0,2498000.0,2415250.0,2298000.0,3.1203279717,3.12362372005,3.7863127425,4.1924912089,3.427095813710577,3.1132618822,1.4739311320573254,
