howmany,island,task,frequency,power_25%,power_50%,power_75%,power_max,power_mean,power_min,time_25%,time_50%,time_75%,time_max,time_mean,time_min,time_rel,time
0,cpu,cacherate-40,1199999,1623000.0,1635000.0,1648000.0,1798000.0,1636175.0,1610000.0,2.00140256475,2.001425887,2.00146021,2.001604174,2.00143256438,2.001360631,,
1,cpu,cacherate-40,1199999,1961000.0,1973000.0,1985000.0,2060000.0,1968036.0,1760000.0,2.161423103825,2.3843689345000003,2.38862007375,2.402800981,2.3028349338875005,2.1605476696,0.5434780683471884,
2,cpu,cacherate-40,1199999,2210000.0,2223000.0,2236000.0,2261000.0,2217942.0,1960000.0,2.106112223825,2.10729243295,2.1084830432,2.1099919112,2.1070382885516667,2.1002530912,0.4972692927940306,
3,cpu,cacherate-40,1199999,2386000.0,2411000.0,2435000.0,2473000.0,2405788.0,2010000.0,3.1533117329,3.405100469,3.475632796,3.603055607,3.342079069692,3.1407436271,0.7887437568065441,
4,cpu,cacherate-40,1199999,2448000.0,2461000.0,2473000.0,2548000.0,2461192.660550459,2285000.0,4.13754394765,4.1428554934,4.556791307,4.902161371,4.297402369074699,4.106692219,1.0142037990159505,
