howmany,island,task,frequency,power_25%,power_50%,power_75%,power_max,power_mean,power_min,time_25%,time_50%,time_75%,time_max,time_mean,time_min,time_rel,time
0,cpu,cacherate-60,1199999,1623000.0,1635000.0,1648000.0,1798000.0,1636175.0,1610000.0,2.00140256475,2.001425887,2.00146021,2.001604174,2.00143256438,2.001360631,,
1,cpu,cacherate-60,1199999,1948000.0,1960000.0,1961000.0,2073000.0,1950861.0,1773000.0,2.121992863,2.12626058,2.131383932,2.1879508167,2.134620942866667,2.113357541,0.700913457656353,
2,cpu,cacherate-60,1199999,2198000.0,2211000.0,2211000.0,2261000.0,2199723.0,1885000.0,2.1453376989,2.1477898599,2.53702908025,2.570358153,2.326859653401428,2.1423250208,0.7640359992704003,
3,cpu,cacherate-60,1199999,2360000.0,2373000.0,2386000.0,2436000.0,2368910.0,2048000.0,3.05657162175,3.1183676435,3.16054555075,3.205169612,3.111377455987778,3.025569706,1.0216363415894016,
4,cpu,cacherate-60,1199999,2423000.0,2423000.0,2436000.0,2498000.0,2427670.744138634,2248000.0,4.0583933335,4.073548923000001,4.165035384825,4.373046643,4.109568929931,3.1005317923,1.3493975020627236,
