howmany,island,task,frequency,power_25%,power_50%,power_75%,power_max,power_mean,power_min,time_25%,time_50%,time_75%,time_max,time_mean,time_min,time_rel,time
0,cpu,gzip-9,1199999,1623000.0,1635000.0,1648000.0,1798000.0,1636175.0,1610000.0,2.00140256475,2.001425887,2.00146021,2.001604174,2.00143256438,2.001360631,,
1,cpu,gzip-9,1199999,1785000.0,1798000.0,1798000.0,1961000.0,1796974.0,1773000.0,4.100428044675,4.1006565875,4.101149269675,5.001594805,4.145866993485,4.1003174771,0.2053499599532903,
2,cpu,gzip-9,1199999,1935000.0,1948000.0,1948000.0,2123000.0,1945838.0,1923000.0,4.101671368850001,5.004663842,5.0247085705,5.195642978,4.73699995302,4.100016089,0.2346295122781329,
3,cpu,gzip-9,1199999,2098000.0,2110000.0,2111000.0,2261000.0,2110060.0,2048000.0,5.042504183,5.052454788,5.063244055,5.090033842,5.0538721932,5.033785372,0.2503245893111217,
4,cpu,gzip-9,1199999,2261000.0,2273000.0,2273000.0,2298000.0,2268757.3011077545,2236000.0,5.169100550725,5.186014709649999,5.26672877425,5.579744003,5.2364214999297305,5.1110652733,0.2593664840186362,
