frequency,power,task,island,voltage,time,howmany,time_rel
700000,27034.129385964912,cachekiller,little,991600.8771929824,,0,
700000,53383.30263157895,cachekiller,little,991696.8201754388,3.61,1,0.5763704097924428
700000,76981.85087719298,cachekiller,little,991236.2938596492,3.8425000000000007,2,0.613491218733369
700000,98880.5899122807,cachekiller,little,990112.3903508772,4.240555555555556,3,0.6770445272307967
700000,120242.60745614037,cachekiller,little,990235.745614035,4.74,4,0.7567855242150081
