frequency,power,task,island,voltage,time,howmany,time_rel
700000,27034.129385964912,cacherate-40,little,991600.8771929824,,0,
700000,59541.93201754386,cacherate-40,little,991282.894736842,4.3500000000000005,1,0.5382553103732729
700000,88244.375,cacherate-40,little,991033.4429824562,4.711666666666667,2,0.5830068055269128
700000,116664.60307017544,cacherate-40,little,990013.7061403508,5.222222222222221,3,0.6461813432322815
700000,144330.29605263157,cacherate-40,little,990010.9649122808,5.600416666666668,4,0.6929779335945557
