frequency,power,task,island,voltage,time,howmany,time_rel
700000,27034.129385964912,gzip-9,little,991600.8771929824,,0,
700000,89024.30263157895,gzip-9,little,991244.5175438595,9.808333333333332,1,0.2830007213272421
700000,138817.59649122806,gzip-9,little,990010.9649122808,10.285833333333333,2,0.2967780716518394
700000,172326.09649122806,gzip-9,little,988793.8596491228,11.283888888888889,3,0.3255750581069167
700000,197896.6798245614,gzip-9,little,988741.7763157894,12.69,4,0.3661457081029093
