frequency,power,task,island,voltage,time,howmany,time_rel
700000,27034.129385964912,gzip-1,little,991600.8771929824,,0,
700000,85767.70833333333,gzip-1,little,991134.8684210526,8.863333333333333,1,0.2793067226890756
700000,135516.20175438595,gzip-1,little,990002.7412280702,9.350833333333334,2,0.2946691176470589
700000,159355.08333333334,gzip-1,little,989139.254385965,10.341666666666663,3,0.325892857142857
700000,186227.8508771929,gzip-1,little,988933.6622807018,11.763333333333335,4,0.3706932773109244
