frequency,power,task,island,voltage,time,howmany,time_rel
700000,27034.129385964912,gzip-5,little,991600.8771929824,,0,
700000,88188.25438596492,gzip-5,little,991255.4824561405,9.766666666666667,1,0.2816359878886913
700000,138027.37719298244,gzip-5,little,990010.9649122808,10.365,2,0.2988897967030326
700000,172397.9254385965,gzip-5,little,988766.447368421,11.281666666666665,3,0.3253232085355889
700000,197933.7675438597,gzip-5,little,988750.0,12.71375,4,0.3666194069303599
