frequency,power,task,island,voltage,time,howmany,time_rel
700000,27034.129385964912,encrypt,little,991600.8771929824,,0,
700000,84778.39035087719,encrypt,little,991252.7412280702,10.013333333333332,1,0.2815238273745372
700000,143767.52631578947,encrypt,little,990008.2236842106,10.021666666666665,2,0.2817581181762803
700000,200687.75877192983,encrypt,little,988670.504385965,10.03111111111111,3,0.2820236477515892
700000,257497.30701754385,encrypt,little,987516.447368421,10.047083333333331,4,0.2824727051215968
