howmany,island,task,frequency,power_25%,power_50%,power_75%,power_max,power_mean,power_min,time_25%,time_50%,time_75%,time_max,time_mean,time_min,time_rel,voltage_25%,voltage_50%,voltage_75%,voltage_max,voltage_mean,voltage_min,time
0,little,decrypt,700000,26757.0,26757.0,26784.0,32703.0,27034.129385964912,26757.0,2.0,2.0,2.0,2.0,2.0,2.0,,991250.0,991250.0,992500.0,992500.0,991600.8771929824,991250.0,
1,little,decrypt,700000,85226.0,85226.0,86217.0,87208.0,85081.03947368421,32703.0,10.09,10.09,10.0975,10.12,10.09666666666667,10.09,0.281780547932462,991250.0,991250.0,991250.0,992500.0,991197.9166666666,990000.0,
2,little,decrypt,700000,144540.0,144540.0,145530.0,150480.0,143963.0745614035,83244.0,10.0775,10.085,10.105,10.14,10.093333333333334,10.07,0.2816875203497836,990000.0,990000.0,990000.0,991250.0,990008.2236842106,990000.0,
3,little,decrypt,700000,202540.0,202540.0,202540.0,203528.0,201221.2850877193,36667.0,10.09,10.1,10.1175,10.2,10.112777777777778,10.08,0.2822301812487402,988750.0,988750.0,988750.0,991250.0,988651.3157894736,987500.0,
4,little,decrypt,700000,258594.0,258594.0,259581.0,260568.0,257913.76096491228,175864.0,10.11,10.12,10.14,10.21,10.13125,10.08,0.2827457091027489,987500.0,987500.0,987500.0,988750.0,987458.8815789474,986250.0,
