howmany,island,task,frequency,power_25%,power_50%,power_75%,power_max,power_mean,power_min,time_25%,time_50%,time_75%,time_max,time_mean,time_min,time_rel,voltage_25%,voltage_50%,voltage_75%,voltage_max,voltage_mean,voltage_min,time
0,little,cachekiller,700000,26757.0,26757.0,26784.0,32703.0,27034.129385964912,26757.0,2.0,2.0,2.0,2.0,2.0,2.0,,991250.0,991250.0,992500.0,992500.0,991600.8771929824,991250.0,
1,little,cachekiller,700000,52576.0,53514.0,53568.0,57478.0,53383.30263157895,27776.0,3.5325,3.565,3.725,3.78,3.61,3.45,0.5763704097924428,991250.0,991250.0,992500.0,992500.0,991696.8201754388,991250.0,
2,little,cachekiller,700000,77298.0,77298.0,77298.0,83244.0,76981.85087719298,31744.0,3.845,3.87,3.9,3.91,3.8425000000000007,3.66,0.613491218733369,991250.0,991250.0,991250.0,992500.0,991236.2938596492,990000.0,
3,little,cachekiller,700000,99000.0,99000.0,99000.0,106920.0,98880.5899122807,27748.0,4.23,4.235,4.255,4.28,4.240555555555556,4.22,0.6770445272307967,990000.0,990000.0,990000.0,991250.0,990112.3903508772,990000.0,
4,little,cachekiller,700000,119790.0,119911.0,120780.0,129690.0,120242.60745614037,70361.0,4.75,4.77,4.79,4.82,4.74,4.53,0.7567855242150081,990000.0,990000.0,990000.0,991250.0,990235.745614035,990000.0,
