howmany,island,task,frequency,power_25%,power_50%,power_75%,power_max,power_mean,power_min,time_25%,time_50%,time_75%,time_max,time_mean,time_min,time_rel,time
0,cpu,encrypt,700000,2893000.0,2897000.0,2900000.0,3042000.0,2899018.796992481,2889000.0,2.0,2.0,2.0,2.0,2.0,2.0,,
1,cpu,encrypt,700000,3118000.0,3118000.0,3122000.0,3267000.0,3120981.9095477387,2927000.0,6.23,6.24,6.24,6.26,6.24,6.23,0.8559670781893005,
2,cpu,encrypt,700000,3355000.0,3358000.0,3366000.0,3473000.0,3359705.527638191,2904000.0,6.23,6.25,6.26,6.28,6.25,6.23,0.8573388203017833,
3,cpu,encrypt,700000,3595000.0,3595000.0,3599000.0,3755000.0,3597235.175879397,3003000.0,6.235,6.24,6.25,6.27,6.243333333333333,6.22,0.8564243255601282,
4,cpu,encrypt,700000,3855000.0,3855000.0,3858000.0,3885000.0,3857836.734693877,3847000.0,6.23,6.25,6.262499999999999,6.28,6.2508333333333335,6.23,0.8574531321444903,
