howmany,island,task,frequency,power_25%,power_50%,power_75%,power_max,power_mean,power_min,time_25%,time_50%,time_75%,time_max,time_mean,time_min,time_rel,time
0,cpu,idle,700000,2893000.0,2897000.0,2900000.0,3042000.0,2899018.796992481,2889000.0,2.0,2.0,2.0,2.0,2.0,2.0,,
1,cpu,idle,700000,2893000.0,2897000.0,2900000.0,3042000.0,2899018.796992481,2889000.0,2.0,2.0,2.0,2.0,2.0,2.0,1.0,
2,cpu,idle,700000,2893000.0,2897000.0,2904000.0,3064000.0,2901336.25,2885000.0,2.0,2.0,2.0,2.0,2.0,2.0,1.0,
3,cpu,idle,700000,2893000.0,2893000.0,2897000.0,3099000.0,2898297.5,2889000.0,2.0,2.0,2.0,2.0,2.0,2.0,1.0,
4,cpu,idle,700000,2897000.0,2897000.0,2900000.0,3099000.0,2902118.75,2889000.0,2.0,2.0,2.0,2.0,2.0,2.0,1.0,
