howmany,island,task,frequency,power_25%,power_50%,power_75%,power_max,power_mean,power_min,time_25%,time_50%,time_75%,time_max,time_mean,time_min,time_rel,time
0,cpu,decrypt,700000,2893000.0,2897000.0,2900000.0,3042000.0,2899018.796992481,2889000.0,2.0,2.0,2.0,2.0,2.0,2.0,,
1,cpu,decrypt,700000,3118000.0,3122000.0,3122000.0,3236000.0,3121603.0150753767,3011000.0,6.25,6.25,6.25,6.27,6.252000000000001,6.24,0.8573779484366431,
2,cpu,decrypt,700000,3358000.0,3358000.0,3362000.0,3503000.0,3360407.0351758795,2946000.0,6.2425,6.255,6.2675,6.27,6.254999999999999,6.24,0.8577893582007678,
3,cpu,decrypt,700000,3603000.0,3603000.0,3610000.0,3740000.0,3603271.35678392,2919000.0,6.25,6.25,6.26,6.28,6.255333333333334,6.24,0.857835070396782,
4,cpu,decrypt,700000,3862000.0,3866000.0,3870000.0,3923000.0,3866103.31632653,3855000.0,6.25,6.25,6.26,6.28,6.25375,6.23,0.8576179374657159,
