howmany,island,task,frequency,power_25%,power_50%,power_75%,power_max,power_mean,power_min,time_25%,time_50%,time_75%,time_max,time_mean,time_min,time_rel,time
0,cpu,idle,600000,2851000.0,2855000.0,2858000.0,3003000.0,2855955.0,2843000.0,2.0,2.0,2.0,2.0,2.0,2.0,,
1,cpu,idle,600000,2851000.0,2855000.0,2858000.0,3003000.0,2855955.0,2843000.0,2.0,2.0,2.0,2.0,2.0,2.0,1.0,
2,cpu,idle,600000,2851000.0,2855000.0,2855000.0,3015000.0,2855889.585947302,2847000.0,2.0,2.0,2.0,2.0,2.0,2.0,1.0,
3,cpu,idle,600000,2851000.0,2851000.0,2855000.0,3042000.0,2855185.696361355,2843000.0,2.0,2.0,2.0,2.01,2.0016666666666665,2.0,1.0008333333333332,
4,cpu,idle,600000,2851000.0,2855000.0,2855000.0,3057000.0,2857842.9648241205,2843000.0,2.0,2.0,2.0,2.0,2.0,2.0,1.0,
