howmany,island,task,frequency,power_25%,power_50%,power_75%,power_max,power_mean,power_min,time_25%,time_50%,time_75%,time_max,time_mean,time_min,time_rel,voltage_25%,voltage_50%,voltage_75%,voltage_max,voltage_mean,voltage_min,time
0,little,cachekiller,1200000,64680.0,64680.0,65856.0,74088.0,65394.866228070176,64680.0,2.0,2.0,2.0,2.0,2.0,2.0,,1176250.0,1176250.0,1176250.0,1177500.0,1176551.535087719,1176250.0,
1,little,cachekiller,1200000,119952.0,119952.0,119952.0,125832.0,119637.76315789472,64735.0,2.9475,3.1,3.2225,3.23,3.0849999999999995,2.92,0.4925492283129323,1176250.0,1176250.0,1176250.0,1177500.0,1176258.2236842106,1176250.0,
2,little,cachekiller,1200000,163325.0,163325.0,164500.0,175075.0,163604.18201754385,78792.0,3.3675,3.38,3.39,3.41,3.375833333333334,3.33,0.5389835018626931,1175000.0,1175000.0,1175000.0,1176250.0,1175057.5657894737,1175000.0,
3,little,cachekiller,1200000,203808.0,205497.0,207414.5,221130.0,205216.9057017544,68266.0,3.555,3.76,3.7775,3.82,3.689444444444444,3.5,0.5890544615930459,1158750.0,1161250.0,1166250.0,1177500.0,1162637.0614035088,1157500.0,
4,little,cachekiller,1200000,240656.0,241813.0,241813.0,258011.0,241450.7543859649,124338.0,4.13,4.15,4.172499999999999,4.2,4.120416666666666,3.9,0.6578632251197446,1157500.0,1157500.0,1157500.0,1173750.0,1157626.096491228,1157500.0,
