frequency,power,task,island,voltage,time,howmany,time_rel
1200000,65394.866228070176,cacherate-0,little,1176551.535087719,,0,
1200000,198250.21710526315,cacherate-0,little,1175008.2236842106,4.06,1,0.163489932885906
1200000,312714.2390350877,cacherate-0,little,1156513.1578947369,4.064166666666667,2,0.1636577181208054
1200000,439538.6381578947,cacherate-0,little,1155112.3903508773,4.071111111111112,3,0.1639373601789709
1200000,561776.6447368421,cacherate-0,little,1153821.2719298245,4.074166666666667,4,0.1640604026845638
