frequency,power,task,island,voltage,time,howmany,time_rel
1200000,65394.866228070176,cacherate-20,little,1176551.535087719,,0,
1200000,148573.5197368421,cacherate-20,little,1176228.070175439,4.54,1,0.2532069157836029
1200000,211073.52631578947,cacherate-20,little,1174503.8377192982,4.916666666666667,2,0.274214538018219
1200000,277849.7061403509,cacherate-20,little,1159364.035087719,5.368333333333333,3,0.2994050938836214
1200000,337320.8179824561,cacherate-20,little,1156233.5526315789,5.736249999999999,4,0.3199247071946457
