frequency,power,task,island,voltage,time,howmany,time_rel
1200000,65394.866228070176,encrypt,little,1176551.535087719,,0,
1200000,207417.1096491228,encrypt,little,1175019.1885964912,5.891666666666667,1,0.1656435968323883
1200000,337889.4451754386,encrypt,little,1156581.6885964912,5.859999999999999,2,0.1647532917857644
1200000,473439.5043859649,encrypt,little,1155109.649122807,5.8677777777777775,3,0.1649719632007247
1200000,606513.0855263158,encrypt,little,1153760.964912281,5.885416666666667,4,0.165467878731081
