howmany,island,task,frequency,power_25%,power_50%,power_75%,power_max,power_mean,power_min,time_25%,time_50%,time_75%,time_max,time_mean,time_min,time_rel,voltage_25%,voltage_50%,voltage_75%,voltage_max,voltage_mean,voltage_min,time
0,big,cacherate-80,500000,47580.0,48495.0,49423.5,98820.0,49942.20394736842,45750.0,2.0,2.0,2.0,2.0,2.0,2.0,,915000.0,915000.0,915000.0,916250.0,915057.5657894736,915000.0,
1,big,cacherate-80,500000,238944.0,239856.0,240119.0,355680.0,238534.13596491228,124440.0,2.27,2.275,2.28,2.28,2.273333333333333,2.26,0.372169167803547,913750.0,913750.0,913750.0,915000.0,913525.2192982456,912500.0,
2,big,cacherate-80,500000,349296.0,350208.0,351120.0,375243.0,349243.73245614034,200860.0,3.1475,3.15,3.16,3.17,3.151666666666668,3.14,0.5159618008185541,912500.0,912500.0,912500.0,913750.0,912546.600877193,911250.0,
3,big,cacherate-80,500000,423615.0,424526.0,425437.0,438191.0,424502.94736842107,261744.0,4.342499999999999,4.52,4.58,4.65,4.48,4.28,0.733424283765348,911250.0,911250.0,911250.0,912500.0,911285.6359649122,911250.0,
4,big,cacherate-80,500000,485563.0,486474.0,486607.5,494673.0,485885.4561403509,320112.0,5.907500000000001,5.9350000000000005,5.97,6.0,5.935,5.82,0.9716234652114596,911250.0,911250.0,911250.0,912500.0,911291.1184210526,910000.0,
