howmany,island,task,frequency,power_25%,power_50%,power_75%,power_max,power_mean,power_min,time_25%,time_50%,time_75%,time_max,time_mean,time_min,time_rel,time
0,cpu,cachekiller,1199999,1623000.0,1635000.0,1648000.0,1798000.0,1636175.0,1610000.0,2.00140256475,2.001425887,2.00146021,2.001604174,2.00143256438,2.001360631,,
1,cpu,cachekiller,1199999,1948000.0,1960000.0,1973000.0,2036000.0,1950740.0,1760000.0,2.012198033,2.014711334,2.017128185,2.020039446,2.0145358382888885,2.009283742,0.8645562876886047,
2,cpu,cachekiller,1199999,2198000.0,2198000.0,2211000.0,2260000.0,2192740.0,1923000.0,2.16121388215,2.3812772105,2.4002598375,2.430827322,2.30196374309375,2.158249666,0.9879085744204577,
3,cpu,cachekiller,1199999,2335000.0,2348000.0,2361000.0,2423000.0,2348953.0,1998000.0,3.0009990715,3.052482671,3.099979728,3.1910023138,2.8524369326677776,2.1000366285,1.2241491258193649,
4,cpu,cachekiller,1199999,2398000.0,2410000.0,2423000.0,2498000.0,2406845.0560652395,2260000.0,3.10258246645,4.005623716,4.169506211,4.323021314,3.735291352797,3.1001344235,1.6030340905488636,
