power,island,task,time,howmany,frequency,time_rel
1743032.0,cpu,decrypt,15.995536695565,4,299999,0.99193979312336
1797464.0,cpu,decrypt,11.98693533917,4,399999,0.7433522479940389
1897750.0,cpu,decrypt,7.7623810499824994,4,599999,0.4813726978600986
2204786.0,cpu,decrypt,3.5042383673515785,4,1199999,0.2173102126751043
