power,island,task,time,howmany,frequency,time_rel
1759307.0,cpu,gzip-5,20.764997364645,4,299999,1.0287554237076495
1818440.3669724767,cpu,gzip-5,15.464045127034998,4,399999,0.7661315827558777
1938563.38028169,cpu,gzip-5,10.20372986712564,4,599999,0.5055210101170508
2267812.060301508,cpu,gzip-5,5.222035935732394,4,1199999,0.2587141090047903
