power,island,task,time,howmany,frequency,time_rel
2077301.4256619145,cpu,cachekiller,4.3909754843927935,4,299999,1.8844268699348483
2163219.2893401016,cpu,cachekiller,4.255209383244737,4,399999,1.826161618867279
2232174.0442655934,cpu,cachekiller,4.154592317193578,4,599999,1.7829808943301586
2406845.0560652395,cpu,cachekiller,3.735291352797,4,1199999,1.6030340905488636
