howmany,island,task,frequency,power_25%,power_50%,power_75%,power_max,power_mean,power_min,time_25%,time_50%,time_75%,time_max,time_mean,time_min,time_rel
4,cpu,cacherate-40,299999,2136000.0,2148000.0,2148000.0,2173000.0,2122233.977619532,1835000.0,5.128091942499999,5.1414546797,5.6919280315,6.42812207,5.428425104881053,5.1107302818,1.2811295967217875
4,cpu,cacherate-40,399999,2211000.0,2235000.0,2248000.0,2273000.0,2212767.9837892605,1885000.0,4.1123888625500005,4.11804493185,4.882152923,5.433933344,4.44074200524625,4.100996292,1.0480325148469174
4,cpu,cacherate-40,599999,2285000.0,2298000.0,2311000.0,2373000.0,2291207.07070707,1998000.0,4.13381194175,4.1397607247,4.63404187325,5.1898706073,4.43040592554875,4.121854048,1.0455931595350727
4,cpu,cacherate-40,1199999,2448000.0,2461000.0,2473000.0,2548000.0,2461192.660550459,2285000.0,4.13754394765,4.1428554934,4.556791307,4.902161371,4.297402369074699,4.106692219,1.0142037990159505
