howmany,island,task,frequency,power_25%,power_50%,power_75%,power_max,power_mean,power_min,time_25%,time_50%,time_75%,time_max,time_mean,time_min,time_rel
4,cpu,gzip-9,299999,1748000.0,1761000.0,1761000.0,1785000.0,1759887.0,1748000.0,20.157437262125,20.5022562935,21.128657791,22.34309587,20.832298666635,20.1328722674,1.0318497201311527
4,cpu,gzip-9,399999,1810000.0,1823000.0,1823000.0,1836000.0,1819304.7910295613,1810000.0,15.229648669825,15.3134534325,15.595755860075,16.341060143,15.519008969980002,15.1570377185,0.7686758585135678
4,cpu,gzip-9,599999,1936000.0,1936000.0,1948000.0,1960000.0,1938516.6498486376,1923000.0,10.2202451205,10.2834223905,10.4004770365,10.780800797,10.3370219133025,10.1035023901,0.5120055803209966
4,cpu,gzip-9,1199999,2261000.0,2273000.0,2273000.0,2298000.0,2268757.3011077545,2236000.0,5.169100550725,5.186014709649999,5.26672877425,5.579744003,5.2364214999297305,5.1110652733,0.2593664840186362
