howmany,island,task,frequency,power_25%,power_50%,power_75%,power_max,power_mean,power_min,time_25%,time_50%,time_75%,time_max,time_mean,time_min,time_rel
4,cpu,encrypt,299999,1735000.0,1748000.0,1748000.0,1773000.0,1741377.0,1635000.0,15.10663641205,15.59153119055,16.437243519225,17.331275623,15.890653910389997,15.1013676221,0.9897324801758544
4,cpu,encrypt,399999,1798000.0,1798000.0,1798000.0,1823000.0,1797375.0,1648000.0,11.10292640755,12.0292926385,12.126084960975,12.740489504,11.712854377724998,11.1004022905,0.7295226790902946
4,cpu,encrypt,599999,1898000.0,1898000.0,1898000.0,1961000.0,1896860.0,1660000.0,7.117400358275001,8.042427317,8.1174989555,8.38834233,7.7508579697275,7.111566476,0.4827539461326619
4,cpu,encrypt,1199999,2210000.0,2210000.0,2210000.0,2236000.0,2204811.0,1623000.0,3.1087101984,3.1091589012,4.0172186195,4.227229783,3.4884749083663165,3.1064155441,0.2172759499111068
