power,island,task,time,howmany,frequency,time_rel
2007503.0425963488,cpu,cacherate-20,9.3131206271175,4,299999,1.1494670558997055
2143268.537074148,cpu,cacherate-20,6.650626321236666,4,399999,0.8208500848900847
2347215.3061224488,cpu,cacherate-20,5.289489834001449,4,599999,0.6528525238895048
2557767.5840978594,cpu,cacherate-20,5.012968813640001,4,1199999,0.6187230611781821
