power,island,task,time,howmany,frequency,time_rel
1741377.0,cpu,encrypt,15.890653910389997,4,299999,0.9897324801758544
1797375.0,cpu,encrypt,11.712854377724998,4,399999,0.7295226790902946
1896860.0,cpu,encrypt,7.7508579697275,4,599999,0.4827539461326619
2204811.0,cpu,encrypt,3.4884749083663165,4,1199999,0.2172759499111068
