power,island,task,time,howmany,frequency,time_rel
2122233.977619532,cpu,cacherate-40,5.428425104881053,4,299999,1.2811295967217875
2212767.9837892605,cpu,cacherate-40,4.44074200524625,4,399999,1.0480325148469174
2291207.07070707,cpu,cacherate-40,4.43040592554875,4,599999,1.0455931595350727
2461192.660550459,cpu,cacherate-40,4.297402369074699,4,1199999,1.0142037990159505
