power,island,task,time,howmany,frequency,time_rel
1601817.0,cpu,idle,2.006373529249,4,299999,1.0009283604459969
1603172.0,cpu,idle,2.003420447535,4,399999,0.9994551436221268
1608720.0,cpu,idle,2.002330497605,4,599999,0.9989113955211382
1622586.0,cpu,idle,2.0023419231435,4,1199999,0.9989170954296304
