howmany,island,task,frequency,power_25%,power_50%,power_75%,power_max,power_mean,power_min,time_25%,time_50%,time_75%,time_max,time_mean,time_min,time_rel
4,cpu,cacherate-100,299999,2098000.0,2098000.0,2098000.0,2136000.0,2080861.788617886,1860000.0,4.144211836675,4.1660744359,4.39902978825,4.907940908,4.288860049051724,4.1078387506,1.856557734164329
4,cpu,cacherate-100,399999,2161000.0,2173000.0,2198000.0,2223000.0,2161765.720081136,1911000.0,3.1062100706,3.1137162336,3.11669885565,4.305336887,3.348037757637815,3.100449518,1.4492954589625775
4,cpu,cacherate-100,599999,2223000.0,2235000.0,2248000.0,2323000.0,2231055.387713998,2023000.0,3.12504929825,3.1289069234,3.7422674395,4.1927121679,3.3953197238835937,3.1000676499,1.4697628323709282
4,cpu,cacherate-100,1199999,2398000.0,2410000.0,2423000.0,2473000.0,2406672.448979592,2273000.0,3.1341277591,3.1359905832,3.617205011,3.904600687,3.296852068048696,3.1080594564,1.4271382454376869
