howmany,island,task,frequency,power_25%,power_50%,power_75%,power_max,power_mean,power_min,time_25%,time_50%,time_75%,time_max,time_mean,time_min,time_rel
4,cpu,cacherate-60,299999,2111000.0,2111000.0,2111000.0,2148000.0,2091955.2390640893,1835000.0,4.110164790275,4.8859987005,5.0770456565,5.582066045,4.636507433195369,4.10055563,1.5224203937988523
4,cpu,cacherate-60,399999,2186000.0,2198000.0,2210000.0,2261000.0,2184362.436548224,1898000.0,4.16652918435,4.287294339,4.32288540025,4.838310861,4.284066884781481,4.1167026123,1.4066947778610022
4,cpu,cacherate-60,599999,2248000.0,2260000.0,2273000.0,2335000.0,2250806.193806194,1660000.0,4.13018408675,4.1654484308,4.20804730375,4.569323774,4.196785945564814,4.084260128,1.3780356451478697
4,cpu,cacherate-60,1199999,2423000.0,2423000.0,2436000.0,2498000.0,2427670.744138634,2248000.0,4.0583933335,4.073548923000001,4.165035384825,4.373046643,4.109568929931,3.1005317923,1.3493975020627236
