power,island,task,time,howmany,frequency,time_rel
1745209.62888666,cpu,hash,11.417111777920589,4,299999,1.0129588204675597
1806720.4968944096,cpu,hash,8.396055804107501,4,399999,0.7449220914483804
1907773.641851107,cpu,hash,5.3518519468850005,4,599999,0.4748316159886991
2192679.67967968,cpu,hash,2.203741974257143,4,1199999,0.1955222927023788
