power,island,task,time,howmany,frequency,time_rel
2084846.6195761857,cpu,cacherate-80,4.429809026559223,4,299999,1.9051797172384504
2170061.92893401,cpu,cacherate-80,4.017075697766667,4,399999,1.7276706729592537
2238289.579158317,cpu,cacherate-80,3.352766260441739,4,599999,1.4419633527625193
2415250.0,cpu,cacherate-80,3.427095813710577,4,1199999,1.4739311320573254
