power,island,task,time,howmany,frequency,time_rel
2091955.2390640893,cpu,cacherate-60,4.636507433195369,4,299999,1.5224203937988523
2184362.436548224,cpu,cacherate-60,4.284066884781481,4,399999,1.4066947778610022
2250806.193806194,cpu,cacherate-60,4.196785945564814,4,599999,1.3780356451478697
2427670.744138634,cpu,cacherate-60,4.109568929931,4,1199999,1.3493975020627236
