power,island,task,time,howmany,frequency,time_rel
2080861.788617886,cpu,cacherate-100,4.288860049051724,4,299999,1.856557734164329
2161765.720081136,cpu,cacherate-100,3.348037757637815,4,399999,1.4492954589625775
2231055.387713998,cpu,cacherate-100,3.3953197238835937,4,599999,1.4697628323709282
2406672.448979592,cpu,cacherate-100,3.296852068048696,4,1199999,1.4271382454376869
