power,island,task,time,howmany,frequency,time_rel
1759887.0,cpu,gzip-9,20.832298666635,4,299999,1.0318497201311527
1819304.7910295613,cpu,gzip-9,15.519008969980002,4,399999,0.7686758585135678
1938516.6498486376,cpu,gzip-9,10.3370219133025,4,599999,0.5120055803209966
2268757.3011077545,cpu,gzip-9,5.2364214999297305,4,1199999,0.2593664840186362
