power,island,task,time,howmany,frequency,time_rel
1742602.0304568529,cpu,cacherate-0,11.562582455896427,4,299999,1.026254779740994
1799684.2105263155,cpu,cacherate-0,8.510445786295,4,399999,0.7553576979213613
1900213.2796780684,cpu,cacherate-0,5.402073308566668,4,599999,0.4794693205063919
2216719.71971972,cpu,cacherate-0,2.3404791667669067,4,1199999,0.2077328262038793
