power,island,task,time,howmany,frequency,time_rel
1762229.4589178355,cpu,gzip-1,20.133714571825003,4,299999,1.0536752046271212
1820865.4434250763,cpu,gzip-1,14.780587320085,4,399999,0.7735253379817785
1940095.573440644,cpu,gzip-1,9.520797470587178,4,599999,0.4982601788282427
2269596.5965965968,cpu,gzip-1,4.601210796125,4,1199999,0.2407991684715767
