howmany,island,task,frequency,power_25%,power_50%,power_75%,power_max,power_mean,power_min,time_25%,time_50%,time_75%,time_max,time_mean,time_min,time_rel,voltage_25%,voltage_50%,voltage_75%,voltage_max,voltage_mean,voltage_min,time
0,little,gzip-1,700000,26757.0,26757.0,26784.0,32703.0,27034.129385964912,26757.0,2.0,2.0,2.0,2.0,2.0,2.0,,991250.0,991250.0,992500.0,992500.0,991600.8771929824,991250.0,
1,little,gzip-1,700000,87120.0,87208.0,88199.0,89190.0,85767.70833333333,32703.0,8.835,8.855,8.8675,8.94,8.863333333333333,8.83,0.2793067226890756,991250.0,991250.0,991250.0,991250.0,991134.8684210526,990000.0,
2,little,gzip-1,700000,133650.0,136620.0,139590.0,141570.0,135516.20175438595,39640.0,9.29,9.33,9.3675,9.53,9.350833333333334,9.26,0.2946691176470589,990000.0,990000.0,990000.0,991250.0,990002.7412280702,988750.0,
3,little,gzip-1,700000,148500.0,165657.0,168948.0,171270.0,159355.08333333334,43604.0,10.2825,10.325,10.38,10.47,10.341666666666663,10.27,0.325892857142857,988750.0,988750.0,990000.0,991250.0,989139.254385965,988750.0,
4,little,gzip-1,700000,190684.0,191672.0,193648.0,200564.0,186227.8508771929,110880.0,11.66,11.78,11.82,11.96,11.763333333333335,11.62,0.3706932773109244,988750.0,988750.0,988750.0,990000.0,988933.6622807018,988750.0,
