howmany,island,task,frequency,power_25%,power_50%,power_75%,power_max,power_mean,power_min,time_25%,time_50%,time_75%,time_max,time_mean,time_min,time_rel,voltage_25%,voltage_50%,voltage_75%,voltage_max,voltage_mean,voltage_min,time
0,big,encrypt,1800000,275691.5,278990.0,281416.0,446016.0,282202.83771929826,270499.0,2.0,2.0,2.0,2.0,2.0,2.0,,1213750.0,1213750.0,1213750.0,1215000.0,1213717.105263158,1207500.0,
1,big,encrypt,1800000,1467366.25,1473715.0,1480945.0,1947690.0,1470503.6184210526,454662.0,2.39,2.39,2.39,2.42,2.3960000000000004,2.39,0.0673632913171829,1205000.0,1205000.0,1205000.0,1206250.0,1204936.951754386,1203750.0,
2,big,encrypt,1800000,2671680.0,2687001.0,2704924.0,2789272.0,2681411.557017544,1425515.0,2.41,2.41,2.4175,2.44,2.416,2.4,0.0679255892413663,1208750.0,1210000.0,1210000.0,1210000.0,1209509.320175439,1205000.0,
3,big,encrypt,1800000,3922020.0,3947943.5,3969024.0,4037120.0,3934658.789473684,3062619.0,2.39,2.4,2.405,2.43,2.401333333333333,2.39,0.0675132374302984,1215000.0,1216250.0,1216250.0,1216250.0,1215762.0614035088,1211250.0,
4,big,encrypt,1800000,5174020.0,5220996.0,5249820.0,5302803.0,5198692.817982456,4181612.0,2.4,2.4,2.41,2.42,2.403,2.39,0.0675600955906471,1220000.0,1221250.0,1221250.0,1221250.0,1220715.4605263155,1217500.0,
