howmany,island,task,frequency,power_25%,power_50%,power_75%,power_max,power_mean,power_min,time_25%,time_50%,time_75%,time_max,time_mean,time_min,time_rel,voltage_25%,voltage_50%,voltage_75%,voltage_max,voltage_mean,voltage_min,time
0,big,hash,800000,68598.0,69525.0,70452.0,103824.0,70789.28289473684,66744.0,2.0,2.0,2.0,2.0,2.0,2.0,,927500.0,927500.0,927500.0,927500.0,927464.3640350878,926250.0,
1,big,hash,800000,431436.0,433810.0,436106.0,558150.0,432712.9057017544,208598.0,5.29,5.29,5.297499999999999,5.33,5.298333333333333,5.29,0.1408007795198866,921250.0,922500.0,922500.0,925000.0,921502.1929824562,912500.0,
2,big,hash,800000,714879.0,716705.0,717618.0,762355.0,712968.9166666666,161124.0,5.387499999999999,5.4,5.41,5.42,5.39,5.31,0.1432367791655593,913750.0,913750.0,915000.0,926250.0,914270.8333333334,913750.0,
3,big,hash,800000,1002656.0,1005768.0,1008516.0,1021340.0,1003707.826754386,647190.0,5.31,5.32,5.33,5.38,5.326666666666666,5.3,0.1415537248649127,915000.0,916250.0,916250.0,918750.0,915688.048245614,915000.0,
4,big,hash,800000,1281966.0,1286064.0,1289302.0,1300306.0,1280475.8618421052,522560.0,5.3675,5.385,5.41,5.46,5.388750000000001,5.33,0.1432035609885729,916250.0,917500.0,917500.0,920000.0,916968.201754386,916250.0,
