frequency,power,task,island,voltage,time,howmany,time_rel
700000,62486.72149122807,cacherate-40,big,914802.6315789474,,0,
700000,346675.9495614035,cacherate-40,big,912519.1885964912,2.216666666666667,1,0.2742833573932769
700000,485571.9298245614,cacherate-40,big,910367.3245614036,3.523333333333333,2,0.4359661785935244
700000,580617.951754386,cacherate-40,big,907612.3903508772,4.944444444444445,3,0.6118099951880113
700000,654891.1513157894,cacherate-40,big,901277.4122807018,6.342916666666667,4,0.7848525469168901
