frequency,power,task,island,voltage,time,howmany,time_rel
700000,62486.72149122807,gzip-9,big,914802.6315789474,,0,
700000,390999.9188596491,gzip-9,big,911526.8640350878,6.301666666666667,1,0.1818225534984371
700000,641711.2280701754,gzip-9,big,901326.754385965,6.335,2,0.1827843231546045
700000,896696.2653508772,gzip-9,big,902442.4342105264,6.382777777777778,3,0.1841628596617777
700000,1146723.495614035,gzip-9,big,903708.8815789474,6.447083333333334,4,0.1860182736234672
