frequency,power,task,island,voltage,time,howmany,time_rel
700000,62486.72149122807,decrypt,big,914802.6315789474,,0,
700000,323041.65789473685,decrypt,big,911825.6578947369,6.0183333333333335,1,0.1679613005256058
700000,569009.8596491228,decrypt,big,901217.105263158,6.026666666666667,2,0.1681938694823015
700000,823023.3969298246,decrypt,big,902160.0877192982,6.029999999999999,3,0.1682868970649797
700000,1076267.7061403508,decrypt,big,903700.6578947369,6.047083333333333,4,0.1687636634262058
