frequency,power,task,island,voltage,time,howmany,time_rel
700000,62486.72149122807,cacherate-60,big,914802.6315789474,,0,
700000,312246.76754385966,cacherate-60,big,912642.5438596492,2.0816666666666666,1,0.315882650480526
700000,456520.3837719298,cacherate-60,big,911049.8903508772,3.0850000000000004,2,0.4681335356600911
700000,554836.677631579,cacherate-60,big,908360.745614035,4.303888888888888,3,0.6530939133367054
700000,631718.9802631579,cacherate-60,big,902017.5438596492,5.5775,4,0.8463581183611533
