frequency,power,task,island,voltage,time,howmany,time_rel
700000,62486.72149122807,cachekiller,big,914802.6315789474,,0,
700000,292314.90789473685,cachekiller,big,912532.894736842,2.236666666666667,1,0.3571048430015967
700000,436233.7236842105,cachekiller,big,911822.9166666666,3.0491666666666664,2,0.4868281000532198
700000,534284.2565789474,cachekiller,big,907502.7412280702,4.198888888888889,3,0.6703920525102005
700000,617083.8201754387,cachekiller,big,902072.3684210526,5.482083333333333,4,0.8752660989888238
