howmany,island,task,frequency,power_25%,power_50%,power_75%,power_max,power_mean,power_min,time_25%,time_50%,time_75%,time_max,time_mean,time_min,time_rel,voltage_25%,voltage_50%,voltage_75%,voltage_max,voltage_mean,voltage_min,time
0,big,hash,700000,60258.0,60390.0,61305.0,205200.0,62486.72149122807,58432.0,2.0,2.0,2.0,2.0,2.0,2.0,,915000.0,915000.0,915000.0,915000.0,914802.6315789474,912500.0,
1,big,hash,700000,371688.0,373920.0,375332.0,431300.0,372861.8486842105,257184.0,6.05,6.05,6.05,6.09,6.056666666666668,6.05,0.1609531402249978,911250.0,911250.0,912500.0,915000.0,911746.1622807018,908750.0,
2,big,hash,700000,611779.0,613581.0,614482.0,675750.0,611575.2324561403,204512.0,6.12,6.145,6.15,6.18,6.135000000000001,6.06,0.1630348126494818,901250.0,901250.0,901250.0,913750.0,901329.495614035,900000.0,
3,big,hash,700000,854194.0,857351.0,858704.0,876744.0,855018.423245614,555084.0,6.06,6.07,6.08,6.22,6.082222222222222,6.05,0.1616322673989429,902500.0,902500.0,902500.0,907500.0,902510.9649122808,901250.0,
4,big,hash,700000,1094436.0,1097145.0,1099854.0,1108884.0,1094498.0504385964,618574.0,6.1,6.13,6.15,6.22,6.132916666666667,6.07,0.162979449021171,903750.0,903750.0,903750.0,907500.0,903467.653508772,902500.0,
