howmany,island,task,frequency,power_25%,power_50%,power_75%,power_max,power_mean,power_min,time_25%,time_50%,time_75%,time_max,time_mean,time_min,time_rel
2,cpu,cacherate-60,299999,1998000.0,2023000.0,2023000.0,2048000.0,1975180.0,1673000.0,3.1924225755,3.218948708,3.24082649375,3.266390429,3.21668149219,3.1722241545,1.0562134482960135
2,cpu,cacherate-60,399999,2048000.0,2061000.0,2073000.0,2085000.0,2023725.0,1685000.0,2.10235400875,2.10336305335,2.104797300225,2.967322177,2.1319930252866666,2.1008344342,0.7000505677818818
2,cpu,cacherate-60,599999,2098000.0,2098000.0,2110000.0,2211000.0,2081826.0,1736000.0,2.1221798542,2.1233728847,2.5890368802,2.801583367,2.288996777514286,2.1193641447,0.7516035346946381
2,cpu,cacherate-60,1199999,2198000.0,2211000.0,2211000.0,2261000.0,2199723.0,1885000.0,2.1453376989,2.1477898599,2.53702908025,2.570358153,2.326859653401428,2.1423250208,0.7640359992704003
