howmany,island,task,frequency,power_25%,power_50%,power_75%,power_max,power_mean,power_min,time_25%,time_50%,time_75%,time_max,time_mean,time_min,time_rel
2,cpu,cacherate-20,299999,1836000.0,1848000.0,1860000.0,1873000.0,1842708.291708292,1673000.0,8.77787257105,9.0575645715,9.1123904215,9.1919087391,8.838249702964998,8.1000319387,1.0908563597675651
2,cpu,cacherate-20,399999,1923000.0,1935000.0,1935000.0,1948000.0,1919892.0,1698000.0,6.114980466175,6.1195936692,6.28664488065,6.865824944,6.292112828855,6.1133296578,0.7766007440849906
2,cpu,cacherate-20,599999,2036000.0,2048000.0,2061000.0,2085000.0,2037692.0,1748000.0,4.128649736025,4.131903384099999,4.67566863,4.724723061,4.314325598355,4.1275600611,0.5324933867273197
2,cpu,cacherate-20,1199999,2285000.0,2310000.0,2314000.0,2336000.0,2291674.0,1898000.0,3.17536870355,3.2800249105,3.32137842975,3.371970487,3.2684590600466668,3.1627565766,0.4034078547357314
