howmany,island,task,frequency,power_25%,power_50%,power_75%,power_max,power_mean,power_min,time_25%,time_50%,time_75%,time_max,time_mean,time_min,time_rel
2,cpu,idle,299999,1610000.0,1610000.0,1623000.0,1661000.0,1612692.0,1585000.0,2.00434395125,2.004478907,2.00463529,2.005169941,2.0045279759800003,2.004212355,1.0000076611939752
2,cpu,idle,399999,1610000.0,1623000.0,1623000.0,1660000.0,1616637.0,1585000.0,2.00328327025,2.003445729,2.00351732625,2.1996483384,2.005381127784,2.003204625,1.0004332767754909
2,cpu,idle,599999,1610000.0,1610000.0,1623000.0,1698000.0,1615345.0,1585000.0,2.0022590975,2.0024348275,2.002485083,2.002649729,2.00239691671,2.002189893,0.998944530311296
2,cpu,idle,1199999,1610000.0,1623000.0,1635000.0,1785000.0,1622826.0,1610000.0,2.0012496365,2.0014397285,2.001484128,2.00164894,2.00139217088,2.001224057,0.9984432883532928
