howmany,island,task,frequency,power_25%,power_50%,power_75%,power_max,power_mean,power_min,time_25%,time_50%,time_75%,time_max,time_mean,time_min,time_rel
2,cpu,cachekiller,299999,1998000.0,2010000.0,2023000.0,2036000.0,1970800.1998002,1660000.0,3.03577101325,3.0485232245,3.06395858725,3.1952358399,3.052760407395,3.014613802,1.3101197580391195
2,cpu,cachekiller,399999,2048000.0,2060000.0,2073000.0,2136000.0,2020843.0,1698000.0,2.121219133675,2.12224973,2.1247530134,2.79971718,2.2534626218085707,2.1191994962,0.9670938792583872
2,cpu,cachekiller,599999,2085000.0,2098000.0,2111000.0,2135000.0,2077299.0,1723000.0,2.1407779435,2.1427506323500003,2.5852251762500003,2.610634118,2.320759671611429,2.1385066733,0.9959750172575864
2,cpu,cachekiller,1199999,2198000.0,2198000.0,2211000.0,2260000.0,2192740.0,1923000.0,2.16121388215,2.3812772105,2.4002598375,2.430827322,2.30196374309375,2.158249666,0.9879085744204577
