howmany,island,task,frequency,power_25%,power_50%,power_75%,power_max,power_mean,power_min,time_25%,time_50%,time_75%,time_max,time_mean,time_min,time_rel
2,cpu,decrypt,299999,1685000.0,1685000.0,1698000.0,1698000.0,1686075.0,1610000.0,15.1043942918,16.1196679725,16.130637028,16.1958750564,15.72856420303,15.1003896154,0.9753838848062468
2,cpu,decrypt,399999,1710000.0,1710000.0,1723000.0,1748000.0,1712561.0,1648000.0,11.326594536975,12.043236866,12.10107303525,12.119471504,11.7818786961,11.101057045,0.7306359604460366
2,cpu,decrypt,599999,1748000.0,1760000.0,1773000.0,1786000.0,1758291.0,1623000.0,7.113216908125,7.57721799535,8.0580159065,8.10421543,7.590871335940001,7.109206045,0.4707367740080947
2,cpu,decrypt,1199999,1923000.0,1923000.0,1935000.0,1960000.0,1925025.0,1610000.0,3.106214265575,3.10765189465,3.108176551375,4.141480355,3.3441151531820004,3.1054884455,0.2073804059446019
