howmany,island,task,frequency,power_25%,power_50%,power_75%,power_max,power_mean,power_min,time_25%,time_50%,time_75%,time_max,time_mean,time_min,time_rel,voltage_25%,voltage_50%,voltage_75%,voltage_max,voltage_mean,voltage_min,time
0,big,cachekiller,300000,34770.0,35685.0,36600.0,58560.0,36667.20614035088,32940.0,2.0,2.0,2.0,2.01,2.0016666666666665,2.0,,915000.0,915000.0,915000.0,916250.0,915068.5307017544,913750.0,
1,big,cachekiller,300000,163427.0,164340.0,164700.0,176209.0,163001.14254385966,68625.0,3.0425,3.055,3.06,3.07,3.0516666666666663,3.03,0.4872272485364555,913750.0,913750.0,915000.0,915000.0,914232.4561403508,913750.0,
2,big,cachekiller,300000,232815.0,233728.0,234641.0,244684.0,232688.72807017545,108885.0,4.405,4.425,4.44,4.48,4.424166666666667,4.38,0.70635976583289,912500.0,913750.0,913750.0,915000.0,913388.1578947369,912500.0,
3,big,cachekiller,300000,277248.0,277248.0,278160.0,303363.0,277615.5416666667,151558.0,6.039999999999999,6.41,6.4975000000000005,6.62,6.317222222222223,5.94,1.0086038673053044,912500.0,912500.0,912500.0,913750.0,912532.894736842,911250.0,
4,big,cachekiller,300000,315552.0,315552.0,315552.0,323760.0,315567.32236842107,217294.0,8.5525,8.635000000000002,8.6625,8.75,8.595,8.39,1.3722724853645558,912500.0,912500.0,912500.0,913750.0,912447.9166666666,911250.0,
