howmany,island,task,frequency,power_25%,power_50%,power_75%,power_max,power_mean,power_min,time_25%,time_50%,time_75%,time_max,time_mean,time_min,time_rel,voltage_25%,voltage_50%,voltage_75%,voltage_max,voltage_mean,voltage_min,time
0,big,hash,300000,34770.0,35685.0,36600.0,58560.0,36667.20614035088,32940.0,2.0,2.0,2.0,2.01,2.0016666666666665,2.0,,915000.0,915000.0,915000.0,916250.0,915068.5307017544,913750.0,
1,big,hash,300000,172020.0,172935.0,172935.0,184426.0,171983.68201754385,69540.0,14.12,14.125,14.13,14.23,14.141666666666666,14.12,0.3758083089733368,915000.0,915000.0,915000.0,915000.0,914766.995614035,913750.0,
2,big,hash,300000,281808.0,281808.0,282720.0,326496.0,282048.475877193,198121.0,14.1,14.1,14.1425,14.23,14.123333333333331,14.09,0.3753211090442022,912500.0,912500.0,912500.0,913750.0,912502.7412280702,911250.0,
3,big,hash,300000,388997.0,388997.0,389908.0,397196.0,388387.875,291840.0,14.12,14.16,14.27,14.55,14.216111111111111,14.11,0.3777866359583074,911250.0,911250.0,911250.0,912500.0,911474.7807017544,911250.0,
4,big,hash,300000,495584.0,496495.0,497406.0,499228.0,495126.2390350877,265392.0,14.14,14.16,14.1825,14.39,14.190833333333336,14.13,0.3771148906014705,911250.0,911250.0,911250.0,912500.0,911044.4078947369,910000.0,
