frequency,power,task,island,voltage,time,howmany,time_rel
200000,29714.405701754386,hash,big,914980.8114035088,,0,
200000,120269.4605263158,hash,big,915013.7061403508,21.355,1,0.5674993356364603
200000,194213.68421052632,hash,big,913862.3903508772,21.31583333333333,2,0.5664584994242181
200000,265461.00877192983,hash,big,912678.1798245612,21.348888888888887,3,0.567336935660082
200000,336510.2302631579,hash,big,912319.0789473684,21.39,4,0.5684294445920808
