frequency,power,task,island,voltage,time,howmany,time_rel
200000,29714.405701754386,gzip-1,big,914980.8114035088,,0,
200000,123755.59868421052,gzip-1,big,914994.5175438595,21.51833333333333,1,0.6780987394957984
200000,198526.9451754386,gzip-1,big,913766.447368421,21.61583333333333,2,0.6811712184873949
200000,273631.0899122807,gzip-1,big,912563.048245614,21.76888888888889,3,0.6859943977591036
200000,342785.6535087719,gzip-1,big,912129.9342105264,21.92,4,0.6907563025210085
