frequency,power,task,island,voltage,time,howmany,time_rel
200000,29714.405701754386,cacherate-100,big,914980.8114035088,,0,
200000,121458.1096491228,cacherate-100,big,914925.9868421052,3.605,1,0.6298776936517182
200000,170322.38596491228,cacherate-100,big,914476.4254385964,5.522500000000001,2,0.9649097262667444
200000,198468.9057017544,cacherate-100,big,913747.2587719298,7.9255555555555555,3,1.384779654436032
200000,223675.01096491228,cacherate-100,big,913453.947368421,10.893750000000002,4,1.9033925451368672
