frequency,power,task,island,voltage,time,howmany,time_rel
200000,29714.405701754386,idle,big,914980.8114035088,,0,
200000,29714.405701754386,idle,big,914980.8114035088,2.01,1,1.0
200000,30496.85307017544,idle,big,915180.9210526316,2.01,2,1.0
200000,31033.95175438597,idle,big,915008.2236842106,2.01,3,1.0
200000,32105.552631578947,idle,big,914791.6666666666,2.01,4,1.0
