howmany,island,task,frequency,power_25%,power_50%,power_75%,power_max,power_mean,power_min,time_25%,time_50%,time_75%,time_max,time_mean,time_min,time_rel,voltage_25%,voltage_50%,voltage_75%,voltage_max,voltage_mean,voltage_min,time
0,big,idle,200000,28365.0,29280.0,29280.0,55815.0,29714.405701754386,26535.0,2.01,2.01,2.01,2.01,2.01,2.01,,915000.0,915000.0,915000.0,916250.0,914980.8114035088,913750.0,
1,big,idle,200000,28365.0,29280.0,29280.0,55815.0,29714.405701754386,26535.0,2.01,2.01,2.01,2.01,2.01,2.01,1.0,915000.0,915000.0,915000.0,916250.0,914980.8114035088,913750.0,
2,big,idle,200000,28365.0,29280.0,30195.0,60390.0,30496.85307017544,27450.0,2.01,2.01,2.01,2.01,2.01,2.01,1.0,915000.0,915000.0,915000.0,916250.0,915180.9210526316,915000.0,
3,big,idle,200000,28365.0,29280.0,30195.0,65880.0,31033.95175438597,26535.0,2.01,2.01,2.01,2.01,2.01,2.01,1.0,915000.0,915000.0,915000.0,916250.0,915008.2236842106,915000.0,
4,big,idle,200000,29216.0,29280.0,32940.0,68625.0,32105.552631578947,27390.0,2.01,2.01,2.01,2.01,2.01,2.01,1.0,915000.0,915000.0,915000.0,915000.0,914791.6666666666,913750.0,
