frequency,power,task,island,voltage,time,howmany,time_rel
200000,29714.405701754386,cacherate-40,big,914980.8114035088,,0,
200000,125462.78728070176,cacherate-40,big,914750.548245614,6.348333333333334,1,0.7855227882037533
200000,188914.38596491228,cacherate-40,big,913752.7412280702,7.100833333333335,2,0.8786347700556817
200000,222189.05263157896,cacherate-40,big,913645.8333333334,10.280555555555557,3,1.2720835911184438
200000,247285.38377192983,cacherate-40,big,912590.4605263158,13.959583333333333,4,1.7273149102907814
