frequency,power,task,island,voltage,time,howmany,time_rel
200000,29714.405701754386,decrypt,big,914980.8114035088,,0,
200000,104191.14912280702,decrypt,big,914920.504385965,21.40833333333333,1,0.5974696497511511
200000,176796.4451754386,decrypt,big,913780.153508772,21.375,2,0.5965393739243685
200000,249212.21271929823,decrypt,big,912850.8771929824,21.41333333333333,3,0.5976091911251684
200000,320618.1228070175,decrypt,big,911959.9780701754,21.407916666666665,4,0.5974580213033164
