frequency,power,task,island,voltage,time,howmany,time_rel
200000,29714.405701754386,gzip-5,big,914980.8114035088,,0,
200000,125574.17324561405,gzip-5,big,914893.0921052631,22.34166666666667,1,0.644254337482578
200000,201017.25657894736,gzip-5,big,913758.2236842106,22.41,2,0.6462248281828231
200000,275563.7214912281,gzip-5,big,912516.447368421,22.59777777777777,3,0.6516396725460981
200000,350105.89254385966,gzip-5,big,911663.9254385964,22.734583333333337,4,0.6555846590089874
