frequency,power,task,island,voltage,time,howmany,time_rel
200000,29714.405701754386,gzip-9,big,914980.8114035088,,0,
200000,124091.61403508772,gzip-9,big,914651.8640350878,22.376666666666665,1,0.6456359701851406
200000,201975.0175438597,gzip-9,big,913758.2236842106,22.41583333333333,2,0.6467660495311373
200000,276093.03289473685,gzip-9,big,912519.1885964912,22.59555555555556,3,0.6519515909273064
200000,350220.8771929825,gzip-9,big,911732.4561403508,22.77083333333333,4,0.6570088963693195
