frequency,power,task,island,voltage,time,howmany,time_rel
200000,29714.405701754386,cacherate-20,big,914980.8114035088,,0,
200000,107186.97807017544,cacherate-20,big,914808.1140350878,14.645,1,0.8167875069715559
200000,169034.53728070174,cacherate-20,big,913793.8596491228,14.6575,2,0.817484662576687
200000,228675.6403508772,cacherate-20,big,913259.3201754388,14.709444444444443,3,0.820381731424676
200000,280180.1381578947,cacherate-20,big,912510.9649122808,15.802916666666668,4,0.8813673545268637
