frequency,power,task,island,voltage,time,howmany,time_rel
200000,29714.405701754386,cacherate-60,big,914980.8114035088,,0,
200000,138989.41885964913,cacherate-60,big,914512.0614035088,3.851666666666667,1,0.584471421345473
200000,181011.8201754386,cacherate-60,big,913793.8596491228,6.2058333333333335,2,0.941704602933738
200000,209338.278508772,cacherate-60,big,913744.5175438595,8.926111111111114,3,1.354493340077559
200000,234022.88157894736,cacherate-60,big,912787.8289473684,12.2325,4,1.8562215477996968
