howmany,island,task,frequency,power_25%,power_50%,power_75%,power_max,power_mean,power_min,time_25%,time_50%,time_75%,time_max,time_mean,time_min,time_rel,voltage_25%,voltage_50%,voltage_75%,voltage_max,voltage_mean,voltage_min,time
0,little,idle,300000,11016.0,11921.0,11934.0,15606.0,11662.326754385966,11004.0,2.0,2.0,2.0,2.01,2.0016666666666665,2.0,,917500.0,918750.0,918750.0,918750.0,918366.2280701754,917500.0,
1,little,idle,300000,11016.0,11921.0,11934.0,15606.0,11662.326754385966,11004.0,2.0,2.0,2.0,2.01,2.0016666666666665,2.0,0.995854063018242,917500.0,918750.0,918750.0,918750.0,918366.2280701754,917500.0,
2,little,idle,300000,11016.0,11921.0,11934.0,17442.0,11774.287280701754,11004.0,2.0,2.005,2.01,2.01,2.0049999999999994,2.0,0.9975124378109452,917500.0,918750.0,918750.0,918750.0,918294.9561403508,917500.0,
3,little,idle,300000,11004.0,11016.0,11924.25,19257.0,11633.945175438595,11004.0,2.01,2.01,2.01,2.01,2.008333333333333,2.0,0.9991708126036484,917500.0,918750.0,918750.0,918750.0,918152.4122807018,917500.0,
4,little,idle,300000,11004.0,11004.0,11921.0,20174.0,11763.331140350878,11004.0,2.01,2.01,2.01,2.01,2.0083333333333333,2.0,0.9991708126036484,917500.0,917500.0,917500.0,918750.0,917617.8728070176,917500.0,
