frequency,power,task,island,voltage,time,howmany,time_rel
300000,11662.326754385966,hash,little,918366.2280701754,,0,
300000,29223.45394736842,hash,little,917505.4824561405,25.02,1,0.6648950305607227
300000,48137.77850877193,hash,little,918344.298245614,24.959166666666665,2,0.663278412614049
300000,65563.4100877193,hash,little,917009.3201754388,25.015555555555554,3,0.6647769214869932
300000,83102.74342105263,hash,little,916499.451754386,25.007083333333338,4,0.6645517760651962
