frequency,power,task,island,voltage,time,howmany,time_rel
300000,11662.326754385966,gzip-9,little,918366.2280701754,,0,
300000,34562.508771929824,gzip-9,little,917505.4824561405,22.82166666666667,1,0.6584755950949749
300000,54662.22368421053,gzip-9,little,917505.4824561405,23.6925,2,0.6836018273623468
300000,72339.31140350878,gzip-9,little,916691.3377192982,24.80333333333333,3,0.7156528011541236
300000,86177.05263157895,gzip-9,little,916398.0263157894,26.429166666666664,4,0.7625631161336859
