frequency,power,task,island,voltage,time,howmany,time_rel
300000,11662.326754385966,cacherate-100,little,918366.2280701754,,0,
300000,24847.11403508772,cacherate-100,little,917576.754385965,4.548333333333333,1,0.7947000582411182
300000,37607.16885964912,cacherate-100,little,917505.4824561405,4.9191666666666665,2,0.8594933022714036
300000,48371.32236842105,cacherate-100,little,918111.2938596492,6.253333333333334,3,1.0926033779848576
300000,59605.44736842105,cacherate-100,little,917469.846491228,8.2725,4,1.4453989516598722
