howmany,island,task,frequency,power_25%,power_50%,power_75%,power_max,power_mean,power_min,time_25%,time_50%,time_75%,time_max,time_mean,time_min,time_rel,voltage_25%,voltage_50%,voltage_75%,voltage_max,voltage_mean,voltage_min,time
0,little,cachekiller,300000,11016.0,11921.0,11934.0,15606.0,11662.326754385966,11004.0,2.0,2.0,2.0,2.01,2.0016666666666665,2.0,,917500.0,918750.0,918750.0,918750.0,918366.2280701754,917500.0,
1,little,cachekiller,300000,25676.0,25676.0,25676.0,26622.0,25612.513157894737,15606.0,4.81,4.84,4.8775,4.92,4.845,4.78,0.7735497605109101,917500.0,917500.0,917500.0,918750.0,917541.1184210526,917500.0,
2,little,cachekiller,300000,38514.0,38514.0,38514.0,40348.0,38211.39035087719,11934.0,5.38,5.395,5.425,5.55,5.420833333333333,5.37,0.8654869611495477,917500.0,917500.0,917500.0,918750.0,917532.894736842,917500.0,
3,little,cachekiller,300000,49518.0,50435.0,50435.0,53186.0,49878.3201754386,18340.0,6.85,6.86,6.87,6.93,6.861666666666666,6.82,1.0955295369877596,917500.0,917500.0,917500.0,918750.0,917508.2236842106,917500.0,
4,little,cachekiller,300000,60522.0,60522.0,60522.0,64190.0,60440.08552631579,27510.0,9.07,9.08,9.095,9.14,9.089583333333334,9.06,1.451237360298031,917500.0,917500.0,917500.0,917500.0,917434.2105263158,916250.0,
