frequency,power,task,island,voltage,time,howmany,time_rel
300000,11662.326754385966,decrypt,little,918366.2280701754,,0,
300000,32737.32894736842,decrypt,little,917532.894736842,23.705,1,0.6615656542164751
300000,54881.88596491228,decrypt,little,917516.447368421,23.716666666666665,2,0.661891250755849
300000,76428.29166666667,decrypt,little,916743.4210526316,23.709444444444443,3,0.6616896909933795
300000,97087.00438596492,decrypt,little,916526.8640350878,23.72125,4,0.6620191636820317
