frequency,power,task,island,voltage,time,howmany,time_rel
300000,11662.326754385966,cacherate-60,little,918366.2280701754,,0,
300000,27341.504385964912,cacherate-60,little,917521.9298245612,5.156666666666667,1,0.7824987354577644
300000,41699.36842105263,cacherate-60,little,917500.0,5.551666666666667,2,0.8424380374304502
300000,55520.19956140351,cacherate-60,little,917489.0350877192,7.040555555555555,3,1.0683695835440905
300000,67408.97368421052,cacherate-60,little,917491.7763157894,9.3275,4,1.415402124430956
