frequency,power,task,island,voltage,time,howmany,time_rel
300000,11662.326754385966,encrypt,little,918366.2280701754,,0,
300000,32869.22149122807,encrypt,little,917500.0,23.54833333333333,1,0.6620589475657184
300000,54491.78947368421,encrypt,little,917516.447368421,23.5725,2,0.6627383908907737
300000,75783.60087719298,encrypt,little,917020.2850877192,23.512222222222224,3,0.6610436874248318
300000,96725.6600877193,encrypt,little,916483.004385965,23.540000000000003,4,0.6618246567639755
