frequency,power,task,island,voltage,time,howmany,time_rel
300000,11662.326754385966,cachekiller,little,918366.2280701754,,0,
300000,25612.513157894737,cachekiller,little,917541.1184210526,4.845,1,0.7735497605109101
300000,38211.39035087719,cachekiller,little,917532.894736842,5.420833333333333,2,0.8654869611495477
300000,49878.3201754386,cachekiller,little,917508.2236842106,6.861666666666666,3,1.0955295369877596
300000,60440.08552631579,cachekiller,little,917434.2105263158,9.089583333333334,4,1.451237360298031
