frequency,power,task,island,voltage,time,howmany,time_rel
300000,11662.326754385966,cacherate-20,little,918366.2280701754,,0,
300000,34566.50219298246,cacherate-20,little,917502.7412280702,11.993333333333334,1,0.668897564603086
300000,56783.10307017544,cacherate-20,little,917491.7763157894,11.991666666666667,2,0.6688046105224018
300000,76015.42763157895,cacherate-20,little,916973.6842105264,12.131666666666668,3,0.6766127532998698
300000,96602.8399122807,cacherate-20,little,916340.4605263158,12.276666666666666,4,0.68469975831939
