howmany,island,task,frequency,power_25%,power_50%,power_75%,power_max,power_mean,power_min,time_25%,time_50%,time_75%,time_max,time_mean,time_min,time_rel,time
0,cpu,decrypt,1100000,3000000.0,3000000.0,3003000.0,3164000.0,3003434.2928660824,2996000.0,2.0,2.0,2.0,2.0,2.0,2.0,,
1,cpu,decrypt,1100000,3370000.0,3374000.0,3377000.0,3515000.0,3374069.0,2992000.0,3.97,3.97,3.97,4.0,3.976,3.97,0.5452550740537575,
2,cpu,decrypt,1100000,3759000.0,3763000.0,3767000.0,3851000.0,3757691.382765531,2992000.0,3.97,3.97,3.98,3.98,3.974,3.97,0.5449808008776742,
3,cpu,decrypt,1100000,4168000.0,4171000.0,4175000.0,4274000.0,4163993.87,2996000.0,3.97,3.98,3.99,3.99,3.98,3.97,0.5458036204059243,
4,cpu,decrypt,1100000,4622000.0,4622000.0,4626000.0,4660000.0,4624164.467005076,4606000.0,3.98,3.98,3.99,4.0,3.982500000000001,3.97,0.5461464618760287,
