howmany,island,task,frequency,power_25%,power_50%,power_75%,power_max,power_mean,power_min,time_25%,time_50%,time_75%,time_max,time_mean,time_min,time_rel,voltage_25%,voltage_50%,voltage_75%,voltage_max,voltage_mean,voltage_min,time
0,big,cacherate-80,1200000,120159.0,122213.0,123240.0,206226.0,123850.00877192985,116964.0,2.0,2.0,2.0,2.0,2.0,2.0,,1027500.0,1027500.0,1027500.0,1027500.0,1027431.4692982456,1026250.0,
1,big,cacherate-80,1200000,559636.0,561202.0,562238.75,618332.0,558009.0263157894,141726.0,1.9825,1.99,1.99,1.99,1.9866666666666664,1.98,0.3252387448840381,1013750.0,1013750.0,1013750.0,1027500.0,1013681.4692982456,1012500.0,
2,big,cacherate-80,1200000,840420.0,841803.0,843465.0,898275.0,838497.5416666666,198850.0,2.7875,2.8,2.8025,2.81,2.795,2.77,0.4575716234652114,1015000.0,1015000.0,1015000.0,1025000.0,1014835.5263157894,1013750.0,
3,big,cacherate-80,1200000,1069565.5,1070864.0,1073912.0,1114552.0,1068840.4342105263,404712.0,3.5025,3.615,3.67,3.7,3.5950000000000006,3.47,0.5885402455661666,1016250.0,1016250.0,1016250.0,1022500.0,1016112.9385964912,1015000.0,
4,big,cacherate-80,1200000,1266165.0,1268984.0,1270233.0,1286256.0,1268798.0263157894,1187856.0,4.5875,4.61,4.6325,4.68,4.61375,4.56,0.7553206002728512,1016250.0,1017500.0,1017500.0,1017500.0,1017132.6754385964,1016250.0,
