howmany,island,task,frequency,power_25%,power_50%,power_75%,power_max,power_mean,power_min,time_25%,time_50%,time_75%,time_max,time_mean,time_min,time_rel,voltage_25%,voltage_50%,voltage_75%,voltage_max,voltage_mean,voltage_min,time
0,big,encrypt,2000000,404404.0,408032.0,413280.0,536608.0,412970.99342105264,397536.0,2.0,2.0,2.0,2.0,2.0,2.0,,1312500.0,1312500.0,1312500.0,1313750.0,1312617.8728070175,1311250.0,
1,big,encrypt,2000000,2081122.0,2092984.0,2103528.0,2549530.0,2087504.4846491227,568529.0,2.15,2.16,2.16,2.19,2.162,2.15,0.0607844056042359,1318750.0,1320000.0,1320000.0,1321250.0,1319416.1184210526,1313750.0,
2,big,encrypt,2000000,3805288.5,3847926.0,3871920.0,4249054.0,3827124.594298245,1511916.0,2.17,2.17,2.18,2.19,2.1760000000000006,2.17,0.0611780141511644,1326250.0,1326250.0,1326250.0,1327500.0,1326192.4342105263,1317500.0,
3,big,encrypt,2000000,5627592.75,5711517.5,5753850.0,5857980.0,5678041.313596491,4147344.0,2.15,2.16,2.17,2.18,2.1606666666666663,2.15,0.060746919075957,1333750.0,1333750.0,1335000.0,1335000.0,1334120.0657894737,1328750.0,
4,big,encrypt,2000000,6346824.0,6923677.5,7410760.0,7688318.0,6861097.263157895,4314672.0,2.24,2.25,2.25,2.26,2.2470000000000003,2.23,0.0631741717820158,1276250.0,1308750.0,1340000.0,1342500.0,1307513.7061403508,1226250.0,
