howmany,island,task,frequency,power_25%,power_50%,power_75%,power_max,power_mean,power_min,time_25%,time_50%,time_75%,time_max,time_mean,time_min,time_rel,voltage_25%,voltage_50%,voltage_75%,voltage_max,voltage_mean,voltage_min,time
0,big,hash,2000000,404404.0,408032.0,413280.0,536608.0,412970.99342105264,397536.0,2.0,2.0,2.0,2.0,2.0,2.0,,1312500.0,1312500.0,1312500.0,1313750.0,1312617.8728070175,1311250.0,
1,big,hash,2000000,2448600.0,2465760.0,2484240.0,2561419.0,2457089.8289473685,1265992.0,2.17,2.17,2.18,2.19,2.176,2.17,0.0578262024980069,1320000.0,1320000.0,1321250.0,1321250.0,1320383.7719298245,1316250.0,
2,big,hash,2000000,4129624.0,4171842.0,4202940.75,4280144.0,4142510.789473684,741660.0,2.26,2.27,2.27,2.28,2.264,2.24,0.0601647621578527,1326250.0,1327500.0,1327500.0,1328750.0,1327044.9561403508,1315000.0,
3,big,hash,2000000,5877065.25,5975694.0,6048072.0,6157624.0,5929859.368421053,3049515.0,2.22,2.3,2.32,2.33,2.27,2.2,0.0603242094073877,1333750.0,1335000.0,1336250.0,1336250.0,1334983.5526315789,1323750.0,
4,big,hash,2000000,6462940.0,6987312.5,7521669.0,7854726.0,6947765.686403509,3102435.0,2.26,2.31,2.3425,2.36,2.3005,2.24,0.061134732925857,1276250.0,1306250.0,1340000.0,1342500.0,1305729.1666666667,1190000.0,
