power,time,task,howmany,island,frequency,time_rel
2899018.796992481,,hash,0,cpu,700000,
3163740.480961924,4.156000000000001,hash,1,cpu,700000,0.8586776859504134
3435408.4084084085,4.171,hash,2,cpu,700000,0.8617768595041323
3703510.033444816,4.174444444444444,hash,3,cpu,700000,0.8624885215794307
4002631.3684210526,4.19,hash,4,cpu,700000,0.865702479338843
