howmany,island,task,frequency,power_25%,power_50%,power_75%,power_max,power_mean,power_min,time_25%,time_50%,time_75%,time_max,time_mean,time_min,time_rel,time
0,cpu,gzip-9,700000,2893000.0,2897000.0,2900000.0,3042000.0,2899018.796992481,2889000.0,2.0,2.0,2.0,2.0,2.0,2.0,,
1,cpu,gzip-9,700000,3171000.0,3171000.0,3175000.0,3225000.0,3173396.6666666665,2889000.0,6.215,6.23,6.23,6.23,6.22,6.2,0.86070110701107,
2,cpu,gzip-9,700000,3438000.0,3442000.0,3442000.0,3561000.0,3438113.113113113,2893000.0,6.2425,6.25,6.26,6.27,6.252999999999999,6.24,0.8652675276752767,
3,cpu,gzip-9,700000,3706000.0,3709000.0,3713000.0,3805000.0,3706437.751004016,2935000.0,6.315,6.34,6.35,6.38,6.334666666666666,6.3,0.8765682656826568,
4,cpu,gzip-9,700000,3996000.0,4000000.0,4003000.0,4011000.0,4000010.112436116,3977000.0,6.557499999999999,6.56,6.5625,6.59,6.558333333333333,6.51,0.9075184501845016,
