power,time,task,howmany,island,frequency,time_rel
2899018.796992481,,idle,0,cpu,700000,
2899018.796992481,2.0,idle,1,cpu,700000,1.0
2901336.25,2.0,idle,2,cpu,700000,1.0
2898297.5,2.0,idle,3,cpu,700000,1.0
2902118.75,2.0,idle,4,cpu,700000,1.0
