power,time,task,howmany,island,frequency,time_rel
2899018.796992481,,gzip-1,0,cpu,700000,
3165764.0562249,5.994,gzip-1,1,cpu,700000,0.8604651162790699
3426940.9409409408,6.015,gzip-1,2,cpu,700000,0.8634797588285961
3686222.891566265,6.341333333333334,gzip-1,3,cpu,700000,0.9103263470188536
3975424.769703173,8.4265,gzip-1,4,cpu,700000,1.2096612115991965
