power,time,task,howmany,island,frequency,time_rel
2899018.796992481,,decrypt,0,cpu,700000,
3121603.0150753767,6.252000000000001,decrypt,1,cpu,700000,0.8573779484366431
3360407.0351758795,6.254999999999999,decrypt,2,cpu,700000,0.8577893582007678
3603271.35678392,6.255333333333334,decrypt,3,cpu,700000,0.857835070396782
3866103.31632653,6.25375,decrypt,4,cpu,700000,0.8576179374657159
