power,time,task,howmany,island,frequency,time_rel
2899018.796992481,,encrypt,0,cpu,700000,
3120981.9095477387,6.24,encrypt,1,cpu,700000,0.8559670781893005
3359705.527638191,6.25,encrypt,2,cpu,700000,0.8573388203017833
3597235.175879397,6.243333333333333,encrypt,3,cpu,700000,0.8564243255601282
3857836.734693877,6.2508333333333335,encrypt,4,cpu,700000,0.8574531321444903
