power,time,task,howmany,island,frequency,time_rel
2899018.796992481,,gzip-9,0,cpu,700000,
3173396.6666666665,6.22,gzip-9,1,cpu,700000,0.86070110701107
3438113.113113113,6.252999999999999,gzip-9,2,cpu,700000,0.8652675276752767
3706437.751004016,6.334666666666666,gzip-9,3,cpu,700000,0.8765682656826568
4000010.112436116,6.558333333333333,gzip-9,4,cpu,700000,0.9075184501845016
