power,time,task,howmany,island,frequency,time_rel
2899018.796992481,,gzip-5,0,cpu,700000,
3172040.066777963,6.2,gzip-5,1,cpu,700000,0.8559595029912563
3438315.789473684,6.2575,gzip-5,2,cpu,700000,0.8638978370915785
3704611.83550652,6.353333333333334,gzip-5,3,cpu,700000,0.8771283939254488
3999474.3600682593,6.535833333333333,gzip-5,4,cpu,700000,0.9023239760699492
