howmany,island,task,frequency,power_25%,power_50%,power_75%,power_max,power_mean,power_min,time_25%,time_50%,time_75%,time_max,time_mean,time_min,time_rel,voltage_25%,voltage_50%,voltage_75%,voltage_max,voltage_mean,voltage_min,time
0,big,hash,900000,79016.0,80835.0,81872.0,122808.0,82052.88596491228,77031.0,2.0,2.0,2.0,2.0,2.0,2.0,,952500.0,952500.0,952500.0,952500.0,952341.0087719298,951250.0,
1,big,hash,900000,500358.0,503169.0,505582.0,548730.0,500575.9210526316,272448.0,4.7125,4.72,4.72,4.75,4.721666666666667,4.71,0.1254761272034724,937500.0,937500.0,937500.0,948750.0,938157.894736842,937500.0,
2,big,hash,900000,852580.0,854460.0,856340.0,889240.0,851257.6557017544,343761.0,4.81,4.82,4.82,4.83,4.8075,4.73,0.127757108689875,940000.0,940000.0,940000.0,947500.0,940046.600877193,938750.0,
3,big,hash,900000,1186601.0,1189424.0,1193188.0,1208244.0,1187174.2127192982,685125.0,4.77,4.779999999999999,4.8475,4.87,4.8,4.76,0.1275577996279564,941250.0,941250.0,941250.0,945000.0,941252.7412280702,940000.0,
4,big,hash,900000,1519446.0,1523214.0,1528159.5,1541112.0,1518881.7938596492,533544.0,4.835,4.865,4.8925,4.94,4.863333333333333,4.81,0.129240853928603,942500.0,942500.0,942500.0,946250.0,942543.8596491228,942500.0,
