howmany,island,task,frequency,power_25%,power_50%,power_75%,power_max,power_mean,power_min,time_25%,time_50%,time_75%,time_max,time_mean,time_min,time_rel,voltage_25%,voltage_50%,voltage_75%,voltage_max,voltage_mean,voltage_min,time
0,big,encrypt,900000,79016.0,80835.0,81872.0,122808.0,82052.88596491228,77031.0,2.0,2.0,2.0,2.0,2.0,2.0,,952500.0,952500.0,952500.0,952500.0,952341.0087719298,951250.0,
1,big,encrypt,900000,424461.0,426335.0,428209.0,607176.0,425211.25,92344.0,4.75,4.75,4.7575,4.78,4.755,4.74,0.1336863314746263,937500.0,937500.0,937500.0,952500.0,937974.2324561405,936250.0,
2,big,encrypt,900000,771974.0,775500.0,778320.0,816060.0,772493.5789473684,273972.0,4.76,4.76,4.76,4.81,4.765833333333333,4.74,0.1339909095168923,940000.0,940000.0,940000.0,948750.0,939830.0438596492,938750.0,
3,big,encrypt,900000,1115780.0,1120480.0,1123554.0,1133905.0,1114239.5416666667,261250.0,4.75,4.755,4.76,4.81,4.762222222222223,4.74,0.1338893835028037,940000.0,940000.0,941250.0,950000.0,940611.2938596492,940000.0,
4,big,encrypt,900000,1462926.0,1467019.0,1469520.0,1476114.0,1462131.74122807,1024896.0,4.76,4.77,4.78,4.83,4.776666666666666,4.75,0.1342954875591584,942500.0,942500.0,942500.0,943750.0,942461.6228070176,941250.0,
