howmany,island,task,frequency,power_25%,power_50%,power_75%,power_max,power_mean,power_min,time_25%,time_50%,time_75%,time_max,time_mean,time_min,time_rel,voltage_25%,voltage_50%,voltage_75%,voltage_max,voltage_mean,voltage_min,time
0,big,encrypt,1500000,175218.0,177422.0,180728.0,475001.0,182163.88377192983,170655.0,2.0,2.0,2.0,2.0,2.0,2.0,,1101250.0,1102500.0,1102500.0,1102500.0,1102113.4868421052,1097500.0,
1,big,encrypt,1500000,967920.0,972280.0,978002.5,1256832.0,970761.4846491228,275598.0,2.86,2.86,2.8675,2.89,2.8666666666666667,2.86,0.0805960357996345,1090000.0,1090000.0,1090000.0,1098750.0,1090084.9780701755,1090000.0,
2,big,encrypt,1500000,1767381.0,1775032.0,1782683.0,1844984.0,1768619.5021929825,543510.0,2.88,2.88,2.88,2.94,2.89,2.88,0.0812520500445152,1093750.0,1093750.0,1093750.0,1098750.0,1093752.74122807,1092500.0,
3,big,encrypt,1500000,2574659.0,2582338.0,2593308.0,2627315.0,2576840.254385965,1720245.0,2.87,2.87,2.88,2.94,2.881666666666666,2.86,0.0810177592427721,1097500.0,1097500.0,1097500.0,1097500.0,1097384.8684210526,1095000.0,
4,big,encrypt,1500000,3374800.0,3387338.5,3399888.0,3438423.0,3366640.278508772,1311912.0,2.87,2.88,2.8825,2.94,2.8854166666666665,2.86,0.0811231901035565,1100000.0,1100000.0,1101250.0,1101250.0,1100570.1754385964,1095000.0,
