frequency,power,task,island,voltage,time,howmany,time_rel
1500000,182163.88377192983,decrypt,big,1102113.4868421052,,0,
1500000,995820.149122807,decrypt,big,1090065.7894736845,2.8233333333333337,1,0.0787943625284897
1500000,1831560.2872807016,decrypt,big,1093785.6359649124,2.8258333333333336,2,0.0788641332154984
1500000,2679932.6557017546,decrypt,big,1098122.25877193,2.84,3,0.079259500441881
1500000,3512397.7763157897,decrypt,big,1101362.3903508773,2.8475,4,0.0794688125029071
