howmany,island,task,frequency,power_25%,power_50%,power_75%,power_max,power_mean,power_min,time_25%,time_50%,time_75%,time_max,time_mean,time_min,time_rel,voltage_25%,voltage_50%,voltage_75%,voltage_max,voltage_mean,voltage_min,time
0,big,hash,1500000,175218.0,177422.0,180728.0,475001.0,182163.88377192983,170655.0,2.0,2.0,2.0,2.0,2.0,2.0,,1101250.0,1102500.0,1102500.0,1102500.0,1102113.4868421052,1097500.0,
1,big,hash,1500000,1134640.0,1143368.0,1147732.0,1173916.0,1133712.403508772,378810.0,2.87,2.87,2.87,2.89,2.873333333333333,2.87,0.0763575161661794,1091250.0,1091250.0,1091250.0,1098750.0,1091206.1403508773,1090000.0,
2,big,hash,1500000,1926959.0,1936796.0,1944447.0,1999097.0,1926984.567982456,646722.0,2.96,2.97,2.97,2.97,2.966666666666667,2.96,0.0788378067145008,1093750.0,1093750.0,1093750.0,1098750.0,1093930.9210526317,1093750.0,
3,big,hash,1500000,2707668.0,2719463.0,2730726.0,2768058.0,2711147.3684210526,1521539.0,2.92,3.0,3.01,3.02,2.9672222222222224,2.91,0.078852570348717,1097500.0,1098750.0,1098750.0,1098750.0,1098347.0394736845,1096250.0,
4,big,hash,1500000,3467049.0,3482463.0,3496776.0,3541828.0,3469729.3969298247,1474120.0,2.96,2.97,3.04,3.05,2.985416666666667,2.9,0.0793360793692975,1101250.0,1101250.0,1101250.0,1102500.0,1101362.3903508773,1096250.0,
