frequency,power,task,island,voltage,time,howmany,time_rel
1500000,182163.88377192983,cacherate-80,big,1102113.4868421052,,0,
1500000,787076.625,cacherate-80,big,1089588.8157894737,1.9433333333333327,1,0.318144611186903
1500000,1177865.600877193,cacherate-80,big,1091241.7763157894,2.7758333333333334,2,0.4544338335607094
1500000,1516897.4605263155,cacherate-80,big,1092919.4078947369,3.555555555555556,3,0.5820827648931333
1500000,1804058.9254385964,cacherate-80,big,1093777.4122807018,4.556666666666667,4,0.7459754433833561
