frequency,power,task,island,voltage,time,howmany,time_rel
1500000,182163.88377192983,gzip-1,big,1102113.4868421052,,0,
1500000,1191428.2390350876,gzip-1,big,1091181.4692982456,2.8366666666666664,1,0.089390756302521
1500000,2007851.274122807,gzip-1,big,1094862.9385964912,2.866666666666667,2,0.0903361344537815
1500000,2854451.208333333,gzip-1,big,1098810.3070175438,2.8916666666666666,3,0.0911239495798319
1500000,3639651.322368421,gzip-1,big,1102587.7192982456,2.926666666666667,4,0.0922268907563025
