frequency,power,task,island,voltage,time,howmany,time_rel
1500000,182163.88377192983,gzip-5,big,1102113.4868421052,,0,
1500000,1208638.8969298245,gzip-5,big,1091151.3157894737,2.955,1,0.0852117075984043
1500000,2052092.7127192984,gzip-5,big,1094668.3114035088,2.9858333333333333,2,0.086100831450954
1500000,2898715.9692982454,gzip-5,big,1099468.201754386,3.010555555555555,3,0.0868137325579532
1500000,3710847.589912281,gzip-5,big,1103056.4692982456,3.0416666666666665,4,0.0877108665353006
