frequency,power,task,island,voltage,time,howmany,time_rel
1500000,182163.88377192983,cacherate-60,big,1102113.4868421052,,0,
1500000,799968.3815789474,cacherate-60,big,1089830.0438596492,1.8966666666666665,1,0.2878098128477491
1500000,1197921.8815789474,cacherate-60,big,1091288.3771929825,2.9575,2,0.4487860394537177
1500000,1522808.0175438595,cacherate-60,big,1092946.820175439,3.834444444444445,3,0.5818580340583377
1500000,1799048.6688596492,cacherate-60,big,1093758.2236842106,4.90625,4,0.7444992412746586
