howmany,island,task,frequency,power_25%,power_50%,power_75%,power_max,power_mean,power_min,time_25%,time_50%,time_75%,time_max,time_mean,time_min,time_rel,voltage_25%,voltage_50%,voltage_75%,voltage_max,voltage_mean,voltage_min,time
0,big,gzip-5,700000,60258.0,60390.0,61305.0,205200.0,62486.72149122807,58432.0,2.0,2.0,2.0,2.0,2.0,2.0,,915000.0,915000.0,915000.0,915000.0,914802.6315789474,912500.0,
1,big,gzip-5,700000,389424.0,390336.0,390819.0,399929.0,388180.9802631579,111386.0,6.3,6.3,6.307499999999999,6.31,6.303333333333334,6.3,0.1817657519104147,911250.0,911250.0,911250.0,915000.0,911570.7236842106,911250.0,
2,big,gzip-5,700000,643314.0,644215.0,645116.0,662235.0,639794.1228070175,148819.0,6.33,6.34,6.34,6.35,6.336666666666666,6.33,0.182726966886144,901250.0,901250.0,901250.0,913750.0,901381.5789473684,901250.0,
3,big,gzip-5,700000,901098.0,902902.0,903804.0,920942.0,897355.5614035088,228000.0,6.38,6.38,6.39,6.4,6.385555555555555,6.37,0.1841367488505471,902500.0,902500.0,902500.0,912500.0,902535.6359649122,901250.0,
4,big,gzip-5,700000,1145004.0,1149519.0,1151325.0,1157646.0,1142863.464912281,462172.0,6.44,6.44,6.45,6.45,6.4433333333333325,6.43,0.1858028548084778,903750.0,903750.0,903750.0,908750.0,903752.7412280702,902500.0,
