howmany,island,task,frequency,power_25%,power_50%,power_75%,power_max,power_mean,power_min,time_25%,time_50%,time_75%,time_max,time_mean,time_min,time_rel,voltage_25%,voltage_50%,voltage_75%,voltage_max,voltage_mean,voltage_min,time
0,big,encrypt,700000,60258.0,60390.0,61305.0,205200.0,62486.72149122807,58432.0,2.0,2.0,2.0,2.0,2.0,2.0,,915000.0,915000.0,915000.0,915000.0,914802.6315789474,912500.0,
1,big,encrypt,700000,315552.0,317028.0,319200.0,339803.0,317122.49342105264,85095.0,6.092499999999999,6.1,6.1075,6.14,6.105,6.09,0.1716414413570123,912500.0,912500.0,912500.0,915000.0,912239.5833333334,911250.0,
2,big,encrypt,700000,553214.0,555016.0,556818.0,577541.0,554194.9561403509,193556.0,6.1,6.105,6.1225000000000005,6.14,6.1116666666666655,6.09,0.1718288739984067,901250.0,901250.0,901250.0,913750.0,901299.3421052631,900000.0,
3,big,encrypt,700000,797385.0,799187.0,800989.0,816306.0,798123.4780701754,419510.0,6.11,6.11,6.1175,6.16,6.116666666666666,6.1,0.1719694484794526,901250.0,901250.0,901250.0,910000.0,901559.7587719298,901250.0,
4,big,encrypt,700000,1046320.0,1047480.0,1050189.0,1061025.0,1046218.1140350878,846175.0,6.11,6.12,6.13,6.19,6.129166666666667,6.1,0.1723208846820673,903750.0,903750.0,903750.0,905000.0,903495.0657894736,902500.0,
