howmany,island,task,frequency,power_25%,power_50%,power_75%,power_max,power_mean,power_min,time_25%,time_50%,time_75%,time_max,time_mean,time_min,time_rel,time
0,cpu,gzip-9,1300000,3053000.0,3053000.0,3057000.0,3271000.0,3057185.0,3045000.0,2.0,2.0,2.0,2.0,2.0,2.0,,
1,cpu,gzip-9,1300000,3603000.0,3606000.0,3606000.0,3706000.0,3600761.523046092,3049000.0,3.34,3.35,3.35,3.37,3.348,3.33,0.4632841328413284,
2,cpu,gzip-9,1300000,4122000.0,4126000.0,4128999.0,4225000.0,4115943.716716717,3049000.0,3.3625,3.37,3.37,3.38,3.369,3.36,0.466190036900369,
3,cpu,gzip-9,1300000,4671000.0,4679000.0,4683000.0,4713000.0,4661046.04004004,3053000.0,3.44,3.44,3.45,3.47,3.441333333333333,3.42,0.4761992619926199,
4,cpu,gzip-9,1300000,5252000.0,5271000.0,5278000.0,5293000.0,5263698.094282849,5190000.0,3.6,3.605,3.61,3.65,3.611999999999999,3.59,0.4998154981549814,
