howmany,island,task,frequency,power_25%,power_50%,power_75%,power_max,power_mean,power_min,time_25%,time_50%,time_75%,time_max,time_mean,time_min,time_rel,time
0,cpu,idle,1300000,3053000.0,3053000.0,3057000.0,3271000.0,3057185.0,3045000.0,2.0,2.0,2.0,2.0,2.0,2.0,,
1,cpu,idle,1300000,3053000.0,3053000.0,3057000.0,3271000.0,3057185.0,3045000.0,2.0,2.0,2.0,2.0,2.0,2.0,1.0,
2,cpu,idle,1300000,3049000.0,3053000.0,3057000.0,3286000.0,3055102.1021021022,3042000.0,2.0,2.0,2.0,2.0,2.0,2.0,1.0,
3,cpu,idle,1300000,3049000.0,3053000.0,3057000.0,3316000.0,3056540.6218655966,3045000.0,2.0,2.0,2.0,2.0,2.0,2.0,1.0,
4,cpu,idle,1300000,3057000.0,3057000.0,3061000.0,3328000.0,3063429.4294294296,3049000.0,2.0,2.0,2.0,2.0,2.0,2.0,1.0,
