howmany,island,task,frequency,power_25%,power_50%,power_75%,power_max,power_mean,power_min,time_25%,time_50%,time_75%,time_max,time_mean,time_min,time_rel,voltage_25%,voltage_50%,voltage_75%,voltage_max,voltage_mean,voltage_min,time
0,little,cachekiller,1100000,55860.0,55860.0,55860.0,62700.0,56177.60745614035,54720.0,2.0,2.0,2.0,2.0,2.0,2.0,,1140000.0,1140000.0,1140000.0,1141250.0,1140002.74122807,1140000.0,
1,little,cachekiller,1100000,103558.0,103740.0,103740.0,112662.0,103716.35087719298,57000.0,3.1475,3.175,3.2325,3.25,3.1833333333333336,3.11,0.5082490686535392,1138750.0,1140000.0,1140000.0,1140000.0,1139462.7192982456,1138750.0,
2,little,cachekiller,1100000,144526.0,144526.0,144526.0,154632.0,144459.71271929826,62700.0,3.2575,3.345,3.4225,3.44,3.340833333333333,3.22,0.5333954230973922,1138750.0,1138750.0,1138750.0,1140000.0,1138736.2938596492,1137500.0,
3,little,cachekiller,1100000,184194.0,184194.0,184194.0,195564.0,183923.77412280705,118560.0,3.77,3.78,3.815,3.83,3.79,3.76,0.6051091005854179,1137500.0,1137500.0,1137500.0,1140000.0,1137664.4736842106,1136250.0,
4,little,cachekiller,1100000,210560.0,210748.0,211680.0,227563.0,211438.5394736842,136320.0,3.9675,4.2,4.2125,4.24,4.11875,3.9,0.6575971261309208,1120000.0,1120000.0,1121250.0,1137500.0,1121400.7675438595,1120000.0,
