howmany,island,task,frequency,power_25%,power_50%,power_75%,power_max,power_mean,power_min,time_25%,time_50%,time_75%,time_max,time_mean,time_min,time_rel,time
0,cpu,gzip-9,1000000,2973000.0,2977000.0,2977000.0,3137000.0,2978583.583583584,2965000.0,2.0,2.0,2.0,2.0,2.0,2.0,,
1,cpu,gzip-9,1000000,3385000.0,3389000.0,3389000.0,3427000.0,3385115.230460922,2969000.0,4.34,4.34,4.35,4.36,4.343999999999999,4.33,0.6011070110701107,
2,cpu,gzip-9,1000000,3771000.0,3774000.0,3778000.0,3816000.0,3769103.103103103,2969000.0,4.37,4.38,4.387499999999999,4.4,4.38,4.37,0.6060885608856088,
3,cpu,gzip-9,1000000,4175000.0,4179000.0,4187000.0,4236000.0,4171636.244488978,2969000.0,4.45,4.45,4.455,4.48,4.452000000000001,4.44,0.6160516605166053,
4,cpu,gzip-9,1000000,4618000.0,4622000.0,4626000.0,4637000.0,4619703.517587939,4576000.0,4.61,4.62,4.63,4.64,4.619999999999999,4.6,0.6392988929889298,
