howmany,island,task,frequency,power_25%,power_50%,power_75%,power_max,power_mean,power_min,time_25%,time_50%,time_75%,time_max,time_mean,time_min,time_rel,time
0,cpu,encrypt,1000000,2973000.0,2977000.0,2977000.0,3137000.0,2978583.583583584,2965000.0,2.0,2.0,2.0,2.0,2.0,2.0,,
1,cpu,encrypt,1000000,3305000.0,3309000.0,3313000.0,3435000.0,3308647.5903614457,3038000.0,4.37,4.37,4.37,4.39,4.372000000000001,4.36,0.5997256515775036,
2,cpu,encrypt,1000000,3648000.0,3652000.0,3656000.0,3751000.0,3648760.280842528,3019000.0,4.37,4.37,4.37,4.39,4.372999999999999,4.36,0.5998628257887517,
3,cpu,encrypt,1000000,4011000.0,4014999.0,4019000.0,4141000.0,4011195.24774323,2973000.0,4.36,4.37,4.375,4.4,4.37,4.35,0.5994513031550069,
4,cpu,encrypt,1000000,4416000.0,4416000.0,4423000.0,4477000.0,4419654.822335025,4397000.0,4.36,4.37,4.38,4.41,4.3755,4.36,0.6002057613168724,
