howmany,island,task,frequency,power_25%,power_50%,power_75%,power_max,power_mean,power_min,time_25%,time_50%,time_75%,time_max,time_mean,time_min,time_rel,voltage_25%,voltage_50%,voltage_75%,voltage_max,voltage_mean,voltage_min,time
0,big,encrypt,400000,42090.0,43005.0,43920.0,71370.0,43959.65131578947,40260.0,2.0,2.0,2.0,2.0,2.0,2.0,,915000.0,915000.0,915000.0,916250.0,915038.3771929824,915000.0,
1,big,encrypt,400000,188991.0,189904.0,191235.0,216381.0,189803.3245614035,82350.0,10.72,10.725,10.73,10.76,10.726666666666668,10.7,0.3015791200037487,913750.0,913750.0,913750.0,915000.0,913873.355263158,913750.0,
2,big,encrypt,400000,332880.0,334337.0,335616.0,345648.0,332904.1293859649,109560.0,10.69,10.7,10.7125,10.76,10.707499999999998,10.68,0.3010402511597393,911250.0,912500.0,912500.0,913750.0,912033.9912280702,911250.0,
3,big,encrypt,400000,478143.75,479186.0,480097.0,488296.0,477790.0043859649,255640.0,10.7,10.715,10.7375,10.78,10.719444444444443,10.69,0.3013760679755712,911250.0,911250.0,911250.0,913750.0,911206.1403508772,910000.0,
4,big,encrypt,400000,616980.0,618800.0,619710.0,625170.0,616063.5701754387,228000.0,10.71,10.73,10.74,10.81,10.735,10.7,0.3018134108054917,910000.0,910000.0,910000.0,912500.0,910071.2719298246,910000.0,
