frequency,power,task,island,voltage,time,howmany,time_rel
400000,43959.65131578947,decrypt,big,915038.3771929824,,0,
400000,191842.1403508772,decrypt,big,913848.6842105264,10.573333333333332,1,0.2950834922554536
400000,340783.1052631579,decrypt,big,911822.9166666666,10.570833333333333,2,0.295013721568445
400000,484707.9627192983,decrypt,big,911170.504385965,10.570555555555556,3,0.2950059692698885
400000,631271.3355263158,decrypt,big,910005.4824561405,10.611666666666666,4,0.2961533094562537
