frequency,power,task,island,voltage,time,howmany,time_rel
400000,43959.65131578947,encrypt,big,915038.3771929824,,0,
400000,189803.3245614035,encrypt,big,913873.355263158,10.726666666666668,1,0.3015791200037487
400000,332904.1293859649,encrypt,big,912033.9912280702,10.707499999999998,2,0.3010402511597393
400000,477790.0043859649,encrypt,big,911206.1403508772,10.719444444444443,3,0.3013760679755712
400000,616063.5701754387,encrypt,big,910071.2719298246,10.735,4,0.3018134108054917
