frequency,power,task,island,voltage,time,howmany,time_rel
1200000,123850.00877192985,encrypt,big,1027431.4692982456,,0,
1200000,663861.1118421053,encrypt,big,1013870.6140350878,3.5733333333333337,1,0.1004638957874514
1200000,1205346.254385965,encrypt,big,1016225.3289473684,3.586666666666666,2,0.1008387610702403
1200000,1755313.504385965,encrypt,big,1018919.9561403508,3.5877777777777777,3,0.1008699998438061
1200000,2303419.1951754387,encrypt,big,1021296.600877193,3.58625,4,0.1008270465301532
