frequency,power,task,island,voltage,time,howmany,time_rel
1200000,123850.00877192985,gzip-5,big,1027431.4692982456,,0,
1200000,822772.9890350878,gzip-5,big,1014424.3421052631,3.68,1,0.1061181333205171
1200000,1403714.6228070175,gzip-5,big,1017140.899122807,3.7125,2,0.1070553179218532
1200000,1972074.855263158,gzip-5,big,1019923.245614035,3.739444444444445,3,0.1078323000272344
1200000,2522643.214912281,gzip-5,big,1022560.3070175438,3.776666666666667,4,0.1089056567501321
