frequency,power,task,island,voltage,time,howmany,time_rel
1200000,123850.00877192985,cachekiller,big,1027431.4692982456,,0,
1200000,553260.6030701754,cachekiller,big,1013618.4210526316,2.1733333333333333,1,0.3469930814262906
1200000,834211.7149122807,cachekiller,big,1014890.350877193,2.95,2,0.4709952102182012
1200000,1061412.375,cachekiller,big,1016200.6578947369,3.795,3,0.6059073975518894
1200000,1256541.0877192982,cachekiller,big,1016620.0657894736,4.875,4,0.7783395423097393
