frequency,power,task,island,voltage,time,howmany,time_rel
1200000,123850.00877192985,cacherate-80,big,1027431.4692982456,,0,
1200000,558009.0263157894,cacherate-80,big,1013681.4692982456,1.9866666666666664,1,0.3252387448840381
1200000,838497.5416666666,cacherate-80,big,1014835.5263157894,2.795,2,0.4575716234652114
1200000,1068840.4342105263,cacherate-80,big,1016112.9385964912,3.5950000000000006,3,0.5885402455661666
1200000,1268798.0263157894,cacherate-80,big,1017132.6754385964,4.61375,4,0.7553206002728512
