frequency,power,task,island,voltage,time,howmany,time_rel
1200000,123850.00877192985,cacherate-100,big,1027431.4692982456,,0,
1200000,552992.572368421,cacherate-100,big,1013552.6315789474,1.9833333333333327,1,0.3465346534653464
1200000,835695.4188596491,cacherate-100,big,1015021.9298245612,2.682500000000001,2,0.46869539895166
1200000,1064415.9780701755,cacherate-100,big,1015767.5438596492,3.4516666666666667,3,0.6030867792661619
1200000,1265694.3092105263,cacherate-100,big,1017228.6184210526,4.4504166666666665,4,0.7775917297612115
