howmany,island,task,frequency,power_25%,power_50%,power_75%,power_max,power_mean,power_min,time_25%,time_50%,time_75%,time_max,time_mean,time_min,time_rel,voltage_25%,voltage_50%,voltage_75%,voltage_max,voltage_mean,voltage_min,time
0,big,encrypt,1200000,120159.0,122213.0,123240.0,206226.0,123850.00877192985,116964.0,2.0,2.0,2.0,2.0,2.0,2.0,,1027500.0,1027500.0,1027500.0,1027500.0,1027431.4692982456,1026250.0,
1,big,encrypt,1200000,662502.0,665541.0,671619.0,723282.0,663861.1118421053,165347.0,3.57,3.57,3.57,3.6,3.5733333333333337,3.56,0.1004638957874514,1013750.0,1013750.0,1013750.0,1027500.0,1013870.6140350878,1012500.0,
2,big,encrypt,1200000,1204976.0,1211072.0,1214120.0,1241552.0,1205346.254385965,368280.0,3.58,3.58,3.59,3.61,3.586666666666666,3.58,0.1008387610702403,1016250.0,1016250.0,1016250.0,1023750.0,1016225.3289473684,1015000.0,
3,big,encrypt,1200000,1755032.0,1761140.0,1765772.5,1787040.0,1755313.504385965,874997.0,3.57,3.58,3.5875,3.65,3.5877777777777777,3.57,0.1008699998438061,1018750.0,1018750.0,1018750.0,1021250.0,1018919.9561403508,1017500.0,
4,big,encrypt,1200000,2302355.0,2308481.0,2314607.0,2338336.0,2303419.1951754387,1961460.0,3.57,3.58,3.59,3.64,3.58625,3.57,0.1008270465301532,1021250.0,1021250.0,1021250.0,1022500.0,1021296.600877193,1020000.0,
