howmany,island,task,frequency,power_25%,power_50%,power_75%,power_max,power_mean,power_min,time_25%,time_50%,time_75%,time_max,time_mean,time_min,time_rel,time
0,cpu,gzip-5,399999,1610000.0,1623000.0,1623000.0,1660000.0,1618454.0,1585000.0,2.0034120385,2.0034619955,2.0035211985,2.003916436,2.00348368042,2.003342978,,
1,cpu,gzip-5,399999,1660000.0,1660000.0,1673000.0,1710000.0,1664686.0,1648000.0,15.058494553,15.063757738,15.066044807,15.1925004708,15.08608023856,15.049603624,0.7474061563972041,
2,cpu,gzip-5,399999,1710000.0,1723000.0,1723000.0,1773000.0,1721510.0,1710000.0,15.00987494675,15.05621389,15.120892287,15.130536521,14.882780923360002,14.1003256288,0.7373341458173162,
3,cpu,gzip-5,399999,1760000.0,1773000.0,1773000.0,1823000.0,1768473.0,1748000.0,15.1702272384,15.182031066,15.200556327,15.364233851,15.20162254876,15.104223252,0.7531304421362596,
4,cpu,gzip-5,399999,1810000.0,1823000.0,1823000.0,1848000.0,1818440.3669724767,1810000.0,15.171815122775,15.21355461095,15.57780075525,16.337758033,15.464045127034998,15.1583265563,0.7661315827558777,
