howmany,island,task,frequency,power_25%,power_50%,power_75%,power_max,power_mean,power_min,time_25%,time_50%,time_75%,time_max,time_mean,time_min,time_rel,time
0,cpu,cacherate-0,399999,1610000.0,1623000.0,1623000.0,1660000.0,1618454.0,1585000.0,2.0034120385,2.0034619955,2.0035211985,2.003916436,2.00348368042,2.003342978,,
1,cpu,cacherate-0,399999,1648000.0,1660000.0,1661000.0,1698000.0,1659430.0,1648000.0,8.110660799725,8.1107235425,8.11077338475,8.895482052,8.18918297086,8.1106070284,0.7268435228959468,
2,cpu,cacherate-0,399999,1698000.0,1710000.0,1710000.0,1748000.0,1706176.0,1698000.0,8.111166662275,8.116073364550001,8.116266122575,8.892732507,8.188555590890001,8.1106317328,0.7267878388223084,
3,cpu,cacherate-0,399999,1748000.0,1760000.0,1760000.0,1798000.0,1757727.0,1735000.0,8.111073990775001,8.1166413618,8.117118078125,8.895090053,8.188455121736666,8.1103504157,0.7267789215281641,
4,cpu,cacherate-0,399999,1798000.0,1798000.0,1798000.0,1811000.0,1799684.2105263155,1798000.0,8.116400154175,8.11688211185,8.94121026745,9.363873072,8.510445786295,8.1101662423,0.7553576979213613,
