howmany,island,task,frequency,power_25%,power_50%,power_75%,power_max,power_mean,power_min,time_25%,time_50%,time_75%,time_max,time_mean,time_min,time_rel,time
0,cpu,cacherate-40,399999,1610000.0,1623000.0,1623000.0,1660000.0,1618454.0,1585000.0,2.0034120385,2.0034619955,2.0035211985,2.003916436,2.00348368042,2.003342978,,
1,cpu,cacherate-40,399999,1848000.0,1848000.0,1861000.0,1923000.0,1835400.0,1648000.0,3.17024978875,3.2993473315,3.30039671375,3.309399056,3.26140998618,3.1697921196,0.7697055369857126,
2,cpu,cacherate-40,399999,2060000.0,2060000.0,2073000.0,2098000.0,2036502.0,1685000.0,3.152281398625,3.4441728175,3.4814206685,3.514089378,3.32908795024,3.1481718583,0.7856778017085285,
3,cpu,cacherate-40,399999,2198000.0,2223000.0,2235000.0,2273000.0,2182834.0,1698000.0,3.11540592095,3.1197870062,3.1251120637,3.88030572,3.243672220848,3.1110898762,0.7655193548596854,
4,cpu,cacherate-40,399999,2211000.0,2235000.0,2248000.0,2273000.0,2212767.9837892605,1885000.0,4.1123888625500005,4.11804493185,4.882152923,5.433933344,4.44074200524625,4.100996292,1.0480325148469174,
