howmany,island,task,frequency,power_25%,power_50%,power_75%,power_max,power_mean,power_min,time_25%,time_50%,time_75%,time_max,time_mean,time_min,time_rel,voltage_25%,voltage_50%,voltage_75%,voltage_max,voltage_mean,voltage_min,time
0,big,gzip-5,400000,42090.0,43005.0,43920.0,71370.0,43959.65131578947,40260.0,2.0,2.0,2.0,2.0,2.0,2.0,,915000.0,915000.0,915000.0,916250.0,915038.3771929824,915000.0,
1,big,gzip-5,400000,232815.0,232815.0,233728.0,342912.0,232689.96271929823,114375.0,11.0525,11.06,11.0675,11.07,11.060000000000002,11.05,0.318931128946989,913750.0,913750.0,913750.0,915000.0,913736.2938596492,912500.0,
2,big,gzip-5,400000,387600.0,388512.0,389424.0,406752.0,387248.125,200385.0,11.0975,11.105,11.1125,11.14,11.105833333333337,11.08,0.3202527995386169,912500.0,912500.0,912500.0,915000.0,912502.7412280702,911250.0,
3,big,gzip-5,400000,535080.0,535990.0,536579.0,571480.0,533703.0328947369,208164.0,11.17,11.18,11.19,11.21,11.182222222222222,11.17,0.3224555838579965,910000.0,910000.0,910000.0,913750.0,910309.7587719298,910000.0,
4,big,gzip-5,400000,681590.0,683410.0,684320.0,687960.0,680533.451754386,439102.0,11.28,11.28,11.29,11.31,11.285000000000002,11.27,0.325419330033162,910000.0,910000.0,910000.0,911250.0,910043.8596491228,908750.0,
