frequency,power,task,island,voltage,time,howmany,time_rel
1900000,325980.44736842107,cacherate-60,big,1250183.6622807018,,0,
1900000,1382260.0833333333,cacherate-60,big,1254298.245614035,2.04,1,0.3095599393019727
1900000,2061372.179824561,cacherate-60,big,1257478.070175439,2.9890000000000003,2,0.4535660091047042
1900000,2654778.1578947366,cacherate-60,big,1259912.2807017544,3.7266666666666666,3,0.5655032878098128
1900000,3159913.447368421,cacherate-60,big,1261600.8771929825,4.742000000000001,4,0.7195751138088013
