frequency,power,task,island,voltage,time,howmany,time_rel
1900000,325980.44736842107,cacherate-0,big,1250183.6622807018,,0,
1900000,1155009.346491228,cacherate-0,big,1253259.320175439,2.096,1,0.0844026845637584
1900000,2001542.460526316,cacherate-0,big,1256419.9561403508,2.099,2,0.0845234899328859
1900000,2874132.471491228,cacherate-0,big,1260205.5921052631,2.1000000000000005,3,0.0845637583892617
1900000,3752144.9978070175,cacherate-0,big,1264347.5877192982,2.105,4,0.0847651006711409
