frequency,power,task,island,voltage,time,howmany,time_rel
1900000,325980.44736842107,hash,big,1250183.6622807018,,0,
1900000,2018360.774122807,hash,big,1256156.798245614,2.294,1,0.0609619984055275
1900000,3427478.039473684,hash,big,1262228.6184210526,2.381,2,0.0632739835237842
1900000,4846859.60745614,hash,big,1268582.785087719,2.374666666666667,3,0.0631056780937195
1900000,6292259.192982456,hash,big,1274975.3289473683,2.392,4,0.0635663034812649
