frequency,power,task,island,voltage,time,howmany,time_rel
1900000,325980.44736842107,cacherate-80,big,1250183.6622807018,,0,
1900000,1368741.4495614036,cacherate-80,big,1254761.5131578948,2.024,1,0.3313506139154161
1900000,2049221.50877193,cacherate-80,big,1257480.8114035088,2.8,2,0.4583901773533424
1900000,2649567.1096491227,cacherate-80,big,1259901.3157894737,3.468000000000001,3,0.56774897680764
1900000,3168532.0942982454,cacherate-80,big,1261633.7719298245,4.3965000000000005,4,0.7197544338335607
