frequency,power,task,island,voltage,time,howmany,time_rel
1900000,325980.44736842107,cacherate-20,big,1250183.6622807018,,0,
1900000,1668249.6666666667,cacherate-20,big,1255742.8728070175,2.108,1,0.1175683212493028
1900000,2308319.4254385964,cacherate-20,big,1258336.0745614036,3.741,2,0.2086447295036251
1900000,2887280.747807017,cacherate-20,big,1260748.355263158,4.770666666666667,3,0.2660717605502881
1900000,3365854.486842105,cacherate-20,big,1262700.1096491227,5.9005,4,0.329085331846068
