howmany,island,task,frequency,power_25%,power_50%,power_75%,power_max,power_mean,power_min,time_25%,time_50%,time_75%,time_max,time_mean,time_min,time_rel,voltage_25%,voltage_50%,voltage_75%,voltage_max,voltage_mean,voltage_min,time
0,big,encrypt,1900000,316250.0,321250.0,326250.0,928242.0,325980.44736842107,308750.0,2.0,2.0,2.0,2.0,2.0,2.0,,1250000.0,1250000.0,1250000.0,1251250.0,1250183.6622807018,1250000.0,
1,big,encrypt,1900000,1730768.0,1740750.5,1750864.0,1847576.0,1731344.9978070175,415332.0,2.27,2.27,2.27,2.3,2.274,2.26,0.0639332739796635,1255000.0,1256250.0,1256250.0,1256250.0,1255896.3815789474,1251250.0,
2,big,encrypt,1900000,3147456.0,3163849.0,3181503.0,3498510.0,3152947.8289473685,524169.0,2.2825,2.29,2.29,2.32,2.293,2.28,0.0644674570076378,1261250.0,1261250.0,1261250.0,1263750.0,1261258.2236842106,1251250.0,
3,big,encrypt,1900000,4622966.25,4660026.0,4682751.0,4743648.0,4639573.844298245,3910115.0,2.27,2.28,2.285,2.3,2.278,2.26,0.0640457335645002,1267500.0,1267500.0,1267500.0,1268750.0,1267494.5175438595,1263750.0,
4,big,encrypt,1900000,6119311.0,6217537.5,6261525.0,6307425.0,6166770.135964912,4008785.0,2.27,2.28,2.28,2.3,2.279000000000001,2.27,0.0640738484607094,1273750.0,1275000.0,1275000.0,1276250.0,1274443.5307017544,1265000.0,
