howmany,island,task,frequency,power_25%,power_50%,power_75%,power_max,power_mean,power_min,time_25%,time_50%,time_75%,time_max,time_mean,time_min,time_rel,voltage_25%,voltage_50%,voltage_75%,voltage_max,voltage_mean,voltage_min,time
0,big,gzip-5,200000,28365.0,29280.0,29280.0,55815.0,29714.405701754386,26535.0,2.01,2.01,2.01,2.01,2.01,2.01,,915000.0,915000.0,915000.0,916250.0,914980.8114035088,913750.0,
1,big,gzip-5,200000,125355.0,125355.0,125355.0,189405.0,125574.17324561405,98820.0,22.34,22.34,22.34,22.36,22.34166666666667,22.33,0.644254337482578,915000.0,915000.0,915000.0,915000.0,914893.0921052631,913750.0,
2,big,gzip-5,200000,201773.0,201773.0,202686.0,248976.0,201017.25657894736,54900.0,22.39,22.41,22.435,22.46,22.41,22.34,0.6462248281828231,913750.0,913750.0,913750.0,915000.0,913758.2236842106,912500.0,
3,big,gzip-5,200000,277248.0,277248.0,277248.0,283632.0,275563.7214912281,78690.0,22.58,22.59,22.625,22.68,22.59777777777777,22.52,0.6516396725460981,912500.0,912500.0,912500.0,915000.0,912516.447368421,911250.0,
4,big,gzip-5,200000,350735.0,351120.0,351646.0,352944.0,350105.89254385966,162514.0,22.7,22.72,22.7575,22.82,22.734583333333337,22.69,0.6555846590089874,911250.0,911250.0,912500.0,913750.0,911663.9254385964,911250.0,
