howmany,island,task,frequency,power_25%,power_50%,power_75%,power_max,power_mean,power_min,time_25%,time_50%,time_75%,time_max,time_mean,time_min,time_rel,voltage_25%,voltage_50%,voltage_75%,voltage_max,voltage_mean,voltage_min,time
0,big,hash,200000,28365.0,29280.0,29280.0,55815.0,29714.405701754386,26535.0,2.01,2.01,2.01,2.01,2.01,2.01,,915000.0,915000.0,915000.0,916250.0,914980.8114035088,913750.0,
1,big,hash,200000,120780.0,120780.0,120780.0,130845.0,120269.4605263158,46716.0,21.3225,21.33,21.345,21.49,21.355,21.31,0.5674993356364603,915000.0,915000.0,915000.0,916250.0,915013.7061403508,915000.0,
2,big,hash,200000,194469.0,194469.0,195382.0,209990.0,194213.68421052632,91500.0,21.275,21.29,21.325,21.54,21.31583333333333,21.24,0.5664584994242181,913750.0,913750.0,913750.0,915000.0,913862.3903508772,913750.0,
3,big,hash,200000,266304.0,266304.0,267216.0,277248.0,265461.00877192983,121429.0,21.2825,21.31,21.4,21.5,21.348888888888887,21.27,0.567336935660082,912500.0,912500.0,912500.0,915000.0,912678.1798245612,912500.0,
4,big,hash,200000,336528.0,337440.0,337440.0,339264.0,336510.2302631579,213642.0,21.3,21.33,21.46,21.69,21.39,21.29,0.5684294445920808,912500.0,912500.0,912500.0,913750.0,912319.0789473684,911250.0,
