howmany,island,task,frequency,power_25%,power_50%,power_75%,power_max,power_mean,power_min,time_25%,time_50%,time_75%,time_max,time_mean,time_min,time_rel,voltage_25%,voltage_50%,voltage_75%,voltage_max,voltage_mean,voltage_min,time
0,big,encrypt,200000,28365.0,29280.0,29280.0,55815.0,29714.405701754386,26535.0,2.01,2.01,2.01,2.01,2.01,2.01,,915000.0,915000.0,915000.0,916250.0,914980.8114035088,913750.0,
1,big,encrypt,200000,102480.0,103395.0,104310.0,124440.0,103242.48245614037,39345.0,21.7025,21.71,21.7175,21.76,21.71666666666667,21.7,0.6105618293425801,915000.0,915000.0,915000.0,915000.0,914956.1403508772,913750.0,
2,big,encrypt,200000,176209.0,177122.0,177219.0,241680.0,176965.45394736843,64050.0,21.65,21.665,21.6975,21.86,21.69,21.62,0.609812098777002,913750.0,913750.0,913750.0,915000.0,913763.7061403508,912500.0,
3,big,encrypt,200000,247152.0,248064.0,248336.0,261744.0,247718.65131578947,161040.0,21.68,21.715,21.7575,21.81,21.72111111111112,21.65,0.6106867844368432,912500.0,912500.0,912500.0,915000.0,912807.0175438595,912500.0,
4,big,encrypt,200000,318850.0,319200.0,320112.0,326496.0,319082.1228070175,211584.0,21.6575,21.68,21.7425,21.87,21.701666666666668,21.63,0.6101401058994423,911250.0,912500.0,912500.0,912500.0,911907.894736842,911250.0,
