howmany,island,task,frequency,power_25%,power_50%,power_75%,power_max,power_mean,power_min,time_25%,time_50%,time_75%,time_max,time_mean,time_min,time_rel,voltage_25%,voltage_50%,voltage_75%,voltage_max,voltage_mean,voltage_min,time
0,big,cachekiller,200000,28365.0,29280.0,29280.0,55815.0,29714.405701754386,26535.0,2.01,2.01,2.01,2.01,2.01,2.01,,915000.0,915000.0,915000.0,916250.0,914980.8114035088,913750.0,
1,big,cachekiller,200000,122610.0,123525.0,123525.0,134505.0,121799.03289473684,38472.0,3.97,3.97,3.97,4.0,3.97,3.94,0.6338477913783929,915000.0,915000.0,915000.0,916250.0,914983.552631579,913750.0,
2,big,cachekiller,200000,169818.0,170731.0,171105.0,183000.0,169676.69078947368,68625.0,5.99,6.04,6.08,6.1,6.037499999999999,5.97,0.9639435870143692,913750.0,913750.0,915000.0,915000.0,914240.6798245612,913750.0,
3,big,cachekiller,200000,198121.0,198121.0,199034.0,212729.0,198490.9188596492,158295.0,8.2475,8.835,9.0275,9.14,8.713333333333335,8.21,1.3911655135710488,913750.0,913750.0,913750.0,915000.0,913763.7061403508,912500.0,
4,big,cachekiller,200000,222772.0,222772.0,223685.0,230076.0,223220.15131578947,187165.0,11.95,12.03,12.105,12.2,11.98708333333333,11.6,1.9138504523682809,913750.0,913750.0,913750.0,913750.0,913645.8333333334,912500.0,
