howmany,island,task,frequency,power_25%,power_50%,power_75%,power_max,power_mean,power_min,time_25%,time_50%,time_75%,time_max,time_mean,time_min,time_rel,voltage_25%,voltage_50%,voltage_75%,voltage_max,voltage_mean,voltage_min,time
0,little,cacherate-20,1400000,93075.0,93075.0,93075.0,103275.0,93324.00438596492,91800.0,2.0,2.0,2.0,2.0,2.0,2.0,,1275000.0,1275000.0,1275000.0,1276250.0,1275098.6842105263,1275000.0,
1,little,cacherate-20,1400000,199861.0,199861.0,201134.0,202407.0,199499.1864035088,116025.0,4.275,4.359999999999999,4.43,4.44,4.351666666666667,4.25,0.2427031046662948,1273750.0,1273750.0,1273750.0,1275000.0,1273791.1184210526,1273750.0,
2,little,cacherate-20,1400000,282464.0,284986.0,286596.0,292560.0,283739.1096491228,113475.0,4.6075,4.8100000000000005,4.84,4.86,4.7475,4.56,0.2647796988287785,1258750.0,1262500.0,1266250.0,1275000.0,1262508.2236842106,1255000.0,
3,little,cacherate-20,1400000,362695.0,363950.0,365205.0,366460.0,361822.7127192983,148590.0,5.095,5.29,5.31,5.34,5.230555555555556,5.06,0.291720889880399,1255000.0,1255000.0,1255000.0,1270000.0,1255093.201754386,1255000.0,
4,little,cacherate-20,1400000,439803.0,441760.0,443015.0,446068.0,439799.3114035088,182448.0,5.5275,5.72,5.8325,5.87,5.689166666666668,5.5,0.3172987544153188,1253750.0,1253750.0,1255000.0,1267500.0,1254177.6315789474,1252500.0,
