howmany,island,task,frequency,power_25%,power_50%,power_75%,power_max,power_mean,power_min,time_25%,time_50%,time_75%,time_max,time_mean,time_min,time_rel,voltage_25%,voltage_50%,voltage_75%,voltage_max,voltage_mean,voltage_min,time
0,big,encrypt,1700000,235200.0,237552.0,241080.0,365040.0,240915.07675438595,229320.0,2.0,2.0,2.0,2.0,2.0,2.0,,1176250.0,1176250.0,1176250.0,1177500.0,1176219.846491228,1170000.0,
1,big,encrypt,1700000,1287201.0,1291928.0,1302422.0,1395732.0,1290131.298245614,326709.0,2.53,2.53,2.53,2.56,2.536,2.53,0.0712993767864673,1166250.0,1167500.0,1167500.0,1171250.0,1166896.929824561,1166250.0,
2,big,encrypt,1700000,2351617.0,2363078.0,2377130.0,2484862.0,2358632.692982456,1827920.0,2.54,2.55,2.55,2.62,2.56,2.54,0.0719741342954875,1170000.0,1171250.0,1171250.0,1171250.0,1170896.3815789474,1168750.0,
3,big,encrypt,1700000,3419095.5,3437448.0,3451560.0,3510360.0,3419306.4122807016,694403.0,2.53,2.53,2.54,2.55,2.535333333333333,2.52,0.0712806335223279,1175000.0,1176250.0,1176250.0,1176250.0,1175896.3815789474,1171250.0,
4,big,encrypt,1700000,4512320.0,4544488.0,4565746.0,4608262.0,4530006.028508772,4113576.0,2.53,2.53,2.5425,2.55,2.537,2.53,0.0713274916826765,1180000.0,1181250.0,1181250.0,1181250.0,1180699.0131578948,1178750.0,
