frequency,power,task,island,voltage,time,howmany,time_rel
1700000,240915.07675438595,cachekiller,big,1176219.846491228,,0,
1700000,1025009.0416666666,cachekiller,big,1165997.8070175438,2.148,1,0.3429483767961682
1700000,1533451.7719298245,cachekiller,big,1167288.9254385964,2.929,2,0.4676423629590208
1700000,1980699.9144736845,cachekiller,big,1169747.8070175438,3.652666666666667,3,0.5831825439063333
1700000,2370359.513157895,cachekiller,big,1171398.0263157894,4.683,4,0.7476849387972326
