frequency,power,task,island,voltage,time,howmany,time_rel
1700000,240915.07675438595,cacherate-0,big,1176219.846491228,,0,
1700000,861833.0,cacherate-0,big,1164846.49122807,2.34,1,0.0942281879194631
1700000,1494161.2609649124,cacherate-0,big,1166921.600877193,2.346,2,0.0944697986577181
1700000,2137955.3684210526,cacherate-0,big,1170027.4122807018,2.3500000000000005,3,0.0946308724832215
1700000,2789775.7127192984,cacherate-0,big,1173242.8728070175,2.351,4,0.0946711409395973
