frequency,power,task,island,voltage,time,howmany,time_rel
1700000,240915.07675438595,encrypt,big,1176219.846491228,,0,
1700000,1290131.298245614,encrypt,big,1166896.929824561,2.536,1,0.0712993767864673
1700000,2358632.692982456,encrypt,big,1170896.3815789474,2.56,2,0.0719741342954875
1700000,3419306.4122807016,encrypt,big,1175896.3815789474,2.535333333333333,3,0.0712806335223279
1700000,4530006.028508772,encrypt,big,1180699.0131578948,2.537,4,0.0713274916826765
