frequency,power,task,island,voltage,time,howmany,time_rel
1700000,240915.07675438595,gzip-5,big,1176219.846491228,,0,
1700000,1597201.089912281,gzip-5,big,1168007.1271929825,2.61,1,0.0752631325996058
1700000,2733007.989035088,gzip-5,big,1172478.070175439,2.6370000000000005,2,0.0760417167299466
1700000,3859211.989035088,gzip-5,big,1177785.0877192982,2.664,3,0.0768203008602874
1700000,4946915.962719298,gzip-5,big,1182891.995614035,2.704,4,0.0779737588311625
