howmany,island,task,frequency,power_25%,power_50%,power_75%,power_max,power_mean,power_min,time_25%,time_50%,time_75%,time_max,time_mean,time_min,time_rel,voltage_25%,voltage_50%,voltage_75%,voltage_max,voltage_mean,voltage_min,time
0,big,decrypt,1700000,235200.0,237552.0,241080.0,365040.0,240915.07675438595,229320.0,2.0,2.0,2.0,2.0,2.0,2.0,,1176250.0,1176250.0,1176250.0,1177500.0,1176219.846491228,1170000.0,
1,big,decrypt,1700000,1311427.0,1332143.0,1339716.0,1515933.0,1322385.105263158,527670.0,2.49,2.49,2.49,2.52,2.496,2.49,0.0696590539094841,1166250.0,1166250.0,1167500.0,1170000.0,1166861.2938596492,1166250.0,
2,big,decrypt,1700000,2416944.0,2434509.0,2452074.0,2471040.0,2427567.3815789474,1309230.0,2.5,2.5,2.5,2.53,2.504,2.49,0.0698823201079119,1170000.0,1171250.0,1171250.0,1171250.0,1170836.0745614036,1168750.0,
3,big,decrypt,1700000,3539760.0,3567984.0,3585624.0,3629136.0,3547159.8684210526,1230721.0,2.53,2.53,2.53,2.54,2.53,2.52,0.0706079352528024,1176250.0,1176250.0,1176250.0,1176250.0,1176063.596491228,1171250.0,
4,big,decrypt,1700000,4650678.5,4713371.0,4738172.0,4785918.0,4683949.71491228,1967280.0,2.53,2.54,2.54,2.54,2.536,2.52,0.0707753849016233,1181250.0,1181250.0,1181250.0,1182500.0,1181055.3728070175,1171250.0,
