howmany,island,task,frequency,power_25%,power_50%,power_75%,power_max,power_mean,power_min,time_25%,time_50%,time_75%,time_max,time_mean,time_min,time_rel,voltage_25%,voltage_50%,voltage_75%,voltage_max,voltage_mean,voltage_min,time
0,big,gzip-5,1700000,235200.0,237552.0,241080.0,365040.0,240915.07675438595,229320.0,2.0,2.0,2.0,2.0,2.0,2.0,,1176250.0,1176250.0,1176250.0,1177500.0,1176219.846491228,1170000.0,
1,big,gzip-5,1700000,1602291.0,1605792.0,1608336.0,1659474.0,1597201.089912281,472316.0,2.61,2.61,2.61,2.61,2.61,2.61,0.0752631325996058,1167500.0,1167500.0,1168750.0,1173750.0,1168007.1271929825,1167500.0,
2,big,gzip-5,1700000,2736620.0,2751856.0,2757716.0,2799908.0,2733007.989035088,969588.0,2.64,2.64,2.64,2.64,2.6370000000000005,2.62,0.0760417167299466,1172500.0,1172500.0,1172500.0,1172500.0,1172478.070175439,1171250.0,
3,big,gzip-5,1700000,3856734.75,3887631.0,3898463.0,3956902.0,3859211.989035088,1984196.0,2.655,2.66,2.67,2.69,2.664,2.64,0.0768203008602874,1177500.0,1177500.0,1178750.0,1178750.0,1177785.0877192982,1172500.0,
4,big,gzip-5,1700000,4925857.5,4977733.0,5015226.0,5052593.0,4946915.962719298,1794690.0,2.6975,2.7,2.72,2.77,2.704,2.67,0.0779737588311625,1182500.0,1182500.0,1183750.0,1183750.0,1182891.995614035,1173750.0,
