howmany,island,task,frequency,power_25%,power_50%,power_75%,power_max,power_mean,power_min,time_25%,time_50%,time_75%,time_max,time_mean,time_min,time_rel
4,cpu,gzip-1,299999,1760000.0,1761000.0,1773000.0,1798000.0,1762229.4589178355,1748000.0,19.162168974375,19.404399128,21.11999258275,23.432928823,20.133714571825003,19.1329551193,1.0536752046271212
4,cpu,gzip-1,399999,1823000.0,1823000.0,1823000.0,1836000.0,1820865.4434250763,1798000.0,14.1496613662,14.561447169,15.202148572625,16.29269146,14.780587320085,14.1372292871,0.7735253379817785
4,cpu,gzip-1,599999,1936000.0,1936000.0,1948000.0,1961000.0,1940095.573440644,1923000.0,9.1223852155,9.1275824888,10.155242158,11.1822337469,9.520797470587178,9.1082962958,0.4982601788282427
4,cpu,gzip-1,1199999,2261000.0,2273000.0,2273000.0,2286000.0,2269596.5965965968,2248000.0,4.106158599275,4.11019054655,5.1215913945,5.423670428,4.601210796125,4.1009982652,0.2407991684715767
