howmany,island,task,frequency,power_25%,power_50%,power_75%,power_max,power_mean,power_min,time_25%,time_50%,time_75%,time_max,time_mean,time_min,time_rel
4,cpu,decrypt,299999,1735000.0,1748000.0,1748000.0,1785000.0,1743032.0,1635000.0,15.10229457295,16.0721507295,16.433070298725,17.383858897,15.995536695565,15.100455535,0.99193979312336
4,cpu,decrypt,399999,1798000.0,1798000.0,1798000.0,1823000.0,1797464.0,1660000.0,12.012038644,12.0822839685,12.123620372725,12.1874708095,11.98693533917,11.1000640657,0.7433522479940389
4,cpu,decrypt,599999,1898000.0,1898000.0,1898000.0,1985000.0,1897750.0,1660000.0,7.113733833,8.058574395499999,8.136407147625,8.41196221,7.7623810499824994,7.107513718,0.4813726978600986
4,cpu,decrypt,1199999,2210000.0,2210000.0,2210000.0,2260000.0,2204786.0,1610000.0,3.1072030763000003,3.1077048199,4.032194921,4.239584617,3.5042383673515785,3.1050607828,0.2173102126751043
