howmany,island,task,frequency,power_25%,power_50%,power_75%,power_max,power_mean,power_min,time_25%,time_50%,time_75%,time_max,time_mean,time_min,time_rel
4,cpu,cacherate-0,299999,1735000.0,1748000.0,1748000.0,1761000.0,1742602.0304568529,1735000.0,11.120778635274998,11.12149135375,11.946567859525,12.585795988,11.562582455896427,11.1090815268,1.026254779740994
4,cpu,cacherate-0,399999,1798000.0,1798000.0,1798000.0,1811000.0,1799684.2105263155,1798000.0,8.116400154175,8.11688211185,8.94121026745,9.363873072,8.510445786295,8.1101662423,0.7553576979213613
4,cpu,cacherate-0,599999,1898000.0,1898000.0,1898000.0,1923000.0,1900213.2796780684,1623000.0,5.111167718225,5.11156941515,5.94874508225,6.188423646,5.402073308566668,5.108179389,0.4794693205063919
4,cpu,cacherate-0,1199999,2210000.0,2210000.0,2223000.0,2236000.0,2216719.71971972,1760000.0,2.1055091648,2.1061409334,2.9386169285,3.028077427,2.3404791667669067,2.1000051543,0.2077328262038793
