howmany,island,task,frequency,power_25%,power_50%,power_75%,power_max,power_mean,power_min,time_25%,time_50%,time_75%,time_max,time_mean,time_min,time_rel
4,cpu,cacherate-80,299999,2098000.0,2111000.0,2111000.0,2148000.0,2084846.6195761857,1848000.0,4.1377267175,4.1499709494,4.6202006725,5.155148008,4.429809026559223,4.1216778073,1.9051797172384504
4,cpu,cacherate-80,399999,2173000.0,2186000.0,2198000.0,2236000.0,2170061.92893401,1848000.0,4.0245104327500005,4.0718137645,4.1520326916500006,4.51194118,4.017075697766667,3.1001356596,1.7276706729592537
4,cpu,cacherate-80,599999,2235000.0,2248000.0,2261000.0,2323000.0,2238289.579158317,2023000.0,3.1128214977,3.1148356795,3.1177002212,4.235189588,3.352766260441739,3.1002038025,1.4419633527625193
4,cpu,cacherate-80,1199999,2398000.0,2411000.0,2423000.0,2498000.0,2415250.0,2298000.0,3.1203279717,3.12362372005,3.7863127425,4.1924912089,3.427095813710577,3.1132618822,1.4739311320573254
