howmany,island,task,frequency,power_25%,power_50%,power_75%,power_max,power_mean,power_min,time_25%,time_50%,time_75%,time_max,time_mean,time_min,time_rel,time
0,cpu,idle,1500000,3106000.0,3110000.0,3110000.0,3271000.0,3110947.0,3099000.0,2.0,2.0,2.0,2.0,2.0,2.0,,
1,cpu,idle,1500000,3106000.0,3110000.0,3110000.0,3271000.0,3110947.0,3099000.0,2.0,2.0,2.0,2.0,2.0,2.0,1.0,
2,cpu,idle,1500000,3103000.0,3103000.0,3106000.0,3301000.0,3107826.25,3095000.0,2.0,2.0,2.0,2.0,2.0,2.0,1.0,
3,cpu,idle,1500000,3106000.0,3106000.0,3110000.0,3335000.0,3112126.126126126,3099000.0,2.0,2.0,2.0,2.0,2.0,2.0,1.0,
4,cpu,idle,1500000,3106000.0,3106000.0,3110000.0,3358000.0,3112536.6666666665,3099000.0,2.0,2.0,2.0,2.0,2.0,2.0,1.0,
