howmany,island,task,frequency,power_25%,power_50%,power_75%,power_max,power_mean,power_min,time_25%,time_50%,time_75%,time_max,time_mean,time_min,time_rel,time
0,cpu,idle,1100000,3000000.0,3000000.0,3003000.0,3164000.0,3003434.2928660824,2996000.0,2.0,2.0,2.0,2.0,2.0,2.0,,
1,cpu,idle,1100000,3000000.0,3000000.0,3003000.0,3164000.0,3003434.2928660824,2996000.0,2.0,2.0,2.0,2.0,2.0,2.0,1.0,
2,cpu,idle,1100000,2996000.0,2996000.0,3000000.0,3175000.0,3001021.063189569,2992000.0,2.0,2.0,2.0,2.0,2.0,2.0,1.0,
3,cpu,idle,1100000,2996000.0,2996000.0,3000000.0,3179000.0,3001356.25,2988000.0,2.0,2.0,2.0,2.0,2.0,2.0,1.0,
4,cpu,idle,1100000,3000000.0,3003000.0,3003000.0,3282000.0,3007803.504380476,2996000.0,2.0,2.0,2.0,2.0,2.0,2.0,1.0,
