howmany,island,task,frequency,power_25%,power_50%,power_75%,power_max,power_mean,power_min,time_25%,time_50%,time_75%,time_max,time_mean,time_min,time_rel,time
0,cpu,encrypt,1100000,3000000.0,3000000.0,3003000.0,3164000.0,3003434.2928660824,2996000.0,2.0,2.0,2.0,2.0,2.0,2.0,,
1,cpu,encrypt,1100000,3366000.0,3370000.0,3374000.0,3507000.0,3370079.079079079,2992000.0,3.97,3.97,3.98,4.01,3.98,3.97,0.5459533607681757,
2,cpu,encrypt,1100000,3751000.0,3755000.0,3759000.0,3843000.0,3752587.587587588,2996000.0,3.97,3.97,3.97,4.0,3.976,3.97,0.5454046639231825,
3,cpu,encrypt,1100000,4160000.0,4163999.0,4168000.0,4210000.0,4155991.5695695695,3000000.0,3.97,3.98,3.985,4.01,3.9813333333333327,3.96,0.5461362597165066,
4,cpu,encrypt,1100000,4606000.0,4610000.0,4618000.0,4652000.0,4613255.837563451,4595000.0,3.97,3.97,3.985,4.02,3.982,3.97,0.5462277091906722,
