frequency,power,task,island,voltage,time,howmany,time_rel
600000,21402.447368421053,cacherate-20,little,954964.3640350878,,0,
600000,59607.25219298246,cacherate-20,little,954180.3728070176,6.359999999999999,1,0.3547127718906859
600000,92700.9649122807,cacherate-20,little,953760.9649122808,6.673333333333335,2,0.3721881390593047
600000,124057.48684210528,cacherate-20,little,952738.4868421052,6.989444444444443,3,0.3898184296957301
600000,154382.73903508772,cacherate-20,little,952524.6710526316,7.435833333333335,4,0.4147146309722997
