frequency,power,task,island,voltage,time,howmany,time_rel
600000,21402.447368421053,decrypt,little,954964.3640350878,,0,
600000,67415.55921052632,decrypt,little,954065.2412280702,11.831666666666669,1,0.3302014047164984
600000,114293.69956140353,decrypt,little,953692.4342105264,11.775833333333331,2,0.3286431927066374
600000,159534.4298245614,decrypt,little,952467.105263158,11.815555555555555,3,0.3297517714002201
600000,204677.68859649124,decrypt,little,951365.1315789474,11.81875,4,0.3298409228336201
