frequency,power,task,island,voltage,time,howmany,time_rel
600000,21402.447368421053,gzip-5,little,954964.3640350878,,0,
600000,70659.51535087719,gzip-5,little,953983.004385965,11.413333333333334,1,0.3291200076897198
600000,111003.11842105264,gzip-5,little,953725.3289473684,12.005833333333332,2,0.3462056038833084
600000,139878.99561403508,gzip-5,little,952524.6710526316,12.986666666666666,3,0.3744893545441438
600000,162207.4254385965,gzip-5,little,952491.7763157894,14.362916666666669,4,0.4141755178545682
