frequency,power,task,island,voltage,time,howmany,time_rel
600000,21402.447368421053,cacherate-60,little,954964.3640350878,,0,
600000,46402.94298245614,cacherate-60,little,954967.105263158,3.8533333333333335,1,0.5847243297926151
600000,68220.53947368421,cacherate-60,little,953766.447368421,4.159166666666667,2,0.6311330298431967
600000,89375.01535087719,cacherate-60,little,953750.0,4.508333333333334,3,0.684117349519474
600000,108708.125,cacherate-60,little,953741.7763157894,5.047916666666667,4,0.76599645928174
