frequency,power,task,island,voltage,time,howmany,time_rel
600000,21402.447368421053,cacherate-40,little,954964.3640350878,,0,
600000,49920.633771929824,cacherate-40,little,954986.2938596492,4.618333333333333,1,0.5714580325840379
600000,74272.47149122808,cacherate-40,little,953780.153508772,4.828333333333333,2,0.5974427717055062
600000,98761.61842105264,cacherate-40,little,953708.8815789474,5.3277777777777775,3,0.6592424554891042
600000,121392.80043859647,cacherate-40,little,953629.3859649122,5.9504166666666665,4,0.736285832130336
