frequency,power,task,island,voltage,time,howmany,time_rel
600000,21402.447368421053,cacherate-100,little,954964.3640350878,,0,
600000,43801.78728070176,cacherate-100,little,954936.951754386,3.436666666666667,1,0.6004659289458358
600000,62819.28070175439,cacherate-100,little,954235.197368421,3.701666666666666,2,0.6467676179382644
600000,80894.71271929824,cacherate-100,little,953758.2236842106,4.064444444444445,3,0.7101533682780043
600000,98065.5548245614,cacherate-100,little,953755.4824561405,4.492916666666667,4,0.7850174723354689
