howmany,island,task,frequency,power_25%,power_50%,power_75%,power_max,power_mean,power_min,time_25%,time_50%,time_75%,time_max,time_mean,time_min,time_rel
3,cpu,idle,299999,1598000.0,1598000.0,1610000.0,1648000.0,1601582.0,1585000.0,2.004273716,2.0043689955,2.00455846725,2.005173341,2.00443045188,2.00416114,0.9999590089185668
3,cpu,idle,399999,1598000.0,1598000.0,1610000.0,1648000.0,1602942.0,1585000.0,2.0032334945,2.003310055,2.003531847,2.003867661,2.003377053,2.003130988,0.9994334952001672
3,cpu,idle,599999,1598000.0,1610000.0,1623000.0,1685000.0,1611707.0,1585000.0,2.00223073775,2.0022883085,2.002484538,2.1997516078,2.003670881905333,2.002167061,0.9995800789146048
3,cpu,idle,1199999,1610000.0,1623000.0,1635000.0,1798000.0,1622822.0,1610000.0,2.00124054075,2.0014053595,2.0015243995,2.001732547,2.0013826006933337,2.001172361,0.9984385140323054
