howmany,island,task,frequency,power_25%,power_50%,power_75%,power_max,power_mean,power_min,time_25%,time_50%,time_75%,time_max,time_mean,time_min,time_rel
3,cpu,hash,299999,1710000.0,1723000.0,1735000.0,1761000.0,1721634.0,1698000.0,11.1617421995,11.1686054633,11.327097412,11.435229297,11.252010035786666,11.1542942163,0.9983105215613036
3,cpu,hash,399999,1748000.0,1760000.0,1761000.0,1811000.0,1756736.0,1735000.0,8.152171765324999,8.468346763500001,8.483559126500001,8.569390799,8.337827304966664,8.1444546563,0.7397558924170838
3,cpu,hash,599999,1823000.0,1823000.0,1836000.0,1911000.0,1828934.0,1810000.0,5.132279937,5.1344518981,5.652368349,5.689136343,5.320565050242222,5.1302139906,0.472055753009005
3,cpu,hash,1199999,2035000.0,2048000.0,2060000.0,2260000.0,2047690.0,1635000.0,2.114414354775,2.11443816895,2.1144899651,2.856793962,2.20153447409902,2.1134341181,0.195326436972852
