howmany,island,task,frequency,power_25%,power_50%,power_75%,power_max,power_mean,power_min,time_25%,time_50%,time_75%,time_max,time_mean,time_min,time_rel
3,cpu,cacherate-100,299999,2086000.0,2098000.0,2098000.0,2110000.0,2055542.4575424576,1685000.0,3.1483769198,3.488572129,3.5185482585,3.555937989,3.340493842286666,3.1448103525,1.4460298559280016
3,cpu,cacherate-100,399999,2148000.0,2173000.0,2185000.0,2223000.0,2131404.0,1723000.0,3.02270751075,3.042840417,3.0701280115,3.1937102143,3.039296352843333,2.1002976776,1.3156477678809604
3,cpu,cacherate-100,599999,2198000.0,2223000.0,2236000.0,2260000.0,2200044.0,1636000.0,2.10851026095,2.1126838106,2.1144365388,2.902728782,2.201900106729348,2.1040764392,0.9531564626151624
3,cpu,cacherate-100,1199999,2336000.0,2360000.0,2373000.0,2423000.0,2352268.0,2073000.0,2.1186727726,2.1251497157,2.1287375852,2.826307967,2.243993711946666,2.1140646202,0.9713779031451116
