howmany,island,task,frequency,power_25%,power_50%,power_75%,power_max,power_mean,power_min,time_25%,time_50%,time_75%,time_max,time_mean,time_min,time_rel
1,cpu,gzip-9,299999,1648000.0,1660000.0,1660000.0,1698000.0,1656400.0,1635000.0,20.187365785,20.192745233,20.193301299,20.21863778,20.1892758802,20.154329304,1.0
1,cpu,gzip-9,399999,1660000.0,1660000.0,1673000.0,1723000.0,1664638.0,1648000.0,15.056954499,15.062177461,15.063662579,15.1923172325,15.083059916899998,15.040187813,0.7470827585100384
1,cpu,gzip-9,599999,1698000.0,1698000.0,1710000.0,1773000.0,1703397.0,1685000.0,9.3266792206,10.006146917,10.0216460675,10.028682278,9.74115745638,9.1004549403,0.4824916710328048
1,cpu,gzip-9,1199999,1785000.0,1798000.0,1798000.0,1961000.0,1796974.0,1773000.0,4.100428044675,4.1006565875,4.101149269675,5.001594805,4.145866993485,4.1003174771,0.2053499599532903
