howmany,island,task,frequency,power_25%,power_50%,power_75%,power_max,power_mean,power_min,time_25%,time_50%,time_75%,time_max,time_mean,time_min,time_rel
1,cpu,hash,299999,1648000.0,1648000.0,1660000.0,1686000.0,1649290.0,1635000.0,11.154732185,11.1566060833,11.442640326,11.446858218,11.27105223552,11.1544243653,1.0
1,cpu,hash,399999,1660000.0,1661000.0,1673000.0,1710000.0,1664595.0,1648000.0,8.1452605751,8.345287387599999,8.547842801,8.6393449,8.355394992139999,8.144661905,0.7413145478829836
1,cpu,hash,599999,1685000.0,1698000.0,1710000.0,1773000.0,1697059.0,1673000.0,5.1317425843,5.1318807481,5.678903645,5.742704375,5.318632713726667,5.1306325764,0.47188431058507
1,cpu,hash,1199999,1773000.0,1785000.0,1786000.0,1948000.0,1785235.0,1760000.0,2.11409363925,2.11414386505,2.114206197225,2.859785742,2.2016364973529403,2.1112927902,0.1953354887678209
