howmany,island,task,frequency,power_25%,power_50%,power_75%,power_max,power_mean,power_min,time_25%,time_50%,time_75%,time_max,time_mean,time_min,time_rel
1,cpu,cacherate-40,299999,1785000.0,1798000.0,1810000.0,1823000.0,1783465.0,1635000.0,4.173760603625,4.2636152085,4.26487361625,4.266870264,4.237217779349999,4.1733150618,1.0
1,cpu,cacherate-40,399999,1848000.0,1848000.0,1861000.0,1923000.0,1835400.0,1648000.0,3.17024978875,3.2993473315,3.30039671375,3.309399056,3.26140998618,3.1697921196,0.7697055369857126
1,cpu,cacherate-40,599999,1898000.0,1910000.0,1923000.0,1948000.0,1894273.0,1673000.0,2.12759960455,2.1280467232,2.4216028762,2.735546018,2.280774004245714,2.1271023788,0.5382716025031857
1,cpu,cacherate-40,1199999,1961000.0,1973000.0,1985000.0,2060000.0,1968036.0,1760000.0,2.161423103825,2.3843689345000003,2.38862007375,2.402800981,2.3028349338875005,2.1605476696,0.5434780683471884
