howmany,island,task,frequency,power_25%,power_50%,power_75%,power_max,power_mean,power_min,time_25%,time_50%,time_75%,time_max,time_mean,time_min,time_rel
1,cpu,cacherate-60,299999,1823000.0,1835000.0,1836000.0,1860000.0,1809369.0,1635000.0,3.038231182,3.0402313065,3.04231627225,3.195888404,3.045484317,3.033022391,1.0
1,cpu,cacherate-60,399999,1860000.0,1861000.0,1873000.0,1898000.0,1842462.0,1648000.0,2.12986553795,2.1301435407,2.696842586,2.705958582,2.293333313642857,2.1291597804,0.7530274580109936
1,cpu,cacherate-60,599999,1885000.0,1898000.0,1911000.0,1936000.0,1880230.0,1685000.0,2.16198580805,2.3734098145,2.37883890975,2.394613333,2.2921945818575,2.1608179216,0.7526535497367002
1,cpu,cacherate-60,1199999,1948000.0,1960000.0,1961000.0,2073000.0,1950861.0,1773000.0,2.121992863,2.12626058,2.131383932,2.1879508167,2.134620942866667,2.113357541,0.700913457656353
