howmany,island,task,frequency,power_25%,power_50%,power_75%,power_max,power_mean,power_min,time_25%,time_50%,time_75%,time_max,time_mean,time_min,time_rel
1,cpu,cacherate-80,299999,1810000.0,1835000.0,1836000.0,1860000.0,1804278.7212787208,1635000.0,2.12134795235,2.1214953926,2.4517838013,2.790965146,2.2924810600857146,2.1206753927,0.9859541103560966
1,cpu,cacherate-80,399999,1860000.0,1860000.0,1873000.0,1886000.0,1839538.0,1648000.0,2.151933175375,2.476040829,2.482072044,2.48735906,2.3251397159425,2.1515310456,1.0
1,cpu,cacherate-80,599999,1873000.0,1885000.0,1898000.0,1923000.0,1868133.0,1685000.0,2.194680616,2.197644593,2.200541242,2.205287476,2.195356720171111,2.179718068,0.9441827108790402
1,cpu,cacherate-80,1199999,1948000.0,1960000.0,1973000.0,2061000.0,1950701.0,1761000.0,1.1049959404749998,1.1053265963,1.105673014375,1.947421851,1.189431671908,1.1044015524,0.511552774120441
