howmany,island,task,frequency,power_25%,power_50%,power_75%,power_max,power_mean,power_min,time_25%,time_50%,time_75%,time_max,time_mean,time_min,time_rel
1,cpu,gzip-1,299999,1648000.0,1660000.0,1660000.0,1698000.0,1655986.013986014,1635000.0,19.060274809,19.075685759,19.104279056,19.242760643,19.1080842402,19.057420934,1.0
1,cpu,gzip-1,399999,1660000.0,1660000.0,1673000.0,1710000.0,1664791.0,1648000.0,14.174739446,14.254148084,14.257965886,14.372226123,14.24581889218,14.1700149219,0.745538836499859
1,cpu,gzip-1,599999,1698000.0,1698000.0,1710000.0,1773000.0,1703237.0,1685000.0,9.150856202175,9.464945696,9.485804193,9.505892652,9.35025710368,9.149603012,0.4893351414062079
1,cpu,gzip-1,1199999,1798000.0,1798000.0,1798000.0,1986000.0,1798080.0,1773000.0,4.1265109163,4.12724500515,4.27795408195,4.737103769,4.278245109775001,4.1256001583,0.223897124169797
