howmany,island,task,frequency,power_25%,power_50%,power_75%,power_max,power_mean,power_min,time_25%,time_50%,time_75%,time_max,time_mean,time_min,time_rel
1,cpu,gzip-5,299999,1648000.0,1660000.0,1660000.0,1698000.0,1656767.0,1635000.0,20.16439012,20.181926322,20.1821804042,20.23465609,20.18458118044,20.159752966,1.0
1,cpu,gzip-5,399999,1660000.0,1660000.0,1673000.0,1710000.0,1664686.0,1648000.0,15.058494553,15.063757738,15.066044807,15.1925004708,15.08608023856,15.049603624,0.7474061563972041
1,cpu,gzip-5,599999,1698000.0,1698000.0,1710000.0,1786000.0,1703125.0,1685000.0,9.101480799475,10.0027173785,10.0073288065,10.017970328,9.64558203071,9.1002369985,0.47786882197274
1,cpu,gzip-5,1199999,1785000.0,1798000.0,1798000.0,1961000.0,1797566.0,1773000.0,4.100378367725,4.100461259999999,4.10109637825,4.976993508,4.1445853363800005,4.1002465591,0.2053342251359834
