howmany,island,task,frequency,power_25%,power_50%,power_75%,power_max,power_mean,power_min,time_25%,time_50%,time_75%,time_max,time_mean,time_min,time_rel,voltage_25%,voltage_50%,voltage_75%,voltage_max,voltage_mean,voltage_min,time
0,little,cachekiller,1000000,47429.0,47429.0,47429.0,58459.0,47670.88596491228,46326.0,2.0,2.0,2.0,2.0,2.0,2.0,,1103750.0,1103750.0,1103750.0,1103750.0,1103750.0,1103750.0,
1,little,cachekiller,1000000,89262.0,89262.0,89262.0,93670.0,89047.0197368421,49635.0,3.185,3.2350000000000003,3.255,3.26,3.208333333333333,3.09,0.5122405534858967,1102500.0,1102500.0,1102500.0,1103750.0,1102502.74122807,1101250.0,
2,little,cachekiller,1000000,123312.0,123424.0,124413.0,133221.0,123739.23903508772,47386.0,3.3775,3.4850000000000003,3.49,3.5,3.4475,3.34,0.5504257583821182,1101250.0,1101250.0,1101250.0,1102500.0,1101466.5570175438,1101250.0,
3,little,cachekiller,1000000,156342.0,157443.0,157443.0,169554.0,156629.7302631579,61712.0,3.68,3.705,3.8475,3.94,3.754444444444444,3.64,0.5994323221571758,1101250.0,1101250.0,1101250.0,1102500.0,1101258.2236842106,1100000.0,
4,little,cachekiller,1000000,190300.0,190300.0,190473.0,204600.0,190182.7675438597,87058.0,4.29,4.31,4.34,4.35,4.280833333333333,4.06,0.6834752527940393,1100000.0,1100000.0,1101250.0,1102500.0,1100350.8771929825,1098750.0,
