howmany,island,task,frequency,power_25%,power_50%,power_75%,power_max,power_mean,power_min,time_25%,time_50%,time_75%,time_max,time_mean,time_min,time_rel,voltage_25%,voltage_50%,voltage_75%,voltage_max,voltage_mean,voltage_min,time
0,big,idle,600000,53070.0,53985.0,54900.0,146080.0,55386.11184210526,51240.0,2.0,2.0,2.0,2.0,2.0,2.0,,915000.0,915000.0,915000.0,915000.0,914989.0350877192,913750.0,
1,big,idle,600000,53070.0,53985.0,54900.0,146080.0,55386.11184210526,51240.0,2.0,2.0,2.0,2.0,2.0,2.0,0.9950248756218908,915000.0,915000.0,915000.0,915000.0,914989.0350877192,913750.0,
2,big,idle,600000,54900.0,54900.0,55815.0,98820.0,57372.71929824561,53070.0,2.0,2.0,2.0,2.0,2.0,2.0,0.9950248756218908,915000.0,915000.0,915000.0,916250.0,914969.846491228,913750.0,
3,big,idle,600000,53070.0,54780.0,55815.0,110473.0,57156.70614035088,51240.0,2.0,2.0,2.0,2.0,2.0,2.0,0.9950248756218908,915000.0,915000.0,915000.0,915000.0,914701.2061403508,913750.0,
4,big,idle,600000,53070.0,54900.0,57645.0,119603.0,57964.99780701754,51240.0,2.0,2.0,2.0,2.0,2.0,2.0,0.9950248756218908,915000.0,915000.0,915000.0,916250.0,915068.5307017544,913750.0,
