frequency,power,task,island,voltage,time,howmany,time_rel
900000,82052.88596491228,cacherate-20,big,952341.0087719298,,0,
900000,458770.64692982455,cacherate-20,big,938358.004385965,3.2100000000000004,1,0.1790295593976575
900000,699155.951754386,cacherate-20,big,939643.6403508772,3.839166666666667,2,0.2141197248559211
900000,843872.9166666666,cacherate-20,big,940019.1885964912,5.24,3,0.2922476296709425
900000,964591.8157894736,cacherate-20,big,940263.1578947369,6.576250000000001,4,0.3667735638594534
