frequency,power,task,island,voltage,time,howmany,time_rel
900000,82052.88596491228,gzip-5,big,952341.0087719298,,0,
900000,529604.2412280702,gzip-5,big,939520.2850877192,4.903333333333333,1,0.1413947229297832
900000,894186.6052631579,gzip-5,big,940060.3070175438,4.935,2,0.142307877156726
900000,1254999.0986842106,gzip-5,big,941444.6271929824,4.97111111111111,3,0.1433491933804328
900000,1602557.0657894737,gzip-5,big,943442.9824561405,5.02,4,0.1447589753448358
