frequency,power,task,island,voltage,time,howmany,time_rel
900000,82052.88596491228,cacherate-40,big,952341.0087719298,,0,
900000,423889.01754385966,cacherate-40,big,938656.798245614,2.0683333333333334,1,0.2559290575376366
900000,614616.3903508772,cacherate-40,big,938917.2149122808,3.431666666666667,2,0.4246236337389152
900000,751187.0109649122,cacherate-40,big,939668.3114035088,4.637777777777777,3,0.5738640269471368
900000,868080.2938596491,cacherate-40,big,939978.0701754388,5.934583333333333,4,0.7343266652918127
