frequency,power,task,island,voltage,time,howmany,time_rel
900000,82052.88596491228,cacherate-0,big,952341.0087719298,,0,
900000,292517.3903508772,cacherate-0,big,949994.5175438595,4.4383333333333335,1,0.1787248322147651
900000,492779.0504385965,cacherate-0,big,938264.802631579,4.4366666666666665,2,0.1786577181208054
900000,699720.822368421,cacherate-0,big,938952.850877193,4.443333333333333,3,0.1789261744966443
900000,906094.875,cacherate-0,big,940041.1184210526,4.451250000000001,4,0.1792449664429531
