frequency,power,task,island,voltage,time,howmany,time_rel
900000,82052.88596491228,gzip-9,big,952341.0087719298,,0,
900000,530139.8114035088,gzip-9,big,941118.4210526316,4.903333333333333,1,0.1414763164222169
900000,895985.7083333334,gzip-9,big,940035.6359649122,4.9366666666666665,2,0.1424380860783842
900000,1252445.660087719,gzip-9,big,941389.802631579,4.972777777777779,3,0.1434800032058989
900000,1605757.4013157894,gzip-9,big,943717.105263158,5.020833333333333,4,0.1448665544602067
