frequency,power,task,island,voltage,time,howmany,time_rel
900000,82052.88596491228,cacherate-60,big,952341.0087719298,,0,
900000,394375.3728070175,cacherate-60,big,938741.7763157894,1.985,1,0.3012139605462822
900000,582175.1622807018,cacherate-60,big,938793.8596491228,3.0175,2,0.4578907435508346
900000,725040.1228070175,cacherate-60,big,939144.7368421052,4.051666666666667,3,0.6148204350025291
900000,842881.4934210526,cacherate-60,big,939912.2807017544,5.23,4,0.7936267071320183
