frequency,power,task,island,voltage,time,howmany,time_rel
900000,82052.88596491228,gzip-1,big,952341.0087719298,,0,
900000,516015.0964912281,gzip-1,big,938774.6710526316,4.708333333333333,1,0.1483718487394958
900000,873497.5,gzip-1,big,940005.4824561405,4.736666666666667,2,0.1492647058823529
900000,1225922.8421052631,gzip-1,big,941288.3771929824,4.781666666666667,3,0.1506827731092437
900000,1575431.2346491227,gzip-1,big,943094.846491228,4.829166666666667,4,0.1521796218487395
