power,time,task,howmany,island,frequency,time_rel
3003434.2928660824,,gzip-5,0,cpu,1100000,
3455797.7977977977,3.948,gzip-5,1,cpu,1100000,0.5450529222273355
3881375.375375375,3.975,gzip-5,2,cpu,1100000,0.5487804878048781
4328785.998,4.0586666666666655,gzip-5,3,cpu,1100000,0.560331339162448
4826098.393574297,4.2145,gzip-5,4,cpu,1100000,0.5818453750575242
