power,time,task,howmany,island,frequency,time_rel
3003434.2928660824,,gzip-1,0,cpu,1100000,
3444562.124248497,3.804,gzip-1,1,cpu,1100000,0.5460809646856158
3857385.0,3.827,gzip-1,2,cpu,1100000,0.5493827160493827
4299156.156156156,3.906,gzip-1,3,cpu,1100000,0.5607235142118864
4746334.337349397,5.138499999999999,gzip-1,4,cpu,1100000,0.7376543209876543
