power,time,task,howmany,island,frequency,time_rel
3003434.2928660824,,gzip-9,0,cpu,1100000,
3456496.993987976,3.95,gzip-9,1,cpu,1100000,0.5465867158671587
3880931.931931932,3.994,gzip-9,2,cpu,1100000,0.5526752767527676
4329366.2475,4.062500000000001,gzip-9,3,cpu,1100000,0.5621540590405906
4825452.81124498,4.225499999999999,gzip-9,4,cpu,1100000,0.5847094095940959
