power,time,task,howmany,island,frequency,time_rel
3003434.2928660824,,decrypt,0,cpu,1100000,
3374069.0,3.976,decrypt,1,cpu,1100000,0.5452550740537575
3757691.382765531,3.974,decrypt,2,cpu,1100000,0.5449808008776742
4163993.87,3.98,decrypt,3,cpu,1100000,0.5458036204059243
4624164.467005076,3.982500000000001,decrypt,4,cpu,1100000,0.5461464618760287
