power,time,task,howmany,island,frequency,time_rel
3003434.2928660824,,idle,0,cpu,1100000,
3003434.2928660824,2.0,idle,1,cpu,1100000,1.0
3001021.063189569,2.0,idle,2,cpu,1100000,1.0
3001356.25,2.0,idle,3,cpu,1100000,1.0
3007803.504380476,2.0,idle,4,cpu,1100000,1.0
