power,time,task,howmany,island,frequency,time_rel
3003434.2928660824,,encrypt,0,cpu,1100000,
3370079.079079079,3.98,encrypt,1,cpu,1100000,0.5459533607681757
3752587.587587588,3.976,encrypt,2,cpu,1100000,0.5454046639231825
4155991.5695695695,3.9813333333333327,encrypt,3,cpu,1100000,0.5461362597165066
4613255.837563451,3.982,encrypt,4,cpu,1100000,0.5462277091906722
