howmany,island,task,frequency,power_25%,power_50%,power_75%,power_max,power_mean,power_min,time_25%,time_50%,time_75%,time_max,time_mean,time_min,time_rel,time
0,cpu,hash,1100000,3000000.0,3000000.0,3003000.0,3164000.0,3003434.2928660824,2996000.0,2.0,2.0,2.0,2.0,2.0,2.0,,
1,cpu,hash,1100000,3442000.0,3442000.0,3446000.0,3500000.0,3441421.421421421,2996000.0,2.66,2.66,2.67,2.68,2.666,2.66,0.5508264462809918,
2,cpu,hash,1100000,3881000.0,3881000.0,3885000.0,3904000.0,3875252.0,2992000.0,2.66,2.66,2.66,2.67,2.662,2.66,0.55,
3,cpu,hash,1100000,4339000.0,4343000.0,4347000.0,4481000.0,4330868.998,2996000.0,2.67,2.67,2.68,2.68,2.6740000000000004,2.66,0.5524793388429753,
4,cpu,hash,1100000,4847000.0,4855000.0,4862000.0,4912000.0,4856810.240963856,4820000.0,2.66,2.67,2.67,2.68,2.668,2.66,0.5512396694214876,
