howmany,island,task,frequency,power_25%,power_50%,power_75%,power_max,power_mean,power_min,time_25%,time_50%,time_75%,time_max,time_mean,time_min,time_rel,time
0,cpu,gzip-9,1100000,3000000.0,3000000.0,3003000.0,3164000.0,3003434.2928660824,2996000.0,2.0,2.0,2.0,2.0,2.0,2.0,,
1,cpu,gzip-9,1100000,3458000.0,3458000.0,3461000.0,3564000.0,3456496.993987976,2996000.0,3.94,3.95,3.95,3.98,3.95,3.93,0.5465867158671587,
2,cpu,gzip-9,1100000,3885000.0,3889000.0,3889000.0,3908000.0,3880931.931931932,2996000.0,3.98,3.99,4.012499999999999,4.02,3.994,3.97,0.5526752767527676,
3,cpu,gzip-9,1100000,4335000.0,4343000.0,4347000.0,4442000.0,4329366.2475,2996000.0,4.06,4.065,4.07,4.07,4.062500000000001,4.04,0.5621540590405906,
4,cpu,gzip-9,1100000,4824000.0,4828000.0,4835000.0,4843000.0,4825452.81124498,4774000.0,4.22,4.22,4.23,4.25,4.225499999999999,4.21,0.5847094095940959,
