power,time,task,howmany,island,frequency,time_rel
3003434.2928660824,,hash,0,cpu,1100000,
3441421.421421421,2.666,hash,1,cpu,1100000,0.5508264462809918
3875252.0,2.662,hash,2,cpu,1100000,0.55
4330868.998,2.6740000000000004,hash,3,cpu,1100000,0.5524793388429753
4856810.240963856,2.668,hash,4,cpu,1100000,0.5512396694214876
