power,island,task,time,howmany,frequency,time_rel
1842708.291708292,cpu,cacherate-20,8.838249702964998,2,299999,1.0908563597675651
1919892.0,cpu,cacherate-20,6.292112828855,2,399999,0.7766007440849906
2037692.0,cpu,cacherate-20,4.314325598355,2,599999,0.5324933867273197
2291674.0,cpu,cacherate-20,3.2684590600466668,2,1199999,0.4034078547357314
