power,island,task,time,howmany,frequency,time_rel
1971683.3166833168,cpu,cacherate-80,2.11756006266,2,299999,0.9107237935599248
2019486.0,cpu,cacherate-80,2.3099359802728565,2,399999,0.9934611517899772
2079057.0,cpu,cacherate-80,2.3218227729425003,2,599999,0.9985734435753444
2194659.0,cpu,cacherate-80,2.2651218640412503,2,1199999,0.9741874213021554
