power,island,task,time,howmany,frequency,time_rel
1686014.0,cpu,encrypt,15.59982303789,2,299999,0.971618388561102
1712113.0,cpu,encrypt,11.59061520651,2,399999,0.7219091423042372
1758283.0,cpu,encrypt,7.654578558014999,2,599999,0.4767572853607739
1924193.0,cpu,encrypt,3.4289660291820003,2,1199999,0.213569502654769
