howmany,island,task,frequency,power_25%,power_50%,power_75%,power_max,power_mean,power_min,time_25%,time_50%,time_75%,time_max,time_mean,time_min,time_rel
2,cpu,cacherate-40,299999,1961000.0,1973000.0,1973000.0,1998000.0,1943676.0,1685000.0,4.162507201175,4.371599378,4.4227970735,4.436539327,4.30975047863,4.1563058063,1.0171180012586296
2,cpu,cacherate-40,399999,2060000.0,2060000.0,2073000.0,2098000.0,2036502.0,1685000.0,3.152281398625,3.4441728175,3.4814206685,3.514089378,3.32908795024,3.1481718583,0.7856778017085285
2,cpu,cacherate-40,599999,2123000.0,2123000.0,2135000.0,2148000.0,2102852.0,1735000.0,3.15500001875,3.179034145,3.186106876075,3.219694353,3.173110919725,3.12749134,0.7488666112912808
2,cpu,cacherate-40,1199999,2210000.0,2223000.0,2236000.0,2261000.0,2217942.0,1960000.0,2.106112223825,2.10729243295,2.1084830432,2.1099919112,2.1070382885516667,2.1002530912,0.4972692927940306
