power,island,task,time,howmany,frequency,time_rel
1612692.0,cpu,idle,2.0045279759800003,2,299999,1.0000076611939752
1616637.0,cpu,idle,2.005381127784,2,399999,1.0004332767754909
1615345.0,cpu,idle,2.00239691671,2,599999,0.998944530311296
1622826.0,cpu,idle,2.00139217088,2,1199999,0.9984432883532928
