power,island,task,time,howmany,frequency,time_rel
1697545.4545454546,cpu,gzip-1,18.83163678488,2,299999,0.9855324347619108
1721908.0,cpu,gzip-1,14.23799310226,2,399999,0.745129282626136
1781767.0,cpu,gzip-1,9.40787805516,2,599999,0.4923506688005646
1947062.0,cpu,gzip-1,4.29933455396,2,1199999,0.2250008164039263
