howmany,island,task,frequency,power_25%,power_50%,power_75%,power_max,power_mean,power_min,time_25%,time_50%,time_75%,time_max,time_mean,time_min,time_rel
2,cpu,gzip-5,299999,1685000.0,1698000.0,1698000.0,1736000.0,1697108.0,1673000.0,20.01818415575,20.09971915565,20.21392858245,20.460597986,20.04838431315,19.1011492424,0.9932524303540178
2,cpu,gzip-5,399999,1710000.0,1723000.0,1723000.0,1773000.0,1721510.0,1710000.0,15.00987494675,15.05621389,15.120892287,15.130536521,14.882780923360002,14.1003256288,0.7373341458173162
2,cpu,gzip-5,599999,1773000.0,1785000.0,1785000.0,1861000.0,1780953.0,1760000.0,9.329372125225,10.014280169,10.06034974175,10.1645992477,9.784886617207144,9.1007747502,0.4847703566269313
2,cpu,gzip-5,1199999,1935000.0,1948000.0,1948000.0,2098000.0,1945468.0,1935000.0,4.1008085666500005,5.005472383,5.0174934135,5.116889395,4.70509567622,4.1000390373,0.2331034582367012
