power,island,task,time,howmany,frequency,time_rel
1963790.2097902093,cpu,cacherate-100,2.2484700884814286,2,299999,0.9733156328405542
2019524.0,cpu,cacherate-100,2.3280546207257142,2,399999,1.0077661108622484
2073083.0,cpu,cacherate-100,2.29412975738625,2,599999,0.993080747690448
2191643.0,cpu,cacherate-100,2.191194754457777,2,1199999,0.9485223397178358
