power,island,task,time,howmany,frequency,time_rel
1694260.7392607392,cpu,hash,11.21846635133,2,299999,0.9953344299102546
1718088.0,cpu,hash,8.309655824905,2,399999,0.7372564381094475
1767174.0,cpu,hash,5.3088756346866655,2,599999,0.4710186346183441
1915975.0,cpu,hash,2.230569726351429,2,1199999,0.1979025276204409
