power,island,task,time,howmany,frequency,time_rel
1970800.1998002,cpu,cachekiller,3.052760407395,2,299999,1.3101197580391195
2020843.0,cpu,cachekiller,2.2534626218085707,2,399999,0.9670938792583872
2077299.0,cpu,cachekiller,2.320759671611429,2,599999,0.9959750172575864
2192740.0,cpu,cachekiller,2.30196374309375,2,1199999,0.9879085744204577
