power,island,task,time,howmany,frequency,time_rel
1686075.0,cpu,decrypt,15.72856420303,2,299999,0.9753838848062468
1712561.0,cpu,decrypt,11.7818786961,2,399999,0.7306359604460366
1758291.0,cpu,decrypt,7.590871335940001,2,599999,0.4707367740080947
1925025.0,cpu,decrypt,3.3441151531820004,2,1199999,0.2073804059446019
