power,island,task,time,howmany,frequency,time_rel
1943676.0,cpu,cacherate-40,4.30975047863,2,299999,1.0171180012586296
2036502.0,cpu,cacherate-40,3.32908795024,2,399999,0.7856778017085285
2102852.0,cpu,cacherate-40,3.173110919725,2,599999,0.7488666112912808
2217942.0,cpu,cacherate-40,2.1070382885516667,2,1199999,0.4972692927940306
