power,island,task,time,howmany,frequency,time_rel
1686220.0,cpu,cacherate-0,11.11587014017,2,299999,0.9866061414776942
1706176.0,cpu,cacherate-0,8.188555590890001,2,399999,0.7267878388223084
1759104.0,cpu,cacherate-0,5.110288539523333,2,599999,0.4535715148017814
1929313.0,cpu,cacherate-0,2.175377953815,2,1199999,0.1930790142566595
