power,island,task,time,howmany,frequency,time_rel
1975180.0,cpu,cacherate-60,3.21668149219,2,299999,1.0562134482960135
2023725.0,cpu,cacherate-60,2.1319930252866666,2,399999,0.7000505677818818
2081826.0,cpu,cacherate-60,2.288996777514286,2,599999,0.7516035346946381
2199723.0,cpu,cacherate-60,2.326859653401428,2,1199999,0.7640359992704003
