howmany,island,task,frequency,power_25%,power_50%,power_75%,power_max,power_mean,power_min,time_25%,time_50%,time_75%,time_max,time_mean,time_min,time_rel
2,cpu,cacherate-0,299999,1685000.0,1685000.0,1698000.0,1711000.0,1686220.0,1673000.0,11.11192325945,11.11597356195,11.12003038075,11.1208223129,11.11587014017,11.1101368972,0.9866061414776942
2,cpu,cacherate-0,399999,1698000.0,1710000.0,1710000.0,1748000.0,1706176.0,1698000.0,8.111166662275,8.116073364550001,8.116266122575,8.892732507,8.188555590890001,8.1106317328,0.7267878388223084
2,cpu,cacherate-0,599999,1748000.0,1760000.0,1761000.0,1848000.0,1759104.0,1748000.0,5.1089644276,5.1102090893,5.111590695575,5.111843229,5.110288539523333,5.1087526982,0.4535715148017814
2,cpu,cacherate-0,1199999,1923000.0,1923000.0,1935000.0,2098000.0,1929313.0,1898000.0,2.1052381917250003,2.10608600295,2.10615001605,2.948678974,2.175377953815,2.1050512696,0.1930790142566595
