power,island,task,time,howmany,frequency,time_rel
1697108.0,cpu,gzip-5,20.04838431315,2,299999,0.9932524303540178
1721510.0,cpu,gzip-5,14.882780923360002,2,399999,0.7373341458173162
1780953.0,cpu,gzip-5,9.784886617207144,2,599999,0.4847703566269313
1945468.0,cpu,gzip-5,4.70509567622,2,1199999,0.2331034582367012
