power,island,task,time,howmany,frequency,time_rel
1696988.0,cpu,gzip-9,19.92610356395,2,299999,0.986964747135478
1721895.0,cpu,gzip-9,14.8174230265,2,399999,0.7339254322158094
1780235.0,cpu,gzip-9,9.55501403335333,2,599999,0.4732717552650866
1945838.0,cpu,gzip-9,4.73699995302,2,1199999,0.2346295122781329
