howmany,island,task,frequency,power_25%,power_50%,power_75%,power_max,power_mean,power_min,time_25%,time_50%,time_75%,time_max,time_mean,time_min,time_rel,time
0,cpu,idle,800000,2919000.0,2923000.0,2927000.0,3114000.0,2926002.506265664,2916000.0,2.0,2.0,2.0,2.0,2.0,2.0,,
1,cpu,idle,800000,2919000.0,2923000.0,2927000.0,3114000.0,2926002.506265664,2916000.0,2.0,2.0,2.0,2.0,2.0,2.0,1.0,
2,cpu,idle,800000,2919000.0,2919000.0,2923000.0,3106000.0,2924016.016016016,2912000.0,2.0,2.0,2.0,2.0,2.0,2.0,1.0,
3,cpu,idle,800000,2919000.0,2919000.0,2927000.0,3187000.0,2925416.4164164164,2912000.0,2.0,2.0,2.0,2.0,2.0,2.0,1.0,
4,cpu,idle,800000,2923000.0,2923000.0,2927000.0,3141000.0,2929143.143143143,2919000.0,2.0,2.0,2.0,2.0,2.0,2.0,1.0,
