howmany,island,task,frequency,power_25%,power_50%,power_75%,power_max,power_mean,power_min,time_25%,time_50%,time_75%,time_max,time_mean,time_min,time_rel,time
0,cpu,gzip-9,800000,2919000.0,2923000.0,2927000.0,3114000.0,2926002.506265664,2916000.0,2.0,2.0,2.0,2.0,2.0,2.0,,
1,cpu,gzip-9,800000,3244000.0,3244000.0,3248000.0,3286000.0,3244955.955955956,3152000.0,5.43,5.45,5.45,5.46,5.444,5.43,0.7533210332103321,
2,cpu,gzip-9,800000,3545000.0,3549000.0,3553000.0,3626000.0,3545002.004008016,2919000.0,5.452500000000001,5.46,5.467499999999999,5.49,5.462000000000001,5.45,0.7558118081180812,
3,cpu,gzip-9,800000,3862000.0,3862000.0,3866000.0,3961000.0,3857869.8698698697,2919000.0,5.55,5.55,5.56,5.6,5.554666666666667,5.54,0.7686346863468635,
4,cpu,gzip-9,800000,4202000.0,4206000.0,4210000.0,4355000.0,4205828.888319672,4141000.0,5.74,5.745,5.76,5.78,5.7445,5.7,0.7949031365313654,
