power,time,task,howmany,island,frequency,time_rel
3110947.0,,idle,0,cpu,1500000,
3110947.0,2.0,idle,1,cpu,1500000,1.0
3107826.25,2.0,idle,2,cpu,1500000,1.0
3112126.126126126,2.0,idle,3,cpu,1500000,1.0
3112536.6666666665,2.0,idle,4,cpu,1500000,1.0
