howmany,island,task,frequency,power_25%,power_50%,power_75%,power_max,power_mean,power_min,time_25%,time_50%,time_75%,time_max,time_mean,time_min,time_rel,time
0,cpu,decrypt,1500000,3106000.0,3110000.0,3110000.0,3271000.0,3110947.0,3099000.0,2.0,2.0,2.0,2.0,2.0,2.0,,
1,cpu,decrypt,1500000,3629000.0,3633000.0,3637000.0,3721000.0,3630508.016032064,3103000.0,2.92,2.92,2.92,2.93,2.92,2.91,0.4004388370817334,
2,cpu,decrypt,1500000,4179000.0,4187000.0,4190000.0,4267000.0,4177632.6326326327,3103000.0,2.92,2.92,2.93,2.93,2.923,2.91,0.4008502468458585,
3,cpu,decrypt,1500000,4790000.0,4793000.0,4801000.0,4916000.0,4781551.551551552,3106000.0,2.92,2.92,2.93,2.93,2.921333333333334,2.91,0.4006216858657891,
4,cpu,decrypt,1500000,5446000.0,5454000.0,5461000.0,5507000.0,5453776.767676768,5419000.0,2.92,2.92,2.9225,2.94,2.923,2.92,0.4008502468458585,
