power,time,task,howmany,island,frequency,time_rel
3110947.0,,gzip-5,0,cpu,1500000,
3746569.5695695695,2.902,gzip-5,1,cpu,1500000,0.4006442705936494
4355602.602602603,2.9200000000000004,gzip-5,2,cpu,1500000,0.4031293143120111
5021026.0,2.989333333333334,gzip-5,3,cpu,1500000,0.4127013345605155
5698559.679037111,3.1445,gzip-5,4,cpu,1500000,0.4341233317993557
