power,time,task,howmany,island,frequency,time_rel
3110947.0,,gzip-1,0,cpu,1500000,
3731987.987987988,2.794,gzip-1,1,cpu,1500000,0.4010910134941143
4323334.334334334,4.672000000000001,gzip-1,2,cpu,1500000,0.6706861900660351
4966124.0,5.311333333333334,gzip-1,3,cpu,1500000,0.762465307684946
5630828.485456369,3.0354999999999994,gzip-1,4,cpu,1500000,0.4357594028136663
