power,time,task,howmany,island,frequency,time_rel
3110947.0,,gzip-9,0,cpu,1500000,
3746835.0,2.896,gzip-9,1,cpu,1500000,0.4007380073800738
4364792.0,2.928,gzip-9,2,cpu,1500000,0.4051660516605166
5019849.997,2.980666666666666,gzip-9,3,cpu,1500000,0.4124538745387453
5703629.889669007,3.1295,gzip-9,4,cpu,1500000,0.4330488929889299
