power,time,task,howmany,island,frequency,time_rel
3110947.0,,decrypt,0,cpu,1500000,
3630508.016032064,2.92,decrypt,1,cpu,1500000,0.4004388370817334
4177632.6326326327,2.923,decrypt,2,cpu,1500000,0.4008502468458585
4781551.551551552,2.921333333333334,decrypt,3,cpu,1500000,0.4006216858657891
5453776.767676768,2.923,decrypt,4,cpu,1500000,0.4008502468458585
