howmany,island,task,frequency,power_25%,power_50%,power_75%,power_max,power_mean,power_min,time_25%,time_50%,time_75%,time_max,time_mean,time_min,time_rel,voltage_25%,voltage_50%,voltage_75%,voltage_max,voltage_mean,voltage_min,time
0,big,encrypt,500000,47580.0,48495.0,49423.5,98820.0,49942.20394736842,45750.0,2.0,2.0,2.0,2.0,2.0,2.0,,915000.0,915000.0,915000.0,916250.0,915057.5657894736,915000.0,
1,big,encrypt,500000,230989.0,231902.0,232815.0,318288.0,231540.75877192983,119865.0,8.5525,8.56,8.5675,8.6,8.565,8.55,0.2408040860315823,913750.0,913750.0,913750.0,915000.0,913678.7280701754,912500.0,
2,big,encrypt,500000,412683.0,414505.0,418149.0,486474.0,414550.5942982456,115951.0,8.55,8.56,8.57,8.61,8.565,8.54,0.2408040860315823,911250.0,911250.0,912500.0,913750.0,911842.105263158,911250.0,
3,big,encrypt,500000,590590.0,591500.0,592410.0,612680.0,588912.302631579,159775.0,8.5525,8.56,8.57,8.64,8.571666666666667,8.55,0.2409915186729769,910000.0,910000.0,910000.0,913750.0,909857.4561403508,900000.0,
4,big,encrypt,500000,751434.0,752335.0,754137.0,760386.0,751131.2521929825,600434.0,8.56,8.575,8.5925,8.67,8.587083333333334,8.55,0.2414249566562016,901250.0,901250.0,902500.0,907500.0,901735.197368421,901250.0,
