howmany,island,task,frequency,power_25%,power_50%,power_75%,power_max,power_mean,power_min,time_25%,time_50%,time_75%,time_max,time_mean,time_min,time_rel,voltage_25%,voltage_50%,voltage_75%,voltage_max,voltage_mean,voltage_min,time
0,big,gzip-5,500000,47580.0,48495.0,49423.5,98820.0,49942.20394736842,45750.0,2.0,2.0,2.0,2.0,2.0,2.0,,915000.0,915000.0,915000.0,916250.0,915057.5657894736,915000.0,
1,big,gzip-5,500000,285456.0,286368.0,286446.5,341625.0,285762.5899122807,64120.0,8.83,8.835,8.84,8.84,8.833333333333334,8.82,0.2547219685682703,912500.0,912500.0,912500.0,916250.0,912524.6710526316,911250.0,
2,big,gzip-5,500000,477364.0,478275.0,479186.0,498317.0,475908.8421052632,178035.0,8.8675,8.87,8.88,8.88,8.871666666666668,8.86,0.255827365790359,911250.0,911250.0,911250.0,913750.0,911197.9166666666,910000.0,
3,big,gzip-5,500000,648540.0,649621.0,650522.0,733414.0,648434.4210526316,420404.0,8.93,8.934999999999999,8.94,8.96,8.936111111111112,8.92,0.2576857147434357,900000.0,901250.0,901250.0,911250.0,900986.8421052631,900000.0,
4,big,gzip-5,500000,826232.0,830291.0,831644.0,834350.0,824796.4035087719,406770.0,9.01,9.02,9.03,9.04,9.01875,9.0,0.2600687268707646,902500.0,902500.0,902500.0,910000.0,902552.0833333334,901250.0,
