power,time,task,howmany,island,frequency,time_rel
2978583.583583584,,gzip-5,0,cpu,1000000,
3384843.0,4.354,gzip-5,1,cpu,1000000,0.6011044638748274
3766983.983983984,4.372999999999999,gzip-5,2,cpu,1000000,0.6037275655775425
4167138.963,4.458666666666668,gzip-5,3,cpu,1000000,0.6155545329038198
4617150.451354062,4.618,gzip-5,4,cpu,1000000,0.6375517717441326
