howmany,island,task,frequency,power_25%,power_50%,power_75%,power_max,power_mean,power_min,time_25%,time_50%,time_75%,time_max,time_mean,time_min,time_rel,time
0,cpu,hash,1000000,2973000.0,2977000.0,2977000.0,3137000.0,2978583.583583584,2965000.0,2.0,2.0,2.0,2.0,2.0,2.0,,
1,cpu,hash,1000000,3374000.0,3374000.0,3377000.0,3503000.0,3372989.98998999,2969000.0,2.92,2.92,2.93,2.95,2.928,2.92,0.6049586776859505,
2,cpu,hash,1000000,3763000.0,3767000.0,3771000.0,3828000.0,3761178.178178178,3232000.0,2.93,2.94,2.94,2.94,2.9360000000000004,2.93,0.606611570247934,
3,cpu,hash,1000000,4179000.0,4183000.0,4190000.0,4286000.0,4173780.997,2969000.0,2.94,2.94,2.94,2.95,2.9399999999999995,2.93,0.6074380165289255,
4,cpu,hash,1000000,4633000.0,4641000.0,4648000.0,4683000.0,4639286.860581745,4606000.0,2.94,2.95,2.95,2.97,2.9475,2.93,0.608987603305785,
