power,time,task,howmany,island,frequency,time_rel
2978583.583583584,,encrypt,0,cpu,1000000,
3308647.5903614457,4.372000000000001,encrypt,1,cpu,1000000,0.5997256515775036
3648760.280842528,4.372999999999999,encrypt,2,cpu,1000000,0.5998628257887517
4011195.24774323,4.37,encrypt,3,cpu,1000000,0.5994513031550069
4419654.822335025,4.3755,encrypt,4,cpu,1000000,0.6002057613168724
