power,time,task,howmany,island,frequency,time_rel
2978583.583583584,,gzip-9,0,cpu,1000000,
3385115.230460922,4.343999999999999,gzip-9,1,cpu,1000000,0.6011070110701107
3769103.103103103,4.38,gzip-9,2,cpu,1000000,0.6060885608856088
4171636.244488978,4.452000000000001,gzip-9,3,cpu,1000000,0.6160516605166053
4619703.517587939,4.619999999999999,gzip-9,4,cpu,1000000,0.6392988929889298
