howmany,island,task,frequency,power_25%,power_50%,power_75%,power_max,power_mean,power_min,time_25%,time_50%,time_75%,time_max,time_mean,time_min,time_rel,time
0,cpu,decrypt,1000000,2973000.0,2977000.0,2977000.0,3137000.0,2978583.583583584,2965000.0,2.0,2.0,2.0,2.0,2.0,2.0,,
1,cpu,decrypt,1000000,3309000.0,3313000.0,3313000.0,3435000.0,3311847.847847848,2973000.0,4.36,4.37,4.37,4.37,4.366,4.36,0.5987383433900164,
2,cpu,decrypt,1000000,3656000.0,3660000.0,3660000.0,3759000.0,3655618.2364729457,2973000.0,4.37,4.38,4.38,4.41,4.379,4.37,0.6005211190345584,
3,cpu,decrypt,1000000,4022000.0,4030000.0,4034000.0,4106000.0,4023528.034068137,2996000.0,4.37,4.38,4.39,4.4,4.381333333333333,4.37,0.6008411044066557,
4,cpu,decrypt,1000000,4427000.0,4431000.0,4435000.0,4473000.0,4431524.873096447,4416000.0,4.38,4.38,4.39,4.4,4.3815,4.36,0.6008639605046626,
