power,time,task,howmany,island,frequency,time_rel
2978583.583583584,,gzip-1,0,cpu,1000000,
3375480.0,4.18,gzip-1,1,cpu,1000000,0.6000574217628482
3746698.6986986985,4.578,gzip-1,2,cpu,1000000,0.6571920757967271
4137558.917917918,5.718000000000001,gzip-1,3,cpu,1000000,0.8208440999138675
4575950.852557673,6.4765,gzip-1,4,cpu,1000000,0.929730117714614
