power,time,task,howmany,island,frequency,time_rel
2978583.583583584,,decrypt,0,cpu,1000000,
3311847.847847848,4.366,decrypt,1,cpu,1000000,0.5987383433900164
3655618.2364729457,4.379,decrypt,2,cpu,1000000,0.6005211190345584
4023528.034068137,4.381333333333333,decrypt,3,cpu,1000000,0.6008411044066557
4431524.873096447,4.3815,decrypt,4,cpu,1000000,0.6008639605046626
