power,time,task,howmany,island,frequency,time_rel
2978583.583583584,,idle,0,cpu,1000000,
2978583.583583584,2.0,idle,1,cpu,1000000,1.0
2975778.75,2.0,idle,2,cpu,1000000,1.0
2975956.870611836,2.0,idle,3,cpu,1000000,1.0
2981814.7684605755,2.0,idle,4,cpu,1000000,1.0
