howmany,island,task,frequency,power_25%,power_50%,power_75%,power_max,power_mean,power_min,time_25%,time_50%,time_75%,time_max,time_mean,time_min,time_rel,time
0,cpu,idle,1000000,2973000.0,2977000.0,2977000.0,3137000.0,2978583.583583584,2965000.0,2.0,2.0,2.0,2.0,2.0,2.0,,
1,cpu,idle,1000000,2973000.0,2977000.0,2977000.0,3137000.0,2978583.583583584,2965000.0,2.0,2.0,2.0,2.0,2.0,2.0,1.0,
2,cpu,idle,1000000,2969000.0,2973000.0,2973000.0,3152000.0,2975778.75,2965000.0,2.0,2.0,2.0,2.0,2.0,2.0,1.0,
3,cpu,idle,1000000,2969000.0,2973000.0,2977000.0,3118000.0,2975956.870611836,2961000.0,2.0,2.0,2.0,2.0,2.0,2.0,1.0,
4,cpu,idle,1000000,2975000.0,2977000.0,2980000.0,3209000.0,2981814.7684605755,2969000.0,2.0,2.0,2.0,2.0,2.0,2.0,1.0,
