power,time,task,howmany,island,frequency,time_rel
2978583.583583584,,hash,0,cpu,1000000,
3372989.98998999,2.928,hash,1,cpu,1000000,0.6049586776859505
3761178.178178178,2.9360000000000004,hash,2,cpu,1000000,0.606611570247934
4173780.997,2.9399999999999995,hash,3,cpu,1000000,0.6074380165289255
4639286.860581745,2.9475,hash,4,cpu,1000000,0.608987603305785
