howmany,island,task,frequency,power_25%,power_50%,power_75%,power_max,power_mean,power_min,time_25%,time_50%,time_75%,time_max,time_mean,time_min,time_rel,voltage_25%,voltage_50%,voltage_75%,voltage_max,voltage_mean,voltage_min,time
0,big,cachekiller,1400000,156165.0,158319.0,160473.0,485616.0,161186.93640350876,150780.0,2.0,2.0,2.0,2.0,2.0,2.0,,1077500.0,1077500.0,1077500.0,1077500.0,1077365.679824561,1072500.0,
1,big,cachekiller,1400000,696265.0,699454.0,701580.0,1011634.0,699245.7478070175,428000.0,2.14,2.145,2.15,2.15,2.145,2.14,0.3424693986162853,1063750.0,1063750.0,1063750.0,1070000.0,1063999.451754386,1062500.0,
2,big,cachekiller,1400000,1046566.5,1049025.0,1052220.0,1078845.0,1046696.3859649122,312243.0,2.9375,2.94,2.94,2.94,2.936666666666667,2.92,0.4688664183076105,1065000.0,1065000.0,1065000.0,1073750.0,1065137.0614035088,1063750.0,
3,big,cachekiller,1400000,1343353.0,1345487.0,1348688.0,1403105.0,1345695.1140350876,834108.0,3.645,3.81,3.87,3.91,3.7783333333333338,3.61,0.603246407663651,1067500.0,1067500.0,1067500.0,1068750.0,1067234.100877193,1066250.0,
4,big,cachekiller,1400000,1600500.0,1603068.0,1604294.0,1625041.0,1602528.7478070175,1358084.0,4.8175,4.835,4.8525,4.91,4.839166666666666,4.79,0.7726184140500266,1067500.0,1067500.0,1068750.0,1068750.0,1068056.4692982456,1066250.0,
