howmany,island,task,frequency,power_25%,power_50%,power_75%,power_max,power_mean,power_min,time_25%,time_50%,time_75%,time_max,time_mean,time_min,time_rel,time
0,cpu,idle,1400000,3080000.0,3080000.0,3084000.0,3259000.0,3084576.0,3072000.0,2.0,2.0,2.0,2.0,2.0,2.0,,
1,cpu,idle,1400000,3080000.0,3080000.0,3084000.0,3259000.0,3084576.0,3072000.0,2.0,2.0,2.0,2.0,2.0,2.0,1.0,
2,cpu,idle,1400000,3072000.0,3076000.0,3080000.0,3267000.0,3079613.841524573,3068000.0,2.0,2.0,2.0,2.0,2.0,2.0,1.0,
3,cpu,idle,1400000,3076000.0,3080000.0,3087000.0,3286000.0,3085741.0,3072000.0,2.0,2.0,2.0,2.0,2.0,2.0,1.0,
4,cpu,idle,1400000,3080000.0,3084000.0,3087000.0,3370000.0,3087684.6846846845,3072000.0,2.0,2.0,2.0,2.0,2.0,2.0,1.0,
