howmany,island,task,frequency,power_25%,power_50%,power_75%,power_max,power_mean,power_min,time_25%,time_50%,time_75%,time_max,time_mean,time_min,time_rel,time
0,cpu,decrypt,1400000,3080000.0,3080000.0,3084000.0,3259000.0,3084576.0,3072000.0,2.0,2.0,2.0,2.0,2.0,2.0,,
1,cpu,decrypt,1400000,3564000.0,3566000.0,3568000.0,3679000.0,3564722.44488978,3076000.0,3.12,3.12,3.13,3.13,3.124,3.12,0.4284147010422381,
2,cpu,decrypt,1400000,4072000.0,4080000.0,4083999.0,4133000.0,4071380.852852853,3076000.0,3.12,3.125,3.1375,3.15,3.129,3.12,0.4291003839824465,
3,cpu,decrypt,1400000,4626000.0,4629000.0,4637000.0,4752000.0,4619268.268268269,3076000.0,3.12,3.13,3.14,3.15,3.130666666666667,3.12,0.429328944962516,
4,cpu,decrypt,1400000,5244000.0,5252000.0,5259000.0,5297000.0,5251875.631951466,5225000.0,3.13,3.13,3.14,3.15,3.1325000000000003,3.12,0.4295803620405924,
