howmany,island,task,frequency,power_25%,power_50%,power_75%,power_max,power_mean,power_min,time_25%,time_50%,time_75%,time_max,time_mean,time_min,time_rel,voltage_25%,voltage_50%,voltage_75%,voltage_max,voltage_mean,voltage_min,time
0,big,decrypt,1300000,138864.0,140968.0,143072.0,207244.0,143356.77850877194,135708.0,2.0,2.0,2.0,2.0,2.0,2.0,,1052500.0,1052500.0,1052500.0,1052500.0,1052239.5833333333,1051250.0,
1,big,decrypt,1300000,774348.0,784160.0,788880.0,813280.0,777457.0263157894,178840.0,3.24,3.24,3.2475,3.27,3.2466666666666675,3.24,0.0906088655286292,1038750.0,1040000.0,1040000.0,1052500.0,1039542.2149122808,1038750.0,
2,big,decrypt,1300000,1429115.25,1436918.0,1446990.0,1617693.0,1434900.3377192982,746844.0,3.25,3.25,3.2525,3.28,3.2541666666666664,3.24,0.0908181775896553,1041250.0,1042500.0,1042500.0,1046250.0,1042072.3684210526,1041250.0,
3,big,decrypt,1300000,2077460.0,2086865.0,2097251.25,2129656.0,2077754.3026315789,1158905.0,3.26,3.26,3.26,3.33,3.268333333333333,3.25,0.0912135448160379,1045000.0,1045000.0,1046250.0,1046250.0,1045433.1140350878,1043750.0,
4,big,decrypt,1300000,2720608.0,2741568.0,2756885.25,2782500.0,2731602.1885964912,1347005.0,3.26,3.26,3.27,3.34,3.275,3.26,0.0913995999813944,1048750.0,1048750.0,1048750.0,1050000.0,1048623.903508772,1045000.0,
