howmany,island,task,frequency,power_25%,power_50%,power_75%,power_max,power_mean,power_min,time_25%,time_50%,time_75%,time_max,time_mean,time_min,time_rel,voltage_25%,voltage_50%,voltage_75%,voltage_max,voltage_mean,voltage_min,time
0,big,encrypt,1600000,203702.0,205978.0,209760.0,601550.0,210462.20175438595,198012.0,2.0,2.0,2.0,2.0,2.0,2.0,,1138750.0,1138750.0,1140000.0,1140000.0,1139331.1403508773,1135000.0,
1,big,encrypt,1600000,1117984.0,1122492.0,1128127.0,1159683.0,1119620.2105263155,227600.0,2.6825,2.69,2.69,2.71,2.69,2.68,0.0756290708026802,1127500.0,1127500.0,1128750.0,1138750.0,1127908.4429824562,1127500.0,
2,big,encrypt,1600000,2039193.0,2049712.0,2061372.0,2110446.0,2044976.28508772,1351608.0,2.7,2.7,2.7,2.73,2.704166666666666,2.69,0.0760273651656435,1131250.0,1132500.0,1132500.0,1132500.0,1131932.5657894737,1131250.0,
3,big,encrypt,1600000,2975184.0,2986544.0,2997904.0,3058112.0,2974922.589912281,1146350.0,2.69,2.7,2.7,2.78,2.7094444444444443,2.69,0.0761757493400809,1136250.0,1136250.0,1136250.0,1137500.0,1136250.0,1135000.0,
4,big,encrypt,1600000,3916758.0,3938716.0,3959270.0,4014130.0,3920966.1513157897,2297724.0,2.69,2.6950000000000003,2.71,2.75,2.702083333333333,2.68,0.0759687924652078,1140000.0,1141250.0,1141250.0,1142500.0,1140866.2280701755,1133750.0,
