howmany,island,task,frequency,power_25%,power_50%,power_75%,power_max,power_mean,power_min,time_25%,time_50%,time_75%,time_max,time_mean,time_min,time_rel,time
0,cpu,decrypt,1200000,3026000.0,3026000.0,3030000.0,3255000.0,3031055.165496489,3019000.0,2.0,2.0,2.0,2.0,2.0,2.0,,
1,cpu,decrypt,1200000,3435000.0,3438000.0,3438000.0,3572000.0,3436134.1341341343,3026000.0,3.65,3.65,3.66,3.67,3.656,3.65,0.501371365880417,
2,cpu,decrypt,1200000,3862000.0,3866000.0,3870000.0,3958000.0,3860797.246558198,3022000.0,3.6475,3.65,3.65,3.66,3.64875,3.64,0.5003771256171147,
3,cpu,decrypt,1200000,4316000.0,4324000.0,4328000.0,4435000.0,4311909.819639279,3022000.0,3.64,3.64,3.655,3.67,3.648000000000001,3.64,0.5002742731760835,
4,cpu,decrypt,1200000,4824000.0,4828000.0,4835000.0,4877000.0,4829556.345177665,4809000.0,3.6475,3.65,3.66,3.68,3.653,3.64,0.5009599561162918,
