howmany,island,task,frequency,power_25%,power_50%,power_75%,power_max,power_mean,power_min,time_25%,time_50%,time_75%,time_max,time_mean,time_min,time_rel,time
0,cpu,gzip-9,1200000,3026000.0,3026000.0,3030000.0,3255000.0,3031055.165496489,3019000.0,2.0,2.0,2.0,2.0,2.0,2.0,,
1,cpu,gzip-9,1200000,3530000.0,3530000.0,3534000.0,3629000.0,3527989.97995992,3022000.0,3.63,3.63,3.64,3.65,3.632,3.61,0.5025830258302584,
2,cpu,gzip-9,1200000,4003000.0,4006999.0,4006999.0,4091000.0,3996773.173346693,3022000.0,3.6525,3.66,3.66,3.68,3.66,3.65,0.5064575645756458,
3,cpu,gzip-9,1200000,4507000.0,4511000.0,4515000.0,4522000.0,4498542.0,3026000.0,3.71,3.72,3.73,3.74,3.719333333333333,3.7,0.5146678966789667,
4,cpu,gzip-9,1200000,5042000.0,5053000.0,5057000.0,5129000.0,5047367.469879518,4981000.0,3.87,3.875,3.8925,3.9,3.8795,3.85,0.5368311808118081,
