howmany,island,task,frequency,power_25%,power_50%,power_75%,power_max,power_mean,power_min,time_25%,time_50%,time_75%,time_max,time_mean,time_min,time_rel,voltage_25%,voltage_50%,voltage_75%,voltage_max,voltage_mean,voltage_min,time
0,little,gzip-5,1300000,78464.0,78464.0,79690.0,87046.0,79200.67543859649,78464.0,2.0,2.0,2.0,2.0,2.0,2.0,,1226250.0,1226250.0,1226250.0,1226250.0,1226250.0,1226250.0,
1,little,gzip-5,1300000,255607.0,256830.0,258053.0,260499.0,254962.1798245614,78464.0,5.325,5.385,5.445,5.46,5.384999999999999,5.31,0.1552842793290719,1223750.0,1223750.0,1223750.0,1226250.0,1223763.7061403508,1222500.0,
2,little,gzip-5,1300000,362779.5,370242.0,377478.0,385920.0,367796.02192982455,87046.0,5.66,5.705,5.7975,5.87,5.734166666666667,5.65,0.1653530061998366,1206250.0,1206250.0,1206250.0,1226250.0,1206469.298245614,1205000.0,
3,little,gzip-5,1300000,425365.0,435005.0,438620.0,447055.0,429710.2302631579,121275.0,6.7325,6.79,6.81,6.88,6.775555555555556,6.63,0.1953829640665801,1205000.0,1205000.0,1205000.0,1225000.0,1205145.285087719,1205000.0,
4,little,gzip-5,1300000,474770.0,479590.0,482000.0,492845.0,474859.5877192983,214368.0,7.96,7.99,8.03,8.2,8.002916666666668,7.89,0.2307757004854135,1205000.0,1205000.0,1205000.0,1218750.0,1205016.4473684211,1203750.0,
