frequency,power,task,island,voltage,time,howmany,time_rel
1300000,79200.67543859649,cacherate-60,little,1226250.0,,0,
1300000,145630.58114035087,cacherate-60,little,1225293.3114035088,3.0850000000000004,1,0.4681335356600911
1300000,202889.43201754385,cacherate-60,little,1224602.5219298245,3.365833333333333,2,0.5107486090035407
1300000,247947.9298245614,cacherate-60,little,1206515.899122807,3.8072222222222223,3,0.5777271960883493
1300000,299200.649122807,cacherate-60,little,1206343.201754386,4.2825,4,0.6498482549317147
