frequency,power,task,island,voltage,time,howmany,time_rel
1300000,79200.67543859649,cacherate-100,little,1226250.0,,0,
1300000,141095.56798245615,cacherate-100,little,1225268.6403508773,2.8016666666666663,1,0.4895165987186954
1300000,192300.7653508772,cacherate-100,little,1224808.1140350876,2.9625,2,0.5176179382644147
1300000,231905.3903508772,cacherate-100,little,1207431.4692982456,3.364444444444445,3,0.5878470199961174
1300000,277126.5460526316,cacherate-100,little,1206373.355263158,3.738333333333333,4,0.6531741409435061
