howmany,island,task,frequency,power_25%,power_50%,power_75%,power_max,power_mean,power_min,time_25%,time_50%,time_75%,time_max,time_mean,time_min,time_rel,voltage_25%,voltage_50%,voltage_75%,voltage_max,voltage_mean,voltage_min,time
0,big,hash,1900000,316250.0,321250.0,326250.0,928242.0,325980.44736842107,308750.0,2.0,2.0,2.0,2.0,2.0,2.0,,1250000.0,1250000.0,1250000.0,1251250.0,1250183.6622807018,1250000.0,
1,big,hash,1900000,2020904.0,2034720.0,2049792.0,2091240.0,2018360.774122807,353750.0,2.29,2.29,2.29,2.31,2.294,2.29,0.0609619984055275,1256250.0,1256250.0,1256250.0,1257500.0,1256156.798245614,1250000.0,
2,big,hash,1900000,3427543.5,3446522.0,3465767.5,3735954.0,3427478.039473684,525420.0,2.38,2.38,2.38,2.39,2.381,2.37,0.0632739835237842,1262500.0,1262500.0,1262500.0,1263750.0,1262228.6184210526,1251250.0,
3,big,hash,1900000,4837420.0,4876728.0,4910013.0,4998720.0,4846859.60745614,1519760.0,2.32,2.41,2.42,2.43,2.374666666666667,2.31,0.0631056780937195,1268750.0,1268750.0,1268750.0,1270000.0,1268582.785087719,1256250.0,
4,big,hash,1900000,6233779.5,6325912.5,6394355.0,6492288.0,6292259.192982456,2222886.0,2.3575,2.37,2.45,2.46,2.392,2.32,0.0635663034812649,1275000.0,1275000.0,1276250.0,1277500.0,1274975.3289473683,1258750.0,
