howmany,island,task,frequency,power_25%,power_50%,power_75%,power_max,power_mean,power_min,time_25%,time_50%,time_75%,time_max,time_mean,time_min,time_rel,voltage_25%,voltage_50%,voltage_75%,voltage_max,voltage_mean,voltage_min,time
0,big,hash,400000,42090.0,43005.0,43920.0,71370.0,43959.65131578947,40260.0,2.0,2.0,2.0,2.0,2.0,2.0,,915000.0,915000.0,915000.0,916250.0,915038.3771929824,915000.0,
1,big,hash,400000,221859.0,222772.0,223685.0,321936.0,221713.0614035088,84180.0,10.56,10.56,10.5675,10.64,10.575,10.56,0.2810257773053414,913750.0,913750.0,913750.0,915000.0,913752.7412280702,912500.0,
2,big,hash,400000,368955.0,369360.0,370272.0,386264.0,367261.9013157895,88755.0,10.55,10.555,10.56,10.66,10.563333333333334,10.54,0.2807157409868013,911250.0,912500.0,912500.0,915000.0,912157.346491228,911250.0,
3,big,hash,400000,511071.0,512330.0,513240.0,523825.0,511706.3399122807,380798.0,10.57,10.575,10.5875,10.77,10.600555555555555,10.55,0.2817049044792866,910000.0,911250.0,911250.0,911250.0,910748.355263158,910000.0,
4,big,hash,400000,651560.0,653380.0,654290.0,657020.0,650563.197368421,259008.0,10.58,10.59,10.6025,10.86,10.625416666666666,10.57,0.2823655771104615,910000.0,910000.0,910000.0,912500.0,910010.9649122808,908750.0,
