howmany,island,task,frequency,power_25%,power_50%,power_75%,power_max,power_mean,power_min,time_25%,time_50%,time_75%,time_max,time_mean,time_min,time_rel,voltage_25%,voltage_50%,voltage_75%,voltage_max,voltage_mean,voltage_min,time
0,little,cachekiller,1400000,93075.0,93075.0,93075.0,103275.0,93324.00438596492,91800.0,2.0,2.0,2.0,2.0,2.0,2.0,,1275000.0,1275000.0,1275000.0,1276250.0,1275098.6842105263,1275000.0,
1,little,cachekiller,1400000,165490.0,165750.0,166763.0,173128.0,165245.20175438595,95625.0,3.0425,3.065,3.1325,3.19,3.09,3.03,0.4933475252794039,1273750.0,1275000.0,1275000.0,1275000.0,1274429.8245614036,1273750.0,
2,little,cachekiller,1400000,224259.0,225526.0,226238.0,238760.0,225010.5964912281,128775.0,3.3,3.365,3.3825,3.41,3.3325,3.18,0.5320649281532731,1267500.0,1270000.0,1271250.0,1275000.0,1269671.0526315789,1258750.0,
3,little,cachekiller,1400000,272552.0,273590.0,273808.0,290136.0,272969.0350877193,112200.0,3.55,3.765,3.7875,3.82,3.7022222222222223,3.53,0.5910945538406954,1256250.0,1256250.0,1256250.0,1275000.0,1256324.0131578948,1255000.0,
4,little,cachekiller,1400000,327555.0,327555.0,328810.0,348890.0,328105.4846491228,237820.0,3.94,4.085,4.2125,4.27,4.0808333333333335,3.92,0.6515433741351784,1255000.0,1255000.0,1255000.0,1265000.0,1255095.9429824562,1255000.0,
