frequency,power,task,island,voltage,time,howmany,time_rel
2000000,412970.99342105264,cacherate-100,big,1312617.8728070175,,0,
2000000,1642348.4429824562,cacherate-100,big,1317258.7719298245,1.99,1,0.347699475829936
2000000,2465187.442982456,cacherate-100,big,1321178.7280701755,2.648,2,0.4626674432149098
2000000,3203594.3442982454,cacherate-100,big,1324125.548245614,3.32,3,0.5800815375655213
2000000,3851897.653508772,cacherate-100,big,1326466.5570175438,4.1945,4,0.7328771112405359
