frequency,power,task,island,voltage,time,howmany,time_rel
2000000,412970.99342105264,cacherate-60,big,1312617.8728070175,,0,
2000000,1692924.480263158,cacherate-60,big,1317648.0263157894,2.004,1,0.3040971168437026
2000000,2468341.0592105263,cacherate-60,big,1320816.8859649124,2.962,2,0.4494688922610015
2000000,3205309.6907894737,cacherate-60,big,1323887.0614035088,3.725333333333333,3,0.565300961052099
2000000,3806717.9122807016,cacherate-60,big,1326228.070175439,4.715,4,0.7154779969650986
