frequency,power,task,island,voltage,time,howmany,time_rel
2000000,412970.99342105264,gzip-9,big,1312617.8728070175,,0,
2000000,2592826.9802631577,gzip-9,big,1320978.6184210526,2.224,1,0.0641692714594854
2000000,4498661.706140351,gzip-9,big,1329067.9824561405,2.0200000000000005,2,0.0582832411637413
2000000,6125919.572368421,gzip-9,big,1317974.2324561405,2.4133333333333336,3,0.069632123106516
2000000,6769777.013157895,gzip-9,big,1274536.7324561405,2.3595,4,0.0680788651118057
