frequency,power,task,island,voltage,time,howmany,time_rel
2000000,412970.99342105264,hash,big,1312617.8728070175,,0,
2000000,2457089.8289473685,hash,big,1320383.7719298245,2.176,1,0.0578262024980069
2000000,4142510.789473684,hash,big,1327044.9561403508,2.264,2,0.0601647621578527
2000000,5929859.368421053,hash,big,1334983.5526315789,2.27,3,0.0603242094073877
2000000,6947765.686403509,hash,big,1305729.1666666667,2.3005,4,0.061134732925857
