frequency,power,task,island,voltage,time,howmany,time_rel
2000000,412970.99342105264,gzip-1,big,1312617.8728070175,,0,
2000000,2573047.9298245613,gzip-1,big,1321170.504385965,2.1380000000000003,1,0.0673739495798319
2000000,4429356.162280702,gzip-1,big,1328706.1403508773,2.2309999999999994,2,0.0703046218487394
2000000,6130200.324561403,gzip-1,big,1323379.9342105263,5.092666666666668,3,0.1604831932773109
2000000,6562785.234649123,gzip-1,big,1271178.7280701755,2.3195,4,0.073093487394958
