frequency,power,task,island,voltage,time,howmany,time_rel
2000000,412970.99342105264,idle,big,1312617.8728070175,,0,
2000000,412970.99342105264,idle,big,1312617.8728070175,2.0,1,0.9950248756218908
2000000,418786.38157894736,idle,big,1313404.605263158,2.0,2,0.9950248756218908
2000000,419430.9956140351,idle,big,1312713.8157894737,2.0,3,0.9950248756218908
2000000,424754.7587719298,idle,big,1312648.0263157894,2.0,4,0.9950248756218908
