howmany,island,task,frequency,power_25%,power_50%,power_75%,power_max,power_mean,power_min,time_25%,time_50%,time_75%,time_max,time_mean,time_min,time_rel,voltage_25%,voltage_50%,voltage_75%,voltage_max,voltage_mean,voltage_min,time
0,little,decrypt,400000,14672.0,14672.0,14688.0,20174.0,14739.322368421052,13755.0,2.0,2.0,2.0,2.0,2.0,2.0,,917500.0,917500.0,918750.0,918750.0,917889.254385965,917500.0,
1,little,decrypt,400000,43099.0,43099.0,43099.0,45850.0,42531.74561403509,14672.0,17.705,17.725,17.767500000000002,17.78,17.733333333333334,17.69,0.494906739848365,917500.0,917500.0,917500.0,918750.0,917552.0833333334,916250.0,
2,little,decrypt,400000,72443.0,72443.0,72443.0,73280.0,71644.65131578948,22925.0,17.705000000000002,17.735,17.7825,17.87,17.741666666666667,17.65,0.4951393088050607,917500.0,917500.0,917500.0,918750.0,917469.846491228,916250.0,
3,little,decrypt,400000,100760.0,100760.0,100760.0,101676.0,100195.10745614037,68700.0,17.7125,17.76,17.9525,18.05,17.820555555555558,17.68,0.497340961595113,916250.0,916250.0,916250.0,917500.0,916315.7894736842,916250.0,
4,little,decrypt,400000,128240.0,128240.0,129156.0,130072.0,127691.9100877193,62356.0,17.72,17.744999999999997,17.77,17.86,17.749583333333334,17.67,0.4953602493139215,916250.0,916250.0,916250.0,917500.0,916239.0350877192,915000.0,
