frequency,power,task,island,voltage,time,howmany,time_rel
400000,14739.322368421052,cacherate-60,little,917889.254385965,,0,
400000,33010.087719298244,cacherate-60,little,917505.4824561405,4.476666666666667,1,0.6793120890237734
400000,49962.53947368421,cacherate-60,little,918149.6710526316,4.809166666666667,2,0.7297673242286293
400000,64901.70175438596,cacherate-60,little,917108.004385965,5.398888888888888,3,0.8192547631090877
400000,78673.04385964913,cacherate-60,little,916916.1184210526,6.987916666666667,4,1.0603818917551846
