frequency,power,task,island,voltage,time,howmany,time_rel
400000,14739.322368421052,encrypt,little,917889.254385965,,0,
400000,42587.37719298246,encrypt,little,917532.894736842,17.58666666666667,1,0.494447307998688
400000,71298.77631578948,encrypt,little,917469.846491228,17.5575,2,0.493627290192587
400000,99521.37280701754,encrypt,little,916266.447368421,17.623333333333335,3,0.4954781875263577
400000,127088.17105263156,encrypt,little,916247.2587719298,17.59583333333333,4,0.4947050278806053
