frequency,power,task,island,voltage,time,howmany,time_rel
400000,14739.322368421052,hash,little,917889.254385965,,0,
400000,37571.929824561405,hash,little,917535.6359649122,18.730000000000004,1,0.4977411639649217
400000,62158.67543859649,hash,little,917497.2587719298,18.715000000000003,2,0.4973425458410843
400000,85681.44956140351,hash,little,916726.9736842106,18.727222222222224,3,0.4976673457938406
400000,108573.88815789472,hash,little,916315.7894736842,18.76,4,0.4985384002125963
