frequency,power,task,island,voltage,time,howmany,time_rel
400000,14739.322368421052,cacherate-20,little,917889.254385965,,0,
400000,42736.04385964912,cacherate-20,little,917527.4122807018,9.343333333333334,1,0.5211005763153002
400000,66316.0899122807,cacherate-20,little,917439.6929824562,9.350833333333332,2,0.5215188696783787
400000,92279.31359649122,cacherate-20,little,916334.9780701754,9.47111111111111,3,0.5282270558344176
400000,109995.46710526316,cacherate-20,little,916332.2368421052,9.611666666666666,4,0.536066183305447
