frequency,power,task,island,voltage,time,howmany,time_rel
500000,49942.20394736842,gzip-1,big,915057.5657894736,,0,
500000,281519.725877193,gzip-1,big,912807.0175438595,8.481666666666667,1,0.2672794117647059
500000,466486.7938596491,gzip-1,big,910649.6710526316,8.516666666666666,2,0.2683823529411764
500000,641169.0679824562,gzip-1,big,903574.5614035088,8.594444444444445,3,0.2708333333333333
500000,798452.302631579,gzip-1,big,902615.1315789474,8.679583333333333,4,0.273516281512605
