frequency,power,task,island,voltage,time,howmany,time_rel
500000,49942.20394736842,idle,big,915057.5657894736,,0,
500000,49942.20394736842,idle,big,915057.5657894736,2.0,1,0.9950248756218908
500000,49908.63157894737,idle,big,915024.6710526316,2.0,2,0.9950248756218908
500000,50426.69956140351,idle,big,914725.8771929824,2.0,3,0.9950248756218908
500000,51520.5701754386,idle,big,914980.8114035088,2.0,4,0.9950248756218908
