frequency,power,task,island,voltage,time,howmany,time_rel
500000,49942.20394736842,cacherate-0,big,915057.5657894736,,0,
500000,158892.54385964913,cacherate-0,big,914682.0175438595,8.01,1,0.3225503355704698
500000,268657.03728070174,cacherate-0,big,912905.701754386,8.0125,2,0.3226510067114094
500000,374595.89254385966,cacherate-0,big,911373.355263158,8.019444444444444,3,0.322930648769575
500000,482288.8706140351,cacherate-0,big,911288.3771929824,8.0325,4,0.3234563758389263
