frequency,power,task,island,voltage,time,howmany,time_rel
500000,49942.20394736842,gzip-9,big,915057.5657894736,,0,
500000,283034.0416666667,gzip-9,big,912612.3903508772,8.833333333333334,1,0.2548689588843472
500000,477252.2390350877,gzip-9,big,911186.951754386,8.870833333333334,2,0.2559509497475354
500000,647388.149122807,gzip-9,big,901091.0087719298,8.939444444444444,3,0.2579305922898132
500000,825298.350877193,gzip-9,big,902420.504385965,9.024583333333332,4,0.2603871122866073
