frequency,power,task,island,voltage,time,howmany,time_rel
500000,49942.20394736842,cachekiller,big,915057.5657894736,,0,
500000,233924.8355263158,cachekiller,big,913695.1754385964,2.4366666666666665,1,0.3890367216604577
500000,341488.3092105263,cachekiller,big,912412.2807017544,3.318333333333333,2,0.5298030867482704
500000,415315.16228070174,cachekiller,big,911641.995614035,4.737222222222223,3,0.7563420259003018
500000,480633.7587719298,cachekiller,big,911277.4122807018,6.232083333333333,4,0.995010643959553
