frequency,power,task,island,voltage,time,howmany,time_rel
500000,49942.20394736842,cacherate-20,big,915057.5657894736,,0,
500000,244003.94078947368,cacherate-20,big,913215.4605263158,5.79,1,0.3229224762967094
500000,401049.7039473684,cacherate-20,big,912502.7412280702,5.822500000000001,2,0.3247350808700501
500000,519430.61622807017,cacherate-20,big,910964.9122807018,6.370555555555556,3,0.3553014810683522
500000,588510.2171052631,cacherate-20,big,910762.0614035088,8.13625,4,0.4537785833798103
