frequency,power,task,island,voltage,time,howmany,time_rel
500000,49942.20394736842,gzip-5,big,915057.5657894736,,0,
500000,285762.5899122807,gzip-5,big,912524.6710526316,8.833333333333334,1,0.2547219685682703
500000,475908.8421052632,gzip-5,big,911197.9166666666,8.871666666666668,2,0.255827365790359
500000,648434.4210526316,gzip-5,big,900986.8421052631,8.936111111111112,3,0.2576857147434357
500000,824796.4035087719,gzip-5,big,902552.0833333334,9.01875,4,0.2600687268707646
