howmany,island,task,frequency,power_25%,power_50%,power_75%,power_max,power_mean,power_min,time_25%,time_50%,time_75%,time_max,time_mean,time_min,time_rel,voltage_25%,voltage_50%,voltage_75%,voltage_max,voltage_mean,voltage_min,time
0,big,hash,500000,47580.0,48495.0,49423.5,98820.0,49942.20394736842,45750.0,2.0,2.0,2.0,2.0,2.0,2.0,,915000.0,915000.0,915000.0,916250.0,915057.5657894736,915000.0,
1,big,hash,500000,271776.0,273600.0,274512.0,287280.0,271175.4188596491,85095.0,8.45,8.455,8.46,8.51,8.463333333333333,8.45,0.2249092036495703,912500.0,912500.0,913750.0,915000.0,912853.6184210526,912500.0,
2,big,hash,500000,455500.0,456411.0,457322.0,536579.0,454696.26754385966,82350.0,8.44,8.46,8.55,8.57,8.490833333333333,8.44,0.2256400035432721,911250.0,911250.0,911250.0,915000.0,911203.399122807,910000.0,
3,big,hash,500000,623492.0,635180.0,636789.0,642460.0,629770.2039473684,146993.0,8.46,8.465,8.477500000000001,8.56,8.478333333333333,8.45,0.2253078217734077,901250.0,910000.0,910000.0,913750.0,907900.2192982456,900000.0,
4,big,hash,500000,791078.0,792880.0,794682.0,798270.0,791742.975877193,639636.0,8.48,8.49,8.5,8.69,8.515416666666667,8.47,0.226293294357339,901250.0,902500.0,902500.0,906250.0,902184.7587719298,901250.0,
