howmany,island,task,frequency,power_25%,power_50%,power_75%,power_max,power_mean,power_min,time_25%,time_50%,time_75%,time_max,time_mean,time_min,time_rel,voltage_25%,voltage_50%,voltage_75%,voltage_max,voltage_mean,voltage_min,time
0,little,idle,800000,32896.0,32896.0,32896.0,43176.0,33128.20175438596,32896.0,2.0,2.0,2.0,2.0,2.0,2.0,,1028750.0,1028750.0,1028750.0,1028750.0,1028750.0,1028750.0,
1,little,idle,800000,32896.0,32896.0,32896.0,43176.0,33128.20175438596,32896.0,2.0,2.0,2.0,2.0,2.0,2.0,0.9950248756218908,1028750.0,1028750.0,1028750.0,1028750.0,1028750.0,1028750.0,
2,little,idle,800000,32896.0,32896.0,32896.0,42148.0,33211.40131578947,31868.0,2.0,2.0,2.0,2.0,2.0,2.0,0.9950248756218908,1028750.0,1028750.0,1028750.0,1028750.0,1028741.7763157894,1027500.0,
3,little,idle,800000,32896.0,32896.0,32896.0,44161.0,33421.80043859649,31837.0,2.0,2.0,2.0,2.0,2.0,2.0,0.9950248756218908,1028750.0,1028750.0,1028750.0,1028750.0,1028511.5131578948,1027500.0,
4,little,idle,800000,32896.0,32896.0,32896.0,46215.0,33661.79824561404,32864.0,2.0,2.0,2.0,2.0,2.0,2.0,0.9950248756218908,1028750.0,1028750.0,1028750.0,1028750.0,1028725.3289473684,1027500.0,
