howmany,island,task,frequency,power_25%,power_50%,power_75%,power_max,power_mean,power_min,time_25%,time_50%,time_75%,time_max,time_mean,time_min,time_rel
3,cpu,cacherate-80,299999,2098000.0,2098000.0,2098000.0,2123000.0,2059483.5164835164,1685000.0,3.13524620435,3.1373567347,3.6277553855,3.673084764,3.317688691932,3.132456441,1.4268771330961367
3,cpu,cacherate-80,399999,2148000.0,2173000.0,2198000.0,2236000.0,2140582.0,1698000.0,3.123559347,3.1543677055,3.1795314063,3.208700364,3.149797634844444,3.089625596,1.3546702648652094
3,cpu,cacherate-80,599999,2210000.0,2223000.0,2236000.0,2273000.0,2204562.0,1773000.0,2.10258017065,2.1053072711,3.0176731245,3.1943228506,2.461989258097778,2.1000295287,1.0588564812759242
3,cpu,cacherate-80,1199999,2348000.0,2361000.0,2373000.0,2448000.0,2359299.0,2036000.0,2.1093182899,2.1132651823,2.1176643933,2.924831481,2.1974313958631577,2.1033377003,0.9450749908903536
