howmany,island,task,frequency,power_25%,power_50%,power_75%,power_max,power_mean,power_min,time_25%,time_50%,time_75%,time_max,time_mean,time_min,time_rel
3,cpu,cacherate-60,299999,2098000.0,2111000.0,2111000.0,2135000.0,2069398.6013986007,1673000.0,3.10762476945,3.1100623466,3.1117543671,3.939351289,3.194849488245333,3.1060648011,1.0490448006616129
3,cpu,cacherate-60,399999,2173000.0,2198000.0,2210000.0,2236000.0,2157994.0,1710000.0,3.1678533013,3.319628218,3.365606807,3.421673884,3.289088220981608,3.1561870052,1.0799885596592314
3,cpu,cacherate-60,599999,2223000.0,2235000.0,2248000.0,2298000.0,2215162.0,1786000.0,3.179296212975,3.21395935,3.2613289975,3.333310825,3.2250364370022218,3.168245752,1.0589568361918515
3,cpu,cacherate-60,1199999,2360000.0,2373000.0,2386000.0,2436000.0,2368910.0,2048000.0,3.05657162175,3.1183676435,3.16054555075,3.205169612,3.111377455987778,3.025569706,1.0216363415894016
