howmany,island,task,frequency,power_25%,power_50%,power_75%,power_max,power_mean,power_min,time_25%,time_50%,time_75%,time_max,time_mean,time_min,time_rel
3,cpu,cachekiller,299999,2086000.0,2098000.0,2098000.0,2110000.0,2054924.075924076,1685000.0,3.11646408165,3.1183437579,3.11994880835,3.850198591,3.239729169052,3.114391529,1.390359094277094
3,cpu,cachekiller,399999,2148000.0,2161000.0,2185000.0,2223000.0,2133124.0,1710000.0,3.17096854305,3.288758763,3.3330530745,3.385234373,3.2717950519137937,3.1620973787,1.40412045812158
3,cpu,cachekiller,599999,2198000.0,2211000.0,2235000.0,2273000.0,2194453.0,1686000.0,3.129677588,3.1547368980000003,3.182873542375,3.241047507,3.157096668858889,3.087240289,1.3548966089484316
3,cpu,cachekiller,1199999,2335000.0,2348000.0,2361000.0,2423000.0,2348953.0,1998000.0,3.0009990715,3.052482671,3.099979728,3.1910023138,2.8524369326677776,2.1000366285,1.2241491258193649
