howmany,island,task,frequency,power_25%,power_50%,power_75%,power_max,power_mean,power_min,time_25%,time_50%,time_75%,time_max,time_mean,time_min,time_rel
3,cpu,gzip-1,299999,1723000.0,1723000.0,1735000.0,1761000.0,1725187.0,1710000.0,19.1237760345,19.1672166137,19.24327430665,19.344399659,19.18796490071333,19.08079638,1.004180464117134
3,cpu,gzip-1,399999,1760000.0,1773000.0,1785000.0,1823000.0,1771565.0,1748000.0,14.1593173715,14.302514977,14.430261091,15.580662786,14.45050570206,14.131434294,0.7562508894355151
3,cpu,gzip-1,599999,1848000.0,1860000.0,1861000.0,1923000.0,1859301.0,1835000.0,9.143562895925,9.14698760115,9.55129932125,9.655716043,9.343551502733336,9.1367950793,0.4889842113567916
3,cpu,gzip-1,1199999,2098000.0,2111000.0,2123000.0,2273000.0,2111912.0,2085000.0,4.11958759925,4.12111198985,4.28660312515,4.847456344,4.291089013809999,4.1166750285,0.2245692953761588
