howmany,island,task,frequency,power_25%,power_50%,power_75%,power_max,power_mean,power_min,time_25%,time_50%,time_75%,time_max,time_mean,time_min,time_rel
3,cpu,gzip-9,299999,1723000.0,1723000.0,1735000.0,1748000.0,1725081.0,1710000.0,20.1776463595,20.1829081439,20.212019593,20.447312658,20.22720167577334,20.1598567336,1.001878511928728
3,cpu,gzip-9,399999,1760000.0,1760000.0,1773000.0,1811000.0,1765604.0,1748000.0,15.095037544,15.117423401,15.2011297214,15.259285956,15.144367865186666,15.063807754,0.7501194176081882
3,cpu,gzip-9,599999,1848000.0,1860000.0,1860000.0,1936000.0,1856071.0,1835000.0,10.066155667,10.073548571,10.1291071175,10.149484299,10.089753852133333,10.053453643,0.4997580850350627
3,cpu,gzip-9,1199999,2098000.0,2110000.0,2111000.0,2261000.0,2110060.0,2048000.0,5.042504183,5.052454788,5.063244055,5.090033842,5.0538721932,5.033785372,0.2503245893111217
