howmany,island,task,frequency,power_25%,power_50%,power_75%,power_max,power_mean,power_min,time_25%,time_50%,time_75%,time_max,time_mean,time_min,time_rel,time
0,cpu,decrypt,299999,1598000.0,1610000.0,1623000.0,1648000.0,1611400.0,1585000.0,2.00442389375,2.004480607,2.004538683,2.004999694,2.00451261902,2.004335908,,
1,cpu,decrypt,299999,1635000.0,1648000.0,1648000.0,1661000.0,1645622.0,1635000.0,16.108171823,16.108279024,16.127263111,16.1895209195,16.1255116555,16.0943234,1.0,
2,cpu,decrypt,299999,1685000.0,1685000.0,1698000.0,1698000.0,1686075.0,1610000.0,15.1043942918,16.1196679725,16.130637028,16.1958750564,15.72856420303,15.1003896154,0.9753838848062468,
3,cpu,decrypt,299999,1710000.0,1723000.0,1723000.0,1748000.0,1720322.0,1635000.0,15.1039181895,15.1064722562,16.13881207,16.1886931087,15.51640596818,15.101076649,0.9622272024396666,
4,cpu,decrypt,299999,1735000.0,1748000.0,1748000.0,1785000.0,1743032.0,1635000.0,15.10229457295,16.0721507295,16.433070298725,17.383858897,15.995536695565,15.100455535,0.99193979312336,
