howmany,island,task,frequency,power_25%,power_50%,power_75%,power_max,power_mean,power_min,time_25%,time_50%,time_75%,time_max,time_mean,time_min,time_rel,time
0,cpu,idle,299999,1598000.0,1610000.0,1623000.0,1648000.0,1611400.0,1585000.0,2.00442389375,2.004480607,2.004538683,2.004999694,2.00451261902,2.004335908,,
1,cpu,idle,299999,1598000.0,1610000.0,1623000.0,1648000.0,1611400.0,1585000.0,2.00442389375,2.004480607,2.004538683,2.004999694,2.00451261902,2.004335908,1.0,
2,cpu,idle,299999,1610000.0,1610000.0,1623000.0,1661000.0,1612692.0,1585000.0,2.00434395125,2.004478907,2.00463529,2.005169941,2.0045279759800003,2.004212355,1.0000076611939752,
3,cpu,idle,299999,1598000.0,1598000.0,1610000.0,1648000.0,1601582.0,1585000.0,2.004273716,2.0043689955,2.00455846725,2.005173341,2.00443045188,2.00416114,0.9999590089185668,
4,cpu,idle,299999,1598000.0,1598000.0,1610000.0,1661000.0,1601817.0,1585000.0,2.00429583375,2.0043574945,2.00454832325,2.1995690485,2.006373529249,2.004187013,1.0009283604459969,
