howmany,island,task,frequency,power_25%,power_50%,power_75%,power_max,power_mean,power_min,time_25%,time_50%,time_75%,time_max,time_mean,time_min,time_rel,time
0,cpu,cacherate-0,299999,1598000.0,1610000.0,1623000.0,1648000.0,1611400.0,1585000.0,2.00442389375,2.004480607,2.004538683,2.004999694,2.00451261902,2.004335908,,
1,cpu,cacherate-0,299999,1635000.0,1648000.0,1648000.0,1673000.0,1642860.0,1635000.0,11.110915576,11.1109600195,11.1111348159,11.89004414,11.26677574044,11.1108241508,1.0,
2,cpu,cacherate-0,299999,1685000.0,1685000.0,1698000.0,1711000.0,1686220.0,1673000.0,11.11192325945,11.11597356195,11.12003038075,11.1208223129,11.11587014017,11.1101368972,0.9866061414776942,
3,cpu,cacherate-0,299999,1710000.0,1723000.0,1723000.0,1748000.0,1721114.0,1698000.0,11.1117153409,11.1206094146,11.45233660115,11.798119595,11.295602254066663,11.1106512956,1.0025585415287177,
4,cpu,cacherate-0,299999,1735000.0,1748000.0,1748000.0,1761000.0,1742602.0304568529,1735000.0,11.120778635274998,11.12149135375,11.946567859525,12.585795988,11.562582455896427,11.1090815268,1.026254779740994,
