howmany,island,task,frequency,power_25%,power_50%,power_75%,power_max,power_mean,power_min,time_25%,time_50%,time_75%,time_max,time_mean,time_min,time_rel,voltage_25%,voltage_50%,voltage_75%,voltage_max,voltage_mean,voltage_min,time
0,big,idle,1400000,156165.0,158319.0,160473.0,485616.0,161186.93640350876,150780.0,2.0,2.0,2.0,2.0,2.0,2.0,,1077500.0,1077500.0,1077500.0,1077500.0,1077365.679824561,1072500.0,
1,big,idle,1400000,156165.0,158319.0,160473.0,485616.0,161186.93640350876,150780.0,2.0,2.0,2.0,2.0,2.0,2.0,0.9950248756218908,1077500.0,1077500.0,1077500.0,1077500.0,1077365.679824561,1072500.0,
2,big,idle,1400000,157242.0,159396.0,161400.0,384134.0,163934.99342105264,152934.0,2.0,2.0,2.0,2.0,2.0,2.0,0.9950248756218908,1077500.0,1077500.0,1077500.0,1077500.0,1077302.6315789474,1073750.0,
3,big,idle,1400000,155088.0,157242.0,159396.0,235644.0,162754.21929824562,151716.0,2.0,2.0,2.0,2.0,2.0,2.0,0.9950248756218908,1077500.0,1077500.0,1077500.0,1078750.0,1077319.0789473683,1076250.0,
4,big,idle,1400000,157205.5,159248.0,162627.0,250475.0,165873.1096491228,153868.0,2.0,2.0,2.0,2.0,2.0,2.0,0.9950248756218908,1076250.0,1076250.0,1077500.0,1077500.0,1076562.5,1075000.0,
