howmany,island,task,frequency,power_25%,power_50%,power_75%,power_max,power_mean,power_min,time_25%,time_50%,time_75%,time_max,time_mean,time_min,time_rel,voltage_25%,voltage_50%,voltage_75%,voltage_max,voltage_mean,voltage_min,time
0,big,encrypt,1400000,156165.0,158319.0,160473.0,485616.0,161186.93640350876,150780.0,2.0,2.0,2.0,2.0,2.0,2.0,,1077500.0,1077500.0,1077500.0,1077500.0,1077365.679824561,1072500.0,
1,big,encrypt,1400000,858390.0,861585.0,865845.0,939330.0,858518.2675438597,248556.0,3.06,3.06,3.075,3.09,3.068333333333334,3.06,0.0862658732018181,1065000.0,1065000.0,1065000.0,1076250.0,1064994.5175438595,1063750.0,
2,big,encrypt,1400000,1567423.0,1572758.0,1578093.0,1612237.0,1571059.5175438595,1329482.0,3.08,3.08,3.0825,3.14,3.090833333333333,3.08,0.0868984583665245,1067500.0,1067500.0,1068750.0,1068750.0,1067911.1842105263,1066250.0,
3,big,encrypt,1400000,2276956.5,2285514.0,2294082.0,2313360.0,2275330.51754386,866439.0,3.07,3.08,3.0875,3.11,3.082222222222222,3.07,0.0866563578713899,1071250.0,1071250.0,1071250.0,1072500.0,1071181.4692982456,1070000.0,
4,big,encrypt,1400000,2999250.0,3010000.0,3019675.0,3042250.0,3004174.4166666665,2861691.0,3.0775,3.08,3.09,3.16,3.09125,3.06,0.0869101729066116,1075000.0,1075000.0,1075000.0,1075000.0,1074934.2105263155,1073750.0,
