howmany,island,task,frequency,power_25%,power_50%,power_75%,power_max,power_mean,power_min,time_25%,time_50%,time_75%,time_max,time_mean,time_min,time_rel,voltage_25%,voltage_50%,voltage_75%,voltage_max,voltage_mean,voltage_min,time
0,big,cacherate-80,1400000,156165.0,158319.0,160473.0,485616.0,161186.93640350876,150780.0,2.0,2.0,2.0,2.0,2.0,2.0,,1077500.0,1077500.0,1077500.0,1077500.0,1077365.679824561,1072500.0,
1,big,cacherate-80,1400000,702643.0,704769.0,707160.0,896730.0,703895.6425438597,361264.0,1.94,1.945,1.95,1.95,1.945,1.94,0.3184174624829468,1063750.0,1063750.0,1065000.0,1072500.0,1064300.9868421052,1063750.0,
2,big,cacherate-80,1400000,1054274.0,1056480.0,1059675.0,1132092.0,1055521.4122807018,362336.0,2.77,2.775,2.78,2.78,2.773333333333333,2.76,0.4540245566166438,1065000.0,1065000.0,1066250.0,1072500.0,1065625.0,1065000.0,
3,big,cacherate-80,1400000,1354023.0,1357224.0,1360425.0,1426579.0,1353828.0153508773,503840.0,3.4625,3.61,3.66,3.69,3.575555555555556,3.43,0.5853569804456572,1067500.0,1067500.0,1067500.0,1072500.0,1067510.964912281,1066250.0,
4,big,cacherate-80,1400000,1603701.0,1606272.0,1610544.0,1629768.0,1602353.0504385964,1020052.0,4.57,4.59,4.612500000000001,4.65,4.592083333333334,4.54,0.7517735334242839,1067500.0,1068750.0,1068750.0,1068750.0,1068212.7192982456,1066250.0,
