howmany,island,task,frequency,power_25%,power_50%,power_75%,power_max,power_mean,power_min,time_25%,time_50%,time_75%,time_max,time_mean,time_min,time_rel,time
0,cpu,gzip-1,399999,1610000.0,1623000.0,1623000.0,1660000.0,1618454.0,1585000.0,2.0034120385,2.0034619955,2.0035211985,2.003916436,2.00348368042,2.003342978,,
1,cpu,gzip-1,399999,1660000.0,1660000.0,1673000.0,1710000.0,1664791.0,1648000.0,14.174739446,14.254148084,14.257965886,14.372226123,14.24581889218,14.1700149219,0.745538836499859,
2,cpu,gzip-1,399999,1710000.0,1723000.0,1723000.0,1773000.0,1721908.0,1710000.0,14.183659042225,14.2102243605,14.306726238,14.355158187,14.23799310226,14.1670488085,0.745129282626136,
3,cpu,gzip-1,399999,1760000.0,1773000.0,1785000.0,1823000.0,1771565.0,1748000.0,14.1593173715,14.302514977,14.430261091,15.580662786,14.45050570206,14.131434294,0.7562508894355151,
4,cpu,gzip-1,399999,1823000.0,1823000.0,1823000.0,1836000.0,1820865.4434250763,1798000.0,14.1496613662,14.561447169,15.202148572625,16.29269146,14.780587320085,14.1372292871,0.7735253379817785,
