power,island,task,time,howmany,frequency,time_rel
1618454.0,cpu,cacherate-80,,0,399999,
1839538.0,cpu,cacherate-80,2.3251397159425,1,399999,1.0
2019486.0,cpu,cacherate-80,2.3099359802728565,2,399999,0.9934611517899772
2140582.0,cpu,cacherate-80,3.149797634844444,3,399999,1.3546702648652094
2170061.92893401,cpu,cacherate-80,4.017075697766667,4,399999,1.7276706729592537
