howmany,island,task,frequency,power_25%,power_50%,power_75%,power_max,power_mean,power_min,time_25%,time_50%,time_75%,time_max,time_mean,time_min,time_rel,time
0,cpu,gzip-9,399999,1610000.0,1623000.0,1623000.0,1660000.0,1618454.0,1585000.0,2.0034120385,2.0034619955,2.0035211985,2.003916436,2.00348368042,2.003342978,,
1,cpu,gzip-9,399999,1660000.0,1660000.0,1673000.0,1723000.0,1664638.0,1648000.0,15.056954499,15.062177461,15.063662579,15.1923172325,15.083059916899998,15.040187813,0.7470827585100384,
2,cpu,gzip-9,399999,1710000.0,1723000.0,1723000.0,1786000.0,1721895.0,1710000.0,14.328686938325,15.08934008,15.15789517675,15.1903812631,14.8174230265,14.1007569689,0.7339254322158094,
3,cpu,gzip-9,399999,1760000.0,1760000.0,1773000.0,1811000.0,1765604.0,1748000.0,15.095037544,15.117423401,15.2011297214,15.259285956,15.144367865186666,15.063807754,0.7501194176081882,
4,cpu,gzip-9,399999,1810000.0,1823000.0,1823000.0,1836000.0,1819304.7910295613,1810000.0,15.229648669825,15.3134534325,15.595755860075,16.341060143,15.519008969980002,15.1570377185,0.7686758585135678,
