power,island,task,time,howmany,frequency,time_rel
1618454.0,cpu,gzip-5,,0,399999,
1664686.0,cpu,gzip-5,15.08608023856,1,399999,0.7474061563972041
1721510.0,cpu,gzip-5,14.882780923360002,2,399999,0.7373341458173162
1768473.0,cpu,gzip-5,15.20162254876,3,399999,0.7531304421362596
1818440.3669724767,cpu,gzip-5,15.464045127034998,4,399999,0.7661315827558777
