power,island,task,time,howmany,frequency,time_rel
1618454.0,cpu,cacherate-60,,0,399999,
1842462.0,cpu,cacherate-60,2.293333313642857,1,399999,0.7530274580109936
2023725.0,cpu,cacherate-60,2.1319930252866666,2,399999,0.7000505677818818
2157994.0,cpu,cacherate-60,3.289088220981608,3,399999,1.0799885596592314
2184362.436548224,cpu,cacherate-60,4.284066884781481,4,399999,1.4066947778610022
