howmany,island,task,frequency,power_25%,power_50%,power_75%,power_max,power_mean,power_min,time_25%,time_50%,time_75%,time_max,time_mean,time_min,time_rel,time
0,cpu,encrypt,399999,1610000.0,1623000.0,1623000.0,1660000.0,1618454.0,1585000.0,2.0034120385,2.0034619955,2.0035211985,2.003916436,2.00348368042,2.003342978,,
1,cpu,encrypt,399999,1648000.0,1660000.0,1673000.0,1711000.0,1660118.0,1648000.0,12.042536707,12.047100232,12.048386191,12.057246327,12.0475323758,12.042392422,0.7503677422930418,
2,cpu,encrypt,399999,1710000.0,1710000.0,1723000.0,1735000.0,1712113.0,1648000.0,11.103383442175,11.5854561825,12.07869049425,12.087178477,11.59061520651,11.1032880159,0.7219091423042372,
3,cpu,encrypt,399999,1748000.0,1748000.0,1760000.0,1773000.0,1753113.0,1635000.0,11.1012578745,11.1050344274,12.0616979815,12.1925674817,11.432877432213331,11.100537158,0.712084612775595,
4,cpu,encrypt,399999,1798000.0,1798000.0,1798000.0,1823000.0,1797375.0,1648000.0,11.10292640755,12.0292926385,12.126084960975,12.740489504,11.712854377724998,11.1004022905,0.7295226790902946,
