power,island,task,time,howmany,frequency,time_rel
1618454.0,cpu,cacherate-40,,0,399999,
1835400.0,cpu,cacherate-40,3.26140998618,1,399999,0.7697055369857126
2036502.0,cpu,cacherate-40,3.32908795024,2,399999,0.7856778017085285
2182834.0,cpu,cacherate-40,3.243672220848,3,399999,0.7655193548596854
2212767.9837892605,cpu,cacherate-40,4.44074200524625,4,399999,1.0480325148469174
