howmany,island,task,frequency,power_25%,power_50%,power_75%,power_max,power_mean,power_min,time_25%,time_50%,time_75%,time_max,time_mean,time_min,time_rel,time
0,cpu,cachekiller,399999,1610000.0,1623000.0,1623000.0,1660000.0,1618454.0,1585000.0,2.0034120385,2.0034619955,2.0035211985,2.003916436,2.00348368042,2.003342978,,
1,cpu,cachekiller,399999,1860000.0,1860000.0,1873000.0,1886000.0,1839414.0,1648000.0,2.14502115175,2.1453162807,2.5501091145,2.55261569,2.3301384386142856,2.1445517513,1.0,
2,cpu,cachekiller,399999,2048000.0,2060000.0,2073000.0,2136000.0,2020843.0,1698000.0,2.121219133675,2.12224973,2.1247530134,2.79971718,2.2534626218085707,2.1191994962,0.9670938792583872,
3,cpu,cachekiller,399999,2148000.0,2161000.0,2185000.0,2223000.0,2133124.0,1710000.0,3.17096854305,3.288758763,3.3330530745,3.385234373,3.2717950519137937,3.1620973787,1.40412045812158,
4,cpu,cachekiller,399999,2161000.0,2185000.0,2186000.0,2223000.0,2163219.2893401016,1873000.0,4.16897778325,4.214009052,4.28909877475,4.722637732,4.255209383244737,4.1266655937,1.826161618867279,
