howmany,island,task,frequency,power_25%,power_50%,power_75%,power_max,power_mean,power_min,time_25%,time_50%,time_75%,time_max,time_mean,time_min,time_rel,time
0,cpu,decrypt,399999,1610000.0,1623000.0,1623000.0,1660000.0,1618454.0,1585000.0,2.0034120385,2.0034619955,2.0035211985,2.003916436,2.00348368042,2.003342978,,
1,cpu,decrypt,399999,1648000.0,1660000.0,1673000.0,1686000.0,1660141.0,1648000.0,12.075650885,12.078688479,12.080632253,12.090704779,12.079689256799998,12.072769888,0.7491042464181238,
2,cpu,decrypt,399999,1710000.0,1710000.0,1723000.0,1748000.0,1712561.0,1648000.0,11.326594536975,12.043236866,12.10107303525,12.119471504,11.7818786961,11.101057045,0.7306359604460366,
3,cpu,decrypt,399999,1748000.0,1760000.0,1760000.0,1773000.0,1754619.0,1648000.0,12.005258257,12.012567382,12.099058654,12.116826459,11.98127721046,11.1000956619,0.7430013674247349,
4,cpu,decrypt,399999,1798000.0,1798000.0,1798000.0,1823000.0,1797464.0,1660000.0,12.012038644,12.0822839685,12.123620372725,12.1874708095,11.98693533917,11.1000640657,0.7433522479940389,
