power,island,task,time,howmany,frequency,time_rel
1618454.0,cpu,cacherate-20,,0,399999,
1765183.0,cpu,cacherate-20,6.25088966499,1,399999,0.7715127965859749
1919892.0,cpu,cacherate-20,6.292112828855,2,399999,0.7766007440849906
2050062.937062937,cpu,cacherate-20,6.209710953449999,3,399999,0.7664303355919871
2143268.537074148,cpu,cacherate-20,6.650626321236666,4,399999,0.8208500848900847
