power,island,task,time,howmany,frequency,time_rel
1618454.0,cpu,encrypt,,0,399999,
1660118.0,cpu,encrypt,12.0475323758,1,399999,0.7503677422930418
1712113.0,cpu,encrypt,11.59061520651,2,399999,0.7219091423042372
1753113.0,cpu,encrypt,11.432877432213331,3,399999,0.712084612775595
1797375.0,cpu,encrypt,11.712854377724998,4,399999,0.7295226790902946
