power,island,task,time,howmany,frequency,time_rel
1618454.0,cpu,cachekiller,,0,399999,
1839414.0,cpu,cachekiller,2.3301384386142856,1,399999,1.0
2020843.0,cpu,cachekiller,2.2534626218085707,2,399999,0.9670938792583872
2133124.0,cpu,cachekiller,3.2717950519137937,3,399999,1.40412045812158
2163219.2893401016,cpu,cachekiller,4.255209383244737,4,399999,1.826161618867279
