power,island,task,time,howmany,frequency,time_rel
1618454.0,cpu,cacherate-0,,0,399999,
1659430.0,cpu,cacherate-0,8.18918297086,1,399999,0.7268435228959468
1706176.0,cpu,cacherate-0,8.188555590890001,2,399999,0.7267878388223084
1757727.0,cpu,cacherate-0,8.188455121736666,3,399999,0.7267789215281641
1799684.2105263155,cpu,cacherate-0,8.510445786295,4,399999,0.7553576979213613
