howmany,island,task,frequency,power_25%,power_50%,power_75%,power_max,power_mean,power_min,time_25%,time_50%,time_75%,time_max,time_mean,time_min,time_rel,time
0,cpu,cacherate-60,399999,1610000.0,1623000.0,1623000.0,1660000.0,1618454.0,1585000.0,2.0034120385,2.0034619955,2.0035211985,2.003916436,2.00348368042,2.003342978,,
1,cpu,cacherate-60,399999,1860000.0,1861000.0,1873000.0,1898000.0,1842462.0,1648000.0,2.12986553795,2.1301435407,2.696842586,2.705958582,2.293333313642857,2.1291597804,0.7530274580109936,
2,cpu,cacherate-60,399999,2048000.0,2061000.0,2073000.0,2085000.0,2023725.0,1685000.0,2.10235400875,2.10336305335,2.104797300225,2.967322177,2.1319930252866666,2.1008344342,0.7000505677818818,
3,cpu,cacherate-60,399999,2173000.0,2198000.0,2210000.0,2236000.0,2157994.0,1710000.0,3.1678533013,3.319628218,3.365606807,3.421673884,3.289088220981608,3.1561870052,1.0799885596592314,
4,cpu,cacherate-60,399999,2186000.0,2198000.0,2210000.0,2261000.0,2184362.436548224,1898000.0,4.16652918435,4.287294339,4.32288540025,4.838310861,4.284066884781481,4.1167026123,1.4066947778610022,
