power,island,task,time,howmany,frequency,time_rel
1618454.0,cpu,gzip-1,,0,399999,
1664791.0,cpu,gzip-1,14.24581889218,1,399999,0.745538836499859
1721908.0,cpu,gzip-1,14.23799310226,2,399999,0.745129282626136
1771565.0,cpu,gzip-1,14.45050570206,3,399999,0.7562508894355151
1820865.4434250763,cpu,gzip-1,14.780587320085,4,399999,0.7735253379817785
