power,island,task,time,howmany,frequency,time_rel
1618454.0,cpu,cacherate-100,,0,399999,
1837986.0,cpu,cacherate-100,2.28563462243,1,399999,0.9894033816012274
2019524.0,cpu,cacherate-100,2.3280546207257142,2,399999,1.0077661108622484
2131404.0,cpu,cacherate-100,3.039296352843333,3,399999,1.3156477678809604
2161765.720081136,cpu,cacherate-100,3.348037757637815,4,399999,1.4492954589625775
