power,island,task,time,howmany,frequency,time_rel
1618454.0,cpu,hash,,0,399999,
1664595.0,cpu,hash,8.355394992139999,1,399999,0.7413145478829836
1718088.0,cpu,hash,8.309655824905,2,399999,0.7372564381094475
1756736.0,cpu,hash,8.337827304966664,3,399999,0.7397558924170838
1806720.4968944096,cpu,hash,8.396055804107501,4,399999,0.7449220914483804
