power,island,task,time,howmany,frequency,time_rel
1618454.0,cpu,decrypt,,0,399999,
1660141.0,cpu,decrypt,12.079689256799998,1,399999,0.7491042464181238
1712561.0,cpu,decrypt,11.7818786961,2,399999,0.7306359604460366
1754619.0,cpu,decrypt,11.98127721046,3,399999,0.7430013674247349
1797464.0,cpu,decrypt,11.98693533917,4,399999,0.7433522479940389
