power,island,task,time,howmany,frequency,time_rel
1618454.0,cpu,gzip-9,,0,399999,
1664638.0,cpu,gzip-9,15.083059916899998,1,399999,0.7470827585100384
1721895.0,cpu,gzip-9,14.8174230265,2,399999,0.7339254322158094
1765604.0,cpu,gzip-9,15.144367865186666,3,399999,0.7501194176081882
1819304.7910295613,cpu,gzip-9,15.519008969980002,4,399999,0.7686758585135678
