power,island,task,time,howmany,frequency,time_rel
1618454.0,cpu,idle,,0,399999,
1618454.0,cpu,idle,2.00348368042,1,399999,0.9994866888887418
1616637.0,cpu,idle,2.005381127784,2,399999,1.0004332767754909
1602942.0,cpu,idle,2.003377053,3,399999,0.9994334952001672
1603172.0,cpu,idle,2.003420447535,4,399999,0.9994551436221268
