frequency,power,task,island,voltage,time,howmany,time_rel
1800000,282202.83771929826,cacherate-0,big,1213717.105263158,,0,
1800000,980363.4912280702,cacherate-0,big,1202853.6184210526,2.21,1,0.088993288590604
1800000,1712092.24122807,cacherate-0,big,1205723.6842105263,2.212,2,0.0890738255033557
1800000,2453097.927631579,cacherate-0,big,1209131.0307017544,2.22,3,0.0893959731543624
1800000,3180339.583333333,cacherate-0,big,1211493.9692982456,2.22,4,0.0893959731543624
