howmany,island,task,frequency,power_25%,power_50%,power_75%,power_max,power_mean,power_min,time_25%,time_50%,time_75%,time_max,time_mean,time_min,time_rel,voltage_25%,voltage_50%,voltage_75%,voltage_max,voltage_mean,voltage_min,time
0,big,hash,1800000,275691.5,278990.0,281416.0,446016.0,282202.83771929826,270499.0,2.0,2.0,2.0,2.0,2.0,2.0,,1213750.0,1213750.0,1213750.0,1215000.0,1213717.105263158,1207500.0,
1,big,hash,1800000,1714932.0,1724580.0,1734228.0,1801764.0,1720591.1271929825,1161378.0,2.41,2.41,2.41,2.43,2.414,2.41,0.0641509433962264,1206250.0,1206250.0,1206250.0,1206250.0,1205942.9824561405,1205000.0,
2,big,hash,1800000,2911256.0,2929409.0,2943941.0,3164343.0,2918646.995614035,1025950.0,2.51,2.51,2.52,2.52,2.514,2.51,0.0668083975551421,1210000.0,1211250.0,1211250.0,1211250.0,1210789.4736842106,1207500.0,
3,big,hash,1800000,4106432.0,4129536.0,4152944.0,4209792.0,4109128.528508772,2036430.0,2.45,2.54,2.55,2.55,2.4986666666666664,2.43,0.066400921250775,1216250.0,1216250.0,1216250.0,1217500.0,1216129.3859649124,1208750.0,
4,big,hash,1800000,5291814.0,5337696.0,5369590.5,5450120.0,5314302.063596491,2658145.0,2.49,2.58,2.5925,2.62,2.553,2.48,0.0678448046771193,1221250.0,1221250.0,1222500.0,1222500.0,1221625.548245614,1211250.0,
