frequency,power,task,island,voltage,time,howmany,time_rel
1800000,282202.83771929826,cacherate-20,big,1213717.105263158,,0,
1800000,1424283.589912281,cacherate-20,big,1204660.0877192982,2.144,1,0.1195761293920803
1800000,1988334.214912281,cacherate-20,big,1207266.995614035,3.747,2,0.208979364194088
1800000,2482353.600877193,cacherate-20,big,1209459.9780701755,4.786666666666666,3,0.2669641197248558
1800000,2889120.4736842103,cacherate-20,big,1210964.9122807018,5.971,4,0.3330172894590072
