frequency,power,task,island,voltage,time,howmany,time_rel
600000,55386.11184210526,cacherate-40,big,914989.0350877192,,0,
600000,325805.4539473684,cacherate-40,big,912491.7763157894,2.33,1,0.2883068673953392
600000,439252.9429824561,cacherate-40,big,911817.4342105264,3.641666666666668,2,0.4506083728603837
600000,523032.5526315789,cacherate-40,big,911129.3859649122,5.175555555555556,3,0.6404069567608442
600000,594416.8640350878,cacherate-40,big,910693.5307017544,6.690833333333333,4,0.8279026603423385
