howmany,island,task,frequency,power_25%,power_50%,power_75%,power_max,power_mean,power_min,time_25%,time_50%,time_75%,time_max,time_mean,time_min,time_rel,voltage_25%,voltage_50%,voltage_75%,voltage_max,voltage_mean,voltage_min,time
0,big,gzip-5,600000,53070.0,53985.0,54900.0,146080.0,55386.11184210526,51240.0,2.0,2.0,2.0,2.0,2.0,2.0,,915000.0,915000.0,915000.0,915000.0,914989.0350877192,913750.0,
1,big,gzip-5,600000,336528.0,337440.0,337440.0,358934.0,334904.74342105264,160688.0,7.35,7.355,7.36,7.36,7.355,7.35,0.2120920843946748,911250.0,912500.0,912500.0,913750.0,912192.9824561405,911250.0,
2,big,gzip-5,600000,555016.0,555917.0,557719.0,635910.0,556843.451754386,345648.0,7.387499999999999,7.39,7.4,7.4,7.390000000000001,7.37,0.2131013601191906,901250.0,901250.0,902500.0,912500.0,902754.9342105264,900000.0,
3,big,gzip-5,600000,775720.0,776622.0,777524.0,791956.0,772909.8311403509,295164.0,7.45,7.45,7.46,7.47,7.453888888888888,7.43,0.2149436888226718,901250.0,902500.0,902500.0,911250.0,902154.605263158,901250.0,
4,big,gzip-5,600000,984082.0,987882.0,990396.0,994004.0,984250.2105263158,659568.0,7.51,7.52,7.5225,7.53,7.517916666666667,7.51,0.2167900225885519,902500.0,902500.0,902500.0,906250.0,902595.9429824562,902500.0,
