frequency,power,task,island,voltage,time,howmany,time_rel
600000,55386.11184210526,gzip-1,big,914989.0350877192,,0,
600000,331589.3114035088,gzip-1,big,912412.2807017544,7.0633333333333335,1,0.2225840336134454
600000,546005.0745614035,gzip-1,big,902834.4298245612,7.098333333333334,2,0.223686974789916
600000,752865.7192982456,gzip-1,big,901921.600877193,7.1594444444444445,3,0.2256127450980392
600000,966470.8048245612,gzip-1,big,902584.9780701754,7.229166666666667,4,0.2278098739495798
