frequency,power,task,island,voltage,time,howmany,time_rel
600000,55386.11184210526,cacherate-60,big,914989.0350877192,,0,
600000,280190.35745614034,cacherate-60,big,912724.7807017544,2.181666666666666,1,0.331057157309054
600000,411053.03728070174,cacherate-60,big,911784.5394736842,3.200833333333333,2,0.4857106727364694
600000,497763.7368421053,cacherate-60,big,911173.245614035,4.520555555555556,3,0.685972011465183
600000,570554.1644736842,cacherate-60,big,910720.9429824562,5.9,4,0.8952959028831564
