frequency,power,task,island,voltage,time,howmany,time_rel
600000,55386.11184210526,hash,big,914989.0350877192,,0,
600000,321618.13377192983,hash,big,912297.149122807,7.056666666666666,1,0.1875276818141553
600000,527618.3355263158,hash,big,901710.5263157894,7.103333333333333,2,0.188767827088316
600000,736480.1140350878,hash,big,901998.355263158,7.073333333333333,3,0.1879705908406413
600000,944669.3289473684,hash,big,902516.447368421,7.107083333333333,4,0.1888674816192753
