frequency,power,task,island,voltage,time,howmany,time_rel
600000,55386.11184210526,cacherate-100,big,914989.0350877192,,0,
600000,262658.86622807017,cacherate-100,big,912993.4210526316,2.1,1,0.366919044845661
600000,391963.0833333333,cacherate-100,big,912017.5438596492,2.8575,2,0.4992719860221317
600000,480286.86842105264,cacherate-100,big,911239.0350877192,4.004444444444443,3,0.6996699669966996
600000,558358.8552631579,cacherate-100,big,910899.1228070176,5.248333333333334,4,0.9170064065230056
