power,island,task,time,howmany,frequency,time_rel
1783465.0,cpu,cacherate-40,4.237217779349999,1,299999,1.0
1835400.0,cpu,cacherate-40,3.26140998618,1,399999,0.7697055369857126
1894273.0,cpu,cacherate-40,2.280774004245714,1,599999,0.5382716025031857
1968036.0,cpu,cacherate-40,2.3028349338875005,1,1199999,0.5434780683471884
