power,island,task,time,howmany,frequency,time_rel
1809369.0,cpu,cacherate-60,3.045484317,1,299999,1.0
1842462.0,cpu,cacherate-60,2.293333313642857,1,399999,0.7530274580109936
1880230.0,cpu,cacherate-60,2.2921945818575,1,599999,0.7526535497367002
1950861.0,cpu,cacherate-60,2.134620942866667,1,1199999,0.700913457656353
