power,island,task,time,howmany,frequency,time_rel
1656767.0,cpu,gzip-5,20.18458118044,1,299999,1.0
1664686.0,cpu,gzip-5,15.08608023856,1,399999,0.7474061563972041
1703125.0,cpu,gzip-5,9.64558203071,1,599999,0.47786882197274
1797566.0,cpu,gzip-5,4.1445853363800005,1,1199999,0.2053342251359834
