power,island,task,time,howmany,frequency,time_rel
1649290.0,cpu,hash,11.27105223552,1,299999,1.0
1664595.0,cpu,hash,8.355394992139999,1,399999,0.7413145478829836
1697059.0,cpu,hash,5.318632713726667,1,599999,0.47188431058507
1785235.0,cpu,hash,2.2016364973529403,1,1199999,0.1953354887678209
