power,island,task,time,howmany,frequency,time_rel
1726187.0,cpu,cacherate-20,8.10212052561,1,299999,1.0
1765183.0,cpu,cacherate-20,6.25088966499,1,399999,0.7715127965859749
1829711.0,cpu,cacherate-20,4.271259480754999,1,599999,0.5271779736248025
2005998.0,cpu,cacherate-20,2.301392547088571,1,1199999,0.2840481747727768
