howmany,island,task,frequency,power_25%,power_50%,power_75%,power_max,power_mean,power_min,time_25%,time_50%,time_75%,time_max,time_mean,time_min,time_rel
1,cpu,cacherate-100,299999,1823000.0,1836000.0,1848000.0,1885000.0,1807259.0,1635000.0,2.1354781427,2.135610663,2.643752781,2.648334894,2.310114019148572,2.134380451,1.0
1,cpu,cacherate-100,399999,1860000.0,1860000.0,1873000.0,1886000.0,1837986.0,1648000.0,2.164956352825,2.3490419095,2.3510066135,2.363485993,2.28563462243,2.1646365072,0.9894033816012274
1,cpu,cacherate-100,599999,1873000.0,1886000.0,1898000.0,1985000.0,1871113.0,1673000.0,2.082443322,2.084863274,2.086383096,2.1916408993,2.0915212908422216,2.07591736,0.9053757838381864
1,cpu,cacherate-100,1199999,1948000.0,1960000.0,1973000.0,2023000.0,1949894.0,1773000.0,1.11557176315,1.11575974425,1.116009609225,1.845807048,1.18831139639,1.1152965539,0.5143951279201233
