power,island,task,time,howmany,frequency,time_rel
1804278.7212787208,cpu,cacherate-80,2.2924810600857146,1,299999,0.9859541103560966
1839538.0,cpu,cacherate-80,2.3251397159425,1,399999,1.0
1868133.0,cpu,cacherate-80,2.195356720171111,1,599999,0.9441827108790402
1950701.0,cpu,cacherate-80,1.189431671908,1,1199999,0.511552774120441
