power,island,task,time,howmany,frequency,time_rel
1611400.0,cpu,idle,2.00451261902,1,299999,1.0
1618454.0,cpu,idle,2.00348368042,1,399999,0.9994866888887418
1621317.0,cpu,idle,2.0024260436000003,1,599999,0.9989590609706314
1636175.0,cpu,idle,2.00143256438,1,1199999,0.9984634396357625
