howmany,island,task,frequency,power_25%,power_50%,power_75%,power_max,power_mean,power_min,time_25%,time_50%,time_75%,time_max,time_mean,time_min,time_rel
1,cpu,encrypt,299999,1635000.0,1648000.0,1648000.0,1673000.0,1646125.0,1635000.0,16.047470228,16.05229365,16.056984599,16.075250295,16.055504117199998,16.045521814,1.0
1,cpu,encrypt,399999,1648000.0,1660000.0,1673000.0,1711000.0,1660118.0,1648000.0,12.042536707,12.047100232,12.048386191,12.057246327,12.0475323758,12.042392422,0.7503677422930418
1,cpu,encrypt,599999,1685000.0,1698000.0,1698000.0,1710000.0,1692255.0,1673000.0,7.112910534725,7.58362608925,8.06124126725,8.071158547,7.58723480987,7.1118925665,0.4725628516230717
1,cpu,encrypt,1199999,1773000.0,1773000.0,1785000.0,1811000.0,1778657.0,1635000.0,3.1073913016,3.1076061761,3.923298975,4.1883884089,3.377693880432,3.1068226889,0.2103760713943283
