power,island,task,time,howmany,frequency,time_rel
1642860.0,cpu,cacherate-0,11.26677574044,1,299999,1.0
1659430.0,cpu,cacherate-0,8.18918297086,1,399999,0.7268435228959468
1684742.0,cpu,cacherate-0,5.162291751919999,1,599999,0.4581871398567836
1777749.0,cpu,cacherate-0,2.1051785358066666,1,1199999,0.1868483570015971
