howmany,island,task,frequency,power_25%,power_50%,power_75%,power_max,power_mean,power_min,time_25%,time_50%,time_75%,time_max,time_mean,time_min,time_rel
1,cpu,decrypt,299999,1635000.0,1648000.0,1648000.0,1661000.0,1645622.0,1635000.0,16.108171823,16.108279024,16.127263111,16.1895209195,16.1255116555,16.0943234,1.0
1,cpu,decrypt,399999,1648000.0,1660000.0,1673000.0,1686000.0,1660141.0,1648000.0,12.075650885,12.078688479,12.080632253,12.090704779,12.079689256799998,12.072769888,0.7491042464181238
1,cpu,decrypt,599999,1685000.0,1698000.0,1698000.0,1710000.0,1695606.0,1673000.0,7.3082447522,7.992077711,8.0897553205,8.1920437213,7.777913084210001,7.1104077341,0.4823358942261627
1,cpu,decrypt,1199999,1773000.0,1773000.0,1785000.0,1798000.0,1778573.0,1648000.0,3.1060905777,3.1063064192,3.933440809,4.1873940705,3.379697388368,3.1056454902,0.2095869861726385
