power,island,task,time,howmany,frequency,time_rel
1809904.0,cpu,cachekiller,2.199189522668571,1,299999,0.9438020875602616
1839414.0,cpu,cachekiller,2.3301384386142856,1,399999,1.0
1873294.0,cpu,cachekiller,2.2419752266575004,1,599999,0.9621639596618924
1950740.0,cpu,cachekiller,2.0145358382888885,1,1199999,0.8645562876886047
