power,island,task,time,howmany,frequency,time_rel
1655986.013986014,cpu,gzip-1,19.1080842402,1,299999,1.0
1664791.0,cpu,gzip-1,14.24581889218,1,399999,0.745538836499859
1703237.0,cpu,gzip-1,9.35025710368,1,599999,0.4893351414062079
1798080.0,cpu,gzip-1,4.278245109775001,1,1199999,0.223897124169797
