howmany,island,task,frequency,power_25%,power_50%,power_75%,power_max,power_mean,power_min,time_25%,time_50%,time_75%,time_max,time_mean,time_min,time_rel
1,cpu,cacherate-0,299999,1635000.0,1648000.0,1648000.0,1673000.0,1642860.0,1635000.0,11.110915576,11.1109600195,11.1111348159,11.89004414,11.26677574044,11.1108241508,1.0
1,cpu,cacherate-0,399999,1648000.0,1660000.0,1661000.0,1698000.0,1659430.0,1648000.0,8.110660799725,8.1107235425,8.11077338475,8.895482052,8.18918297086,8.1106070284,0.7268435228959468
1,cpu,cacherate-0,599999,1673000.0,1685000.0,1686000.0,1748000.0,1684742.0,1673000.0,5.1087029133,5.1087778387,5.10880331425,5.912043005,5.162291751919999,5.1085224382,0.4581871398567836
1,cpu,cacherate-0,1199999,1773000.0,1773000.0,1785000.0,1911000.0,1777749.0,1748000.0,2.105174389125,2.1051896629,2.105215738925,2.1052438858,2.1051785358066666,2.1049910975,0.1868483570015971
