power,island,task,time,howmany,frequency,time_rel
1645622.0,cpu,decrypt,16.1255116555,1,299999,1.0
1660141.0,cpu,decrypt,12.079689256799998,1,399999,0.7491042464181238
1695606.0,cpu,decrypt,7.777913084210001,1,599999,0.4823358942261627
1778573.0,cpu,decrypt,3.379697388368,1,1199999,0.2095869861726385
