power,island,task,time,howmany,frequency,time_rel
1807259.0,cpu,cacherate-100,2.310114019148572,1,299999,1.0
1837986.0,cpu,cacherate-100,2.28563462243,1,399999,0.9894033816012274
1871113.0,cpu,cacherate-100,2.0915212908422216,1,599999,0.9053757838381864
1949894.0,cpu,cacherate-100,1.18831139639,1,1199999,0.5143951279201233
