power,island,task,time,howmany,frequency,time_rel
1646125.0,cpu,encrypt,16.055504117199998,1,299999,1.0
1660118.0,cpu,encrypt,12.0475323758,1,399999,0.7503677422930418
1692255.0,cpu,encrypt,7.58723480987,1,599999,0.4725628516230717
1778657.0,cpu,encrypt,3.377693880432,1,1199999,0.2103760713943283
