howmany,island,task,frequency,power_25%,power_50%,power_75%,power_max,power_mean,power_min,time_25%,time_50%,time_75%,time_max,time_mean,time_min,time_rel
1,cpu,cachekiller,299999,1823000.0,1836000.0,1848000.0,1860000.0,1809904.0,1635000.0,2.11331302805,2.1135022509,2.1136582285500003,2.866332696,2.199189522668571,2.112822201,0.9438020875602616
1,cpu,cachekiller,399999,1860000.0,1860000.0,1873000.0,1886000.0,1839414.0,1648000.0,2.14502115175,2.1453162807,2.5501091145,2.55261569,2.3301384386142856,2.1445517513,1.0
1,cpu,cachekiller,599999,1873000.0,1886000.0,1898000.0,1923000.0,1873294.0,1673000.0,2.173463338075,2.2670279605,2.26891308375,2.275721984,2.2419752266575004,2.1724948003,0.9621639596618924
1,cpu,cachekiller,1199999,1948000.0,1960000.0,1973000.0,2036000.0,1950740.0,1760000.0,2.012198033,2.014711334,2.017128185,2.020039446,2.0145358382888885,2.009283742,0.8645562876886047
