power,island,task,time,howmany,frequency,time_rel
1656400.0,cpu,gzip-9,20.1892758802,1,299999,1.0
1664638.0,cpu,gzip-9,15.083059916899998,1,399999,0.7470827585100384
1703397.0,cpu,gzip-9,9.74115745638,1,599999,0.4824916710328048
1796974.0,cpu,gzip-9,4.145866993485,1,1199999,0.2053499599532903
