howmany,island,task,frequency,power_25%,power_50%,power_75%,power_max,power_mean,power_min,time_25%,time_50%,time_75%,time_max,time_mean,time_min,time_rel
2,cpu,cacherate-80,299999,2010000.0,2010000.0,2023000.0,2036000.0,1971683.3166833168,1673000.0,2.101821674875,2.10337976305,2.10474236165,2.955210426,2.11756006266,2.1010076766,0.9107237935599248
2,cpu,cacherate-80,399999,2048000.0,2060000.0,2073000.0,2098000.0,2019486.0,1686000.0,2.1286404965,2.13013831615,2.6910300005,2.726901824,2.3099359802728565,2.1270931829,0.9934611517899772
2,cpu,cacherate-80,599999,2098000.0,2098000.0,2111000.0,2136000.0,2079057.0,1723000.0,2.149309834775,2.15184951105,2.5029211495,2.52698876,2.3218227729425003,2.1467172397,0.9985734435753444
2,cpu,cacherate-80,1199999,2198000.0,2198000.0,2211000.0,2260000.0,2194659.0,1936000.0,2.170500814375,2.295131108,2.311258244,2.333064113,2.2651218640412503,2.1659499064,0.9741874213021554
