howmany,island,task,frequency,power_25%,power_50%,power_75%,power_max,power_mean,power_min,time_25%,time_50%,time_75%,time_max,time_mean,time_min,time_rel
2,cpu,cacherate-100,299999,1923000.0,2010000.0,2023000.0,2036000.0,1963790.2097902093,1660000.0,2.117147554225,2.11899180095,2.119926707925,2.840068842,2.2484700884814286,2.1162581793,0.9733156328405542
2,cpu,cacherate-100,399999,2048000.0,2060000.0,2073000.0,2098000.0,2019524.0,1673000.0,2.1440411470750003,2.14589123565,2.55809436,2.578640411,2.3280546207257142,2.1424499953,1.0077661108622484
2,cpu,cacherate-100,599999,2085000.0,2098000.0,2111000.0,2135000.0,2073083.0,1748000.0,2.162750038375,2.3664142405,2.3801506205000003,2.401309202,2.29412975738625,2.1600756264,0.993080747690448
2,cpu,cacherate-100,1199999,2198000.0,2198000.0,2211000.0,2248000.0,2191643.0,1898000.0,2.18068298765,2.1866936185,2.2036889135,2.230165182,2.191194754457777,2.161038425,0.9485223397178358
