howmany,island,task,frequency,power_25%,power_50%,power_75%,power_max,power_mean,power_min,time_25%,time_50%,time_75%,time_max,time_mean,time_min,time_rel,voltage_25%,voltage_50%,voltage_75%,voltage_max,voltage_mean,voltage_min,time
0,little,cachekiller,500000,16506.0,16524.0,17442.0,21114.0,17003.47587719298,16506.0,2.0,2.0,2.0,2.0,2.0,2.0,,917500.0,917500.0,918750.0,918750.0,918092.105263158,917500.0,
1,little,cachekiller,500000,34846.0,35763.0,35763.0,37597.0,35374.96929824561,17423.0,3.8425,3.86,3.9225,4.15,3.911666666666667,3.82,0.6245343267695584,917500.0,917500.0,917500.0,918750.0,917502.7412280702,917500.0,
2,little,cachekiller,500000,51352.0,52269.0,52269.0,55937.0,51808.95394736842,27510.0,4.1775,4.25,4.3925,4.51,4.286666666666666,4.15,0.6844065992549229,917500.0,917500.0,917500.0,918750.0,917554.8245614036,917500.0,
3,little,cachekiller,500000,67784.0,67784.0,67858.0,73280.0,67488.8947368421,22008.0,4.612500000000001,4.795,4.807499999999999,4.83,4.739444444444445,4.6,0.7566968245520668,916250.0,916250.0,917500.0,917500.0,916631.0307017544,916250.0,
4,little,cachekiller,500000,79692.0,79779.0,79779.0,88852.0,79908.55921052632,57771.0,5.46,5.495,5.53,5.57,5.494166666666668,5.45,0.877195316657797,916250.0,916250.0,917500.0,917500.0,916850.3289473684,916250.0,
