howmany,island,task,frequency,power_25%,power_50%,power_75%,power_max,power_mean,power_min,time_25%,time_50%,time_75%,time_max,time_mean,time_min,time_rel,voltage_25%,voltage_50%,voltage_75%,voltage_max,voltage_mean,voltage_min,time
0,big,hash,1300000,138864.0,140968.0,143072.0,207244.0,143356.77850877194,135708.0,2.0,2.0,2.0,2.0,2.0,2.0,,1052500.0,1052500.0,1052500.0,1052500.0,1052239.5833333333,1051250.0,
1,big,hash,1300000,890240.0,895440.0,899600.0,924560.0,892259.5986842106,605055.0,3.29,3.29,3.29,3.32,3.2949999999999995,3.29,0.0875631145362742,1040000.0,1040000.0,1040000.0,1045000.0,1039980.8114035088,1038750.0,
2,big,hash,1300000,1512723.5,1519236.0,1524446.0,1547370.0,1512413.879385965,318592.0,3.38,3.39,3.39,3.4,3.385,3.36,0.0899548232792984,1042500.0,1042500.0,1042500.0,1048750.0,1042513.7061403508,1041250.0,
3,big,hash,1300000,2124426.0,2132794.0,2139070.0,2162082.0,2123675.6447368423,696255.0,3.3425,3.425,3.43,3.44,3.3966666666666665,3.34,0.0902648595978385,1046250.0,1046250.0,1046250.0,1047500.0,1046016.995614035,1043750.0,
4,big,hash,1300000,2722200.0,2731088.0,2739472.0,2776152.0,2723198.0614035088,1214406.0,3.37,3.38,3.4125,3.46,3.392916666666667,3.33,0.0901652050668792,1048750.0,1048750.0,1048750.0,1050000.0,1048582.785087719,1045000.0,
