howmany,island,task,frequency,power_25%,power_50%,power_75%,power_max,power_mean,power_min,time_25%,time_50%,time_75%,time_max,time_mean,time_min,time_rel
1,cpu,cacherate-20,299999,1723000.0,1735000.0,1736000.0,1761000.0,1726187.0,1635000.0,8.102005852975001,8.10218026635,8.102283547975,8.1023882542,8.10212052561,8.1015916946,1.0
1,cpu,cacherate-20,399999,1761000.0,1773000.0,1773000.0,1786000.0,1765183.0,1660000.0,6.124517695675,6.12459559345,6.12470996865,6.756566737,6.25088966499,6.12401009,0.7715127965859749
1,cpu,cacherate-20,599999,1823000.0,1836000.0,1848000.0,1861000.0,1829711.0,1673000.0,4.1306360442,4.130848010599999,4.2707975751500005,4.695416233,4.271259480754999,4.1305088968,0.5271779736248025
1,cpu,cacherate-20,1199999,2010000.0,2011000.0,2023000.0,2061000.0,2005998.0,1773000.0,2.1259953187500003,2.1262509458,2.7368708655,2.744044708,2.301392547088571,2.1256653512,0.2840481747727768
