howmany,island,task,frequency,power_25%,power_50%,power_75%,power_max,power_mean,power_min,time_25%,time_50%,time_75%,time_max,time_mean,time_min,time_rel,voltage_25%,voltage_50%,voltage_75%,voltage_max,voltage_mean,voltage_min,time
0,little,gzip-5,1200000,64680.0,64680.0,65856.0,74088.0,65394.866228070176,64680.0,2.0,2.0,2.0,2.0,2.0,2.0,,1176250.0,1176250.0,1176250.0,1177500.0,1176551.535087719,1176250.0,
1,little,gzip-5,1200000,215025.0,216200.0,217375.0,219725.0,214175.5679824561,65912.0,5.755,5.77,5.77,5.81,5.7683333333333335,5.74,0.1663382515499591,1175000.0,1175000.0,1175000.0,1177500.0,1174991.7763157894,1173750.0,
2,little,gzip-5,1200000,309720.0,314976.0,321646.0,326556.0,312690.4364035088,74151.0,6.14,6.18,6.22,6.43,6.204166666666667,6.12,0.17890613735762,1157500.0,1158750.0,1160000.0,1177500.0,1159383.2236842106,1156250.0,
3,little,gzip-5,1200000,367608.0,374544.0,379457.0,389572.0,372307.7785087719,65856.0,7.18,7.205,7.25,7.27,7.208333333333333,7.13,0.2078627385014658,1156250.0,1156250.0,1156250.0,1176250.0,1156384.320175439,1155000.0,
4,little,gzip-5,1200000,410980.0,414645.0,417316.0,422730.0,413258.6732456141,222897.0,8.41,8.45,8.5,8.62,8.461666666666666,8.33,0.2440044215888883,1155000.0,1155000.0,1156250.0,1167500.0,1155391.995614035,1155000.0,
