power,time,task,howmany,island,frequency,time_rel
2951370.481927711,,hash,0,cpu,900000,
3304243.75,3.2425,hash,1,cpu,900000,0.6699380165289257
3651324.324324324,3.256,hash,2,cpu,900000,0.6727272727272727
4015532.37937938,3.252,hash,3,cpu,900000,0.671900826446281
4427703.109327984,3.2604999999999995,hash,4,cpu,900000,0.6736570247933884
