power,time,task,howmany,island,frequency,time_rel
2951370.481927711,,gzip-5,0,cpu,900000,
3316122.244488978,4.832,gzip-5,1,cpu,900000,0.6670961803957662
3653933.867735471,4.859,gzip-5,2,cpu,900000,0.6708237459733088
4011021.832160804,4.951333333333334,gzip-5,3,cpu,900000,0.6835710998619422
4406802.25409836,5.118999999999999,gzip-5,4,cpu,900000,0.7067188219052001
