power,time,task,howmany,island,frequency,time_rel
2951370.481927711,,decrypt,0,cpu,900000,
3247530.0601202403,4.8580000000000005,decrypt,1,cpu,900000,0.6662095447065278
3555930.7228915663,4.861,decrypt,2,cpu,900000,0.6666209544706527
3877586.3413654617,4.868,decrypt,3,cpu,900000,0.6675809105869447
4237016.260162601,4.867,decrypt,4,cpu,900000,0.667443773998903
