power,time,task,howmany,island,frequency,time_rel
2951370.481927711,,idle,0,cpu,900000,
2951370.481927711,2.0,idle,1,cpu,900000,1.0
2948767.5350701404,2.0,idle,2,cpu,900000,1.0
2951954.0,2.0,idle,3,cpu,900000,1.0
2955460.575719649,2.0,idle,4,cpu,900000,1.0
