power,time,task,howmany,island,frequency,time_rel
2951370.481927711,,gzip-1,0,cpu,900000,
3305825.301204819,4.648,gzip-1,1,cpu,900000,0.6672408842951478
3638953.907815632,4.68,gzip-1,2,cpu,900000,0.6718346253229974
3985960.826305221,7.410666666666667,gzip-1,3,cpu,900000,1.063833859699493
4369371.926229509,7.2495,gzip-1,4,cpu,900000,1.0406976744186047
