howmany,island,task,frequency,power_25%,power_50%,power_75%,power_max,power_mean,power_min,time_25%,time_50%,time_75%,time_max,time_mean,time_min,time_rel,time
0,cpu,idle,900000,2946000.0,2950000.0,2950000.0,3129000.0,2951370.481927711,2938000.0,2.0,2.0,2.0,2.0,2.0,2.0,,
1,cpu,idle,900000,2946000.0,2950000.0,2950000.0,3129000.0,2951370.481927711,2938000.0,2.0,2.0,2.0,2.0,2.0,2.0,1.0,
2,cpu,idle,900000,2942000.0,2946000.0,2950000.0,3164000.0,2948767.5350701404,2938000.0,2.0,2.0,2.0,2.0,2.0,2.0,1.0,
3,cpu,idle,900000,2942000.0,2946000.0,2954000.0,3202000.0,2951954.0,2935000.0,2.0,2.0,2.0,2.0,2.0,2.0,1.0,
4,cpu,idle,900000,2946000.0,2950000.0,2954000.0,3244000.0,2955460.575719649,2942000.0,2.0,2.0,2.0,2.0,2.0,2.0,1.0,
