power,time,task,howmany,island,frequency,time_rel
2951370.481927711,,encrypt,0,cpu,900000,
3244949.849548646,4.859999999999999,encrypt,1,cpu,900000,0.6666666666666666
3548247.743229689,4.859,encrypt,2,cpu,900000,0.6665294924554185
3870123.370110331,4.853333333333334,encrypt,3,cpu,900000,0.6657521719250117
4227382.502543235,4.859,encrypt,4,cpu,900000,0.6665294924554185
