power,time,task,howmany,island,frequency,time_rel
2951370.481927711,,gzip-9,0,cpu,900000,
3314124.124124124,4.834,gzip-9,1,cpu,900000,0.6689114391143911
3654040.0801603207,4.859,gzip-9,2,cpu,900000,0.6723708487084871
4011586.690452261,4.945333333333333,gzip-9,3,cpu,900000,0.6843173431734317
4406092.307692308,5.117,gzip-9,4,cpu,900000,0.7080719557195572
