howmany,island,task,frequency,power_25%,power_50%,power_75%,power_max,power_mean,power_min,time_25%,time_50%,time_75%,time_max,time_mean,time_min,time_rel,time
0,cpu,gzip-9,900000,2946000.0,2950000.0,2950000.0,3129000.0,2951370.481927711,2938000.0,2.0,2.0,2.0,2.0,2.0,2.0,,
1,cpu,gzip-9,900000,3313000.0,3316000.0,3320000.0,3423000.0,3314124.124124124,2942000.0,4.83,4.83,4.85,4.85,4.834,4.81,0.6689114391143911,
2,cpu,gzip-9,900000,3656000.0,3660000.0,3660000.0,3729000.0,3654040.0801603207,2946000.0,4.85,4.86,4.8675,4.88,4.859,4.84,0.6723708487084871,
3,cpu,gzip-9,900000,4014999.0,4019000.0,4022000.0,4083999.0,4011586.690452261,2942000.0,4.94,4.95,4.95,4.96,4.945333333333333,4.93,0.6843173431734317,
4,cpu,gzip-9,900000,4404000.0,4408000.0,4412000.0,4419000.0,4406092.307692308,4370000.0,5.11,5.115,5.13,5.13,5.117,5.1,0.7080719557195572,
