howmany,island,task,frequency,power_25%,power_50%,power_75%,power_max,power_mean,power_min,time_25%,time_50%,time_75%,time_max,time_mean,time_min,time_rel,time
0,cpu,hash,900000,2946000.0,2950000.0,2950000.0,3129000.0,2951370.481927711,2938000.0,2.0,2.0,2.0,2.0,2.0,2.0,,
1,cpu,hash,900000,3305000.0,3305000.0,3309000.0,3397000.0,3304243.75,2942000.0,3.24,3.24,3.2425,3.25,3.2425,3.24,0.6699380165289257,
2,cpu,hash,900000,3652000.0,3656000.0,3656000.0,3706000.0,3651324.324324324,2938000.0,3.25,3.255,3.26,3.27,3.256,3.24,0.6727272727272727,
3,cpu,hash,900000,4019000.0,4022000.0,4026000.0,4091000.0,4015532.37937938,2942000.0,3.24,3.26,3.26,3.27,3.252,3.23,0.671900826446281,
4,cpu,hash,900000,4419000.0,4427000.0,4435000.0,4477000.0,4427703.109327984,4397000.0,3.26,3.26,3.2625,3.27,3.2604999999999995,3.25,0.6736570247933884,
