frequency,power,task,island,voltage,time,howmany,time_rel
200000,9238.804824561405,encrypt,little,918552.6315789474,,0,
200000,22755.59210526316,encrypt,little,917779.605263158,35.568333333333335,1,1.0
200000,37353.92105263158,encrypt,little,917510.9649122808,35.49166666666667,2,0.9978445246239632
200000,51817.25657894737,encrypt,little,917516.447368421,35.49999999999999,3,0.998078815425706
200000,65827.71271929824,encrypt,little,917269.7368421052,35.53916666666667,4,0.999179982193899
