frequency,power,task,island,voltage,time,howmany,time_rel
200000,9238.804824561405,idle,little,918552.6315789474,,0,
200000,9238.804824561405,idle,little,918552.6315789474,2.01,1,1.0
200000,9300.024122807015,idle,little,918410.0877192982,2.01,2,1.0
200000,9283.372807017544,idle,little,918089.3640350878,2.0116666666666663,3,1.0008291873963515
200000,9616.098684210529,idle,little,917944.0789473684,2.010833333333333,4,1.0004145936981756
