frequency,power,task,island,voltage,time,howmany,time_rel
200000,9238.804824561405,cacherate-20,little,918552.6315789474,,0,
200000,25223.63596491228,cacherate-20,little,917505.4824561405,17.930000000000003,1,1.0
200000,40746.34649122807,cacherate-20,little,917508.2236842106,17.86583333333333,2,0.9964212678936604
200000,57208.146929824565,cacherate-20,little,917508.2236842106,17.950555555555557,3,1.001146433661771
200000,71488.45614035087,cacherate-20,little,917160.0877192982,18.1725,4,1.0135248187395425
