frequency,power,task,island,voltage,time,howmany,time_rel
200000,9238.804824561405,cacherate-100,little,918552.6315789474,,0,
200000,19638.195175438595,cacherate-100,little,917686.403508772,5.723333333333333,1,1.0
200000,29028.666666666668,cacherate-100,little,917516.447368421,6.459166666666666,2,1.1285672684915549
200000,38962.4451754386,cacherate-100,little,917500.0,9.398888888888887,3,1.6422053970102892
200000,41454.03070175439,cacherate-100,little,917500.0,12.46,4,2.1770529994175893
