frequency,power,task,island,voltage,time,howmany,time_rel
200000,9238.804824561405,cacherate-60,little,918552.6315789474,,0,
200000,20955.370614035088,cacherate-60,little,917891.995614035,6.59,1,1.0
200000,33026.38157894737,cacherate-60,little,917513.7061403508,7.255,2,1.1009104704097117
200000,43824.44736842105,cacherate-60,little,917541.1184210526,10.585,3,1.6062215477996966
200000,47170.79605263158,cacherate-60,little,918223.6842105264,14.040416666666667,4,2.130563985837127
