frequency,power,task,island,voltage,time,howmany,time_rel
200000,9238.804824561405,cachekiller,little,918552.6315789474,,0,
200000,19960.291666666668,cachekiller,little,917700.1096491228,6.263333333333333,1,1.0
200000,30081.95175438597,cachekiller,little,917497.2587719298,7.0683333333333325,2,1.128525811601916
200000,39210.76754385965,cachekiller,little,917469.846491228,10.323333333333334,3,1.6482171367748806
200000,42313.47807017544,cachekiller,little,917521.9298245612,13.700833333333335,4,2.187466737626397
