frequency,power,task,island,voltage,time,howmany,time_rel
1500000,109331.9846491228,gzip-9,little,1312264.254385965,,0,
1500000,337358.17324561405,gzip-9,little,1297617.8728070175,4.678333333333334,1,0.1349843712430873
1500000,481706.625,gzip-9,little,1291296.600877193,5.221666666666667,2,0.150661216638615
1500000,568448.8530701754,gzip-9,little,1290104.1666666667,6.073888888888889,3,0.1752504608479602
1500000,615443.6425438597,gzip-9,little,1290041.1184210526,7.35125,4,0.2121062755470065
