frequency,power,task,island,voltage,time,howmany,time_rel
1500000,109331.9846491228,cacherate-20,little,1312264.254385965,,0,
1500000,228000.4978070176,cacherate-20,little,1310389.254385965,4.281666666666666,1,0.2387990332775608
1500000,315085.5899122807,cacherate-20,little,1292669.9561403508,4.725833333333334,2,0.2635712957798847
1500000,408336.78289473685,cacherate-20,little,1291469.298245614,5.183888888888889,3,0.2891181756212431
1500000,493614.0877192983,cacherate-20,little,1291313.048245614,5.66,4,0.3156720580033463
