frequency,power,task,island,voltage,time,howmany,time_rel
1500000,109331.9846491228,decrypt,little,1312264.254385965,,0,
1500000,331707.23245614034,decrypt,little,1304975.3289473683,4.75,1,0.1325643053165263
1500000,542552.149122807,decrypt,little,1290342.653508772,4.753333333333334,2,0.1326573328992046
1500000,751995.6666666666,decrypt,little,1288837.7192982456,4.777777777777779,3,0.1333395351721785
1500000,958153.5065789474,decrypt,little,1286414.4736842106,4.78375,4,0.1335062095911437
