frequency,power,task,island,voltage,time,howmany,time_rel
1500000,109331.9846491228,cacherate-100,little,1312264.254385965,,0,
1500000,185828.2872807017,cacherate-100,little,1311250.0,2.785,1,0.486604542807222
1500000,244075.29824561405,cacherate-100,little,1293881.5789473683,2.958333333333333,2,0.5168899242865463
1500000,304477.5811403509,cacherate-100,little,1292637.0614035088,3.264444444444445,3,0.5703746845272764
1500000,362583.00657894736,cacherate-100,little,1292102.5219298245,3.711666666666666,4,0.6485148514851484
