frequency,power,task,island,voltage,time,howmany,time_rel
1500000,109331.9846491228,idle,little,1312264.254385965,,0,
1500000,109331.9846491228,idle,little,1312264.254385965,2.0,1,0.9950248756218908
1500000,109326.50438596492,idle,little,1312097.0394736845,2.0,2,0.9950248756218908
1500000,109194.7149122807,idle,little,1312105.2631578948,2.0,3,0.9950248756218908
1500000,110363.11622807015,idle,little,1312198.464912281,2.0,4,0.9950248756218908
