frequency,power,task,island,voltage,time,howmany,time_rel
1500000,109331.9846491228,encrypt,little,1312264.254385965,,0,
1500000,331507.0745614035,encrypt,little,1305726.4254385964,4.706666666666667,1,0.1323274448245162
1500000,540069.0855263158,encrypt,little,1290455.0438596492,4.710833333333334,2,0.1324445902253877
1500000,750498.2872807018,encrypt,little,1288878.8377192982,4.718333333333334,3,0.1326554519469565
1500000,959239.9627192982,encrypt,little,1286354.1666666667,4.72375,4,0.1328077409680896
