frequency,power,task,island,voltage,time,howmany,time_rel
1500000,109331.9846491228,cacherate-40,little,1312264.254385965,,0,
1500000,201345.69736842104,cacherate-40,little,1311189.6929824562,3.758333333333333,1,0.465044339038977
1500000,272472.0285087719,cacherate-40,little,1292735.745614035,4.109999999999999,2,0.5085584656630232
1500000,346173.5285087719,cacherate-40,little,1292563.048245614,4.501111111111111,3,0.5569533237093559
1500000,414733.6754385965,cacherate-40,little,1291535.0877192982,5.027916666666667,4,0.6221385852753145
