frequency,power,task,island,voltage,time,howmany,time_rel
1500000,109331.9846491228,hash,little,1312264.254385965,,0,
1500000,291108.5,hash,little,1309608.004385965,5.109999999999999,1,0.1357959075205952
1500000,457471.4210526316,hash,little,1291376.096491228,5.13,2,0.1363273983523784
1500000,624788.177631579,hash,little,1290104.1666666667,5.155000000000001,3,0.1369917618921073
1500000,782265.572368421,hash,little,1288399.1228070175,5.177916666666667,4,0.1376007618035255
