howmany,island,task,frequency,power_25%,power_50%,power_75%,power_max,power_mean,power_min,time_25%,time_50%,time_75%,time_max,time_mean,time_min,time_rel,time
0,cpu,encrypt,1500000,3106000.0,3110000.0,3110000.0,3271000.0,3110947.0,3099000.0,2.0,2.0,2.0,2.0,2.0,2.0,,
1,cpu,encrypt,1500000,3626000.0,3629000.0,3633000.0,3736000.0,3626981.0,3103000.0,2.91,2.91,2.93,2.96,2.9240000000000004,2.91,0.4010973936899863,
2,cpu,encrypt,1500000,4171000.0,4175000.0,4179000.0,4210000.0,4168324.983,3103000.0,2.92,2.92,2.92,2.94,2.9230000000000005,2.91,0.4009602194787381,
3,cpu,encrypt,1500000,4771000.0,4774000.0,4782000.0,4885000.0,4761323.0,3110000.0,2.91,2.92,2.925,2.95,2.922,2.91,0.4008230452674898,
4,cpu,encrypt,1500000,5427000.0,5435000.0,5439000.0,5477000.0,5434776.541961578,5397000.0,2.91,2.92,2.9325,2.97,2.9270000000000005,2.91,0.4015089163237312,
