howmany,island,task,frequency,power_25%,power_50%,power_75%,power_max,power_mean,power_min,time_25%,time_50%,time_75%,time_max,time_mean,time_min,time_rel,time
0,cpu,gzip-9,1500000,3106000.0,3110000.0,3110000.0,3271000.0,3110947.0,3099000.0,2.0,2.0,2.0,2.0,2.0,2.0,,
1,cpu,gzip-9,1500000,3751000.0,3755000.0,3755000.0,3843000.0,3746835.0,3103000.0,2.89,2.9,2.9,2.9,2.896,2.89,0.4007380073800738,
2,cpu,gzip-9,1500000,4370000.0,4374000.0,4377000.0,4843000.0,4364792.0,3103000.0,2.92,2.92,2.93,2.96,2.928,2.92,0.4051660516605166,
3,cpu,gzip-9,1500000,5034000.0,5042000.0,5045000.0,5148000.0,5019849.997,3141000.0,2.98,2.98,2.9850000000000003,2.99,2.980666666666666,2.97,0.4124538745387453,
4,cpu,gzip-9,1500000,5698000.0,5717000.0,5732000.0,5755000.0,5703629.889669007,5439000.0,3.1275,3.13,3.14,3.15,3.1295,3.11,0.4330488929889299,
