howmany,island,task,frequency,power_25%,power_50%,power_75%,power_max,power_mean,power_min,time_25%,time_50%,time_75%,time_max,time_mean,time_min,time_rel,voltage_25%,voltage_50%,voltage_75%,voltage_max,voltage_mean,voltage_min,time
0,big,hash,1200000,120159.0,122213.0,123240.0,206226.0,123850.00877192985,116964.0,2.0,2.0,2.0,2.0,2.0,2.0,,1027500.0,1027500.0,1027500.0,1027500.0,1027431.4692982456,1026250.0,
1,big,hash,1200000,779887.5,783049.0,788114.0,956130.0,777170.0416666666,128375.0,3.55,3.55,3.5575,3.58,3.556666666666667,3.55,0.0945167862521038,1013750.0,1013750.0,1013750.0,1027500.0,1013900.7675438595,1013750.0,
2,big,hash,1200000,1325626.0,1330960.0,1334008.0,1368552.0,1327108.6754385964,599760.0,3.6175,3.64,3.66,3.67,3.6291666666666655,3.56,0.0964434405173177,1016250.0,1016250.0,1016250.0,1020000.0,1016334.9780701754,1016250.0,
3,big,hash,1200000,1855814.0,1861500.0,1868030.0,1898570.0,1857459.644736842,535528.0,3.62,3.68,3.69,3.7,3.655555555555555,3.6,0.0971447131425871,1018750.0,1020000.0,1020000.0,1022500.0,1019539.4736842106,1017500.0,
4,big,hash,1200000,2384326.0,2392502.0,2398634.0,2424184.0,2384842.50877193,1339688.0,3.67,3.71,3.76,3.78,3.7116666666666673,3.64,0.0986358401984232,1022500.0,1022500.0,1022500.0,1022500.0,1022269.7368421052,1018750.0,
