howmany,island,task,frequency,power_25%,power_50%,power_75%,power_max,power_mean,power_min,time_25%,time_50%,time_75%,time_max,time_mean,time_min,time_rel,voltage_25%,voltage_50%,voltage_75%,voltage_max,voltage_mean,voltage_min,time
0,big,hash,600000,53070.0,53985.0,54900.0,146080.0,55386.11184210526,51240.0,2.0,2.0,2.0,2.0,2.0,2.0,,915000.0,915000.0,915000.0,915000.0,914989.0350877192,913750.0,
1,big,hash,600000,322354.5,323760.0,325584.0,342536.0,321618.13377192983,60390.0,7.05,7.05,7.05,7.1,7.056666666666666,7.04,0.1875276818141553,912500.0,912500.0,912500.0,915000.0,912297.149122807,911250.0,
2,big,hash,600000,528887.0,529788.0,530689.0,551412.0,527618.3355263158,107970.0,7.077500000000001,7.11,7.14,7.15,7.103333333333333,7.05,0.188767827088316,900000.0,901250.0,901250.0,915000.0,901710.5263157894,900000.0,
3,big,hash,600000,737836.0,739640.0,740622.0,753236.0,736480.1140350878,307344.0,7.05,7.06,7.06,7.19,7.073333333333333,7.05,0.1879705908406413,901250.0,902500.0,902500.0,912500.0,901998.355263158,901250.0,
4,big,hash,600000,945296.0,947100.0,948904.0,952512.0,944669.3289473684,552363.0,7.07,7.08,7.092499999999999,7.28,7.107083333333333,7.06,0.1888674816192753,902500.0,902500.0,902500.0,907500.0,902516.447368421,901250.0,
