howmany,island,task,frequency,power_25%,power_50%,power_75%,power_max,power_mean,power_min,time_25%,time_50%,time_75%,time_max,time_mean,time_min,time_rel,voltage_25%,voltage_50%,voltage_75%,voltage_max,voltage_mean,voltage_min,time
0,big,encrypt,600000,53070.0,53985.0,54900.0,146080.0,55386.11184210526,51240.0,2.0,2.0,2.0,2.0,2.0,2.0,,915000.0,915000.0,915000.0,915000.0,914989.0350877192,913750.0,
1,big,encrypt,600000,273600.0,275122.0,277248.0,305185.0,274863.0504385965,145167.0,7.1225000000000005,7.13,7.13,7.17,7.131666666666667,7.11,0.2005060681317651,912500.0,912500.0,912500.0,913750.0,912266.995614035,911250.0,
2,big,encrypt,600000,477900.0,479700.0,485100.0,597363.0,481035.399122807,214555.0,7.1175,7.13,7.14,7.17,7.130000000000002,7.1,0.2004592099714165,900000.0,900000.0,901250.0,913750.0,901891.447368421,900000.0,
3,big,encrypt,600000,689265.0,690166.0,693770.0,710889.0,689870.2521929825,412230.0,7.13,7.135,7.1475,7.22,7.147777777777778,7.12,0.2009590303484685,901250.0,901250.0,901250.0,910000.0,901455.5921052631,901250.0,
4,big,encrypt,600000,900196.0,902000.0,902902.0,907412.0,898232.4429824562,454908.0,7.13,7.14,7.15,7.21,7.147916666666666,7.12,0.2009629351951642,902500.0,902500.0,902500.0,908750.0,902527.4122807018,901250.0,
