howmany,island,task,frequency,power_25%,power_50%,power_75%,power_max,power_mean,power_min,time_25%,time_50%,time_75%,time_max,time_mean,time_min,time_rel,voltage_25%,voltage_50%,voltage_75%,voltage_max,voltage_mean,voltage_min,time
0,little,cacherate-20,1200000,64680.0,64680.0,65856.0,74088.0,65394.866228070176,64680.0,2.0,2.0,2.0,2.0,2.0,2.0,,1176250.0,1176250.0,1176250.0,1177500.0,1176551.535087719,1176250.0,
1,little,cacherate-20,1200000,149352.0,149352.0,149352.0,150528.0,148573.5197368421,65856.0,4.512499999999999,4.525,4.5600000000000005,4.61,4.54,4.5,0.2532069157836029,1176250.0,1176250.0,1176250.0,1176250.0,1176228.070175439,1175000.0,
2,little,cacherate-20,1200000,211140.0,211500.0,212675.0,216200.0,211073.52631578947,65912.0,4.8950000000000005,4.905,4.952500000000001,4.98,4.916666666666667,4.87,0.274214538018219,1173750.0,1175000.0,1175000.0,1177500.0,1174503.8377192982,1171250.0,
3,little,cacherate-20,1200000,277680.0,278837.0,279560.0,287140.0,277849.7061403509,159256.0,5.38,5.4,5.4175,5.44,5.368333333333333,5.18,0.2994050938836214,1157500.0,1158125.0,1161250.0,1172500.0,1159364.035087719,1156250.0,
4,little,cacherate-20,1200000,337552.0,338708.0,339864.0,342176.0,337320.8179824561,142862.0,5.555,5.8,5.8725000000000005,5.96,5.736249999999999,5.5,0.3199247071946457,1156250.0,1156250.0,1156250.0,1171250.0,1156233.5526315789,1155000.0,
