howmany,island,task,frequency,power_25%,power_50%,power_75%,power_max,power_mean,power_min,time_25%,time_50%,time_75%,time_max,time_mean,time_min,time_rel,voltage_25%,voltage_50%,voltage_75%,voltage_max,voltage_mean,voltage_min,time
0,little,idle,1500000,108896.0,108896.0,108896.0,119301.0,109331.9846491228,107502.0,2.0,2.0,2.0,2.0,2.0,2.0,,1312500.0,1312500.0,1312500.0,1312500.0,1312264.254385965,1311250.0,
1,little,idle,1500000,108896.0,108896.0,108896.0,119301.0,109331.9846491228,107502.0,2.0,2.0,2.0,2.0,2.0,2.0,0.9950248756218908,1312500.0,1312500.0,1312500.0,1312500.0,1312264.254385965,1311250.0,
2,little,idle,1500000,108813.0,108896.0,108896.0,124545.0,109326.50438596492,107502.0,2.0,2.0,2.0,2.0,2.0,2.0,0.9950248756218908,1311250.0,1312500.0,1312500.0,1312500.0,1312097.0394736845,1311250.0,
3,little,idle,1500000,107584.0,107584.0,108896.0,132411.0,109194.7149122807,106191.0,2.0,2.0,2.0,2.0,2.0,2.0,0.9950248756218908,1311250.0,1312500.0,1312500.0,1312500.0,1312105.2631578948,1311250.0,
4,little,idle,1500000,108896.0,108896.0,110124.0,139072.0,110363.11622807015,107502.0,2.0,2.0,2.0,2.0,2.0,2.0,0.9950248756218908,1312500.0,1312500.0,1312500.0,1312500.0,1312198.464912281,1311250.0,
