howmany,island,task,frequency,power_25%,power_50%,power_75%,power_max,power_mean,power_min,time_25%,time_50%,time_75%,time_max,time_mean,time_min,time_rel,voltage_25%,voltage_50%,voltage_75%,voltage_max,voltage_mean,voltage_min,time
0,little,cachekiller,1500000,108896.0,108896.0,108896.0,119301.0,109331.9846491228,107502.0,2.0,2.0,2.0,2.0,2.0,2.0,,1312500.0,1312500.0,1312500.0,1312500.0,1312264.254385965,1311250.0,
1,little,cachekiller,1500000,190095.0,190095.0,190095.0,197961.0,190212.75657894736,110208.0,2.9725,3.02,3.0975,3.18,3.035,2.91,0.4845662586482172,1311250.0,1311250.0,1311250.0,1312500.0,1311126.644736842,1310000.0,
2,little,cachekiller,1500000,249549.0,249549.0,250842.0,262276.0,250112.27631578947,137550.0,3.1775,3.3200000000000003,3.3525,3.38,3.283333333333333,3.14,0.5242150079829697,1293750.0,1293750.0,1293750.0,1310000.0,1293560.855263158,1292500.0,
3,little,cachekiller,1500000,306204.0,306204.0,306204.0,325584.0,305801.25877192983,163375.0,3.525,3.64,3.7275,3.77,3.628333333333333,3.49,0.5792974986695051,1292500.0,1292500.0,1292500.0,1307500.0,1292584.9780701755,1292500.0,
4,little,cachekiller,1500000,366928.0,370804.0,370804.0,391476.0,369174.1798245614,184146.0,4.0075,4.18,4.2,4.23,4.122916666666666,3.93,0.6582623736029802,1292500.0,1292500.0,1292500.0,1306250.0,1292458.8815789474,1291250.0,
