power,island,task,time,howmany,frequency,time_rel
1621317.0,cpu,decrypt,,0,599999,
1695606.0,cpu,decrypt,7.777913084210001,1,599999,0.4823358942261627
1758291.0,cpu,decrypt,7.590871335940001,2,599999,0.4707367740080947
1826286.0,cpu,decrypt,7.679055819946665,3,599999,0.4762054056949899
1897750.0,cpu,decrypt,7.7623810499824994,4,599999,0.4813726978600986
