power,island,task,time,howmany,frequency,time_rel
1621317.0,cpu,hash,,0,599999,
1697059.0,cpu,hash,5.318632713726667,1,599999,0.47188431058507
1767174.0,cpu,hash,5.3088756346866655,2,599999,0.4710186346183441
1828934.0,cpu,hash,5.320565050242222,3,599999,0.472055753009005
1907773.641851107,cpu,hash,5.3518519468850005,4,599999,0.4748316159886991
