power,island,task,time,howmany,frequency,time_rel
1621317.0,cpu,gzip-9,,0,599999,
1703397.0,cpu,gzip-9,9.74115745638,1,599999,0.4824916710328048
1780235.0,cpu,gzip-9,9.55501403335333,2,599999,0.4732717552650866
1856071.0,cpu,gzip-9,10.089753852133333,3,599999,0.4997580850350627
1938516.6498486376,cpu,gzip-9,10.3370219133025,4,599999,0.5120055803209966
