power,island,task,time,howmany,frequency,time_rel
1621317.0,cpu,cacherate-40,,0,599999,
1894273.0,cpu,cacherate-40,2.280774004245714,1,599999,0.5382716025031857
2102852.0,cpu,cacherate-40,3.173110919725,2,599999,0.7488666112912808
2256925.0,cpu,cacherate-40,3.3258569393200004,3,599999,0.784915270470284
2291207.07070707,cpu,cacherate-40,4.43040592554875,4,599999,1.0455931595350727
