power,island,task,time,howmany,frequency,time_rel
1621317.0,cpu,encrypt,,0,599999,
1692255.0,cpu,encrypt,7.58723480987,1,599999,0.4725628516230717
1758283.0,cpu,encrypt,7.654578558014999,2,599999,0.4767572853607739
1824115.0,cpu,encrypt,7.58236457452,3,599999,0.4722595141934619
1896860.0,cpu,encrypt,7.7508579697275,4,599999,0.4827539461326619
