power,island,task,time,howmany,frequency,time_rel
1621317.0,cpu,cachekiller,,0,599999,
1873294.0,cpu,cachekiller,2.2419752266575004,1,599999,0.9621639596618924
2077299.0,cpu,cachekiller,2.320759671611429,2,599999,0.9959750172575864
2194453.0,cpu,cachekiller,3.157096668858889,3,599999,1.3548966089484316
2232174.0442655934,cpu,cachekiller,4.154592317193578,4,599999,1.7829808943301586
