power,island,task,time,howmany,frequency,time_rel
1621317.0,cpu,cacherate-80,,0,599999,
1868133.0,cpu,cacherate-80,2.195356720171111,1,599999,0.9441827108790402
2079057.0,cpu,cacherate-80,2.3218227729425003,2,599999,0.9985734435753444
2204562.0,cpu,cacherate-80,2.461989258097778,3,599999,1.0588564812759242
2238289.579158317,cpu,cacherate-80,3.352766260441739,4,599999,1.4419633527625193
