power,island,task,time,howmany,frequency,time_rel
1621317.0,cpu,cacherate-60,,0,599999,
1880230.0,cpu,cacherate-60,2.2921945818575,1,599999,0.7526535497367002
2081826.0,cpu,cacherate-60,2.288996777514286,2,599999,0.7516035346946381
2215162.0,cpu,cacherate-60,3.2250364370022218,3,599999,1.0589568361918515
2250806.193806194,cpu,cacherate-60,4.196785945564814,4,599999,1.3780356451478697
