power,island,task,time,howmany,frequency,time_rel
1621317.0,cpu,gzip-5,,0,599999,
1703125.0,cpu,gzip-5,9.64558203071,1,599999,0.47786882197274
1780953.0,cpu,gzip-5,9.784886617207144,2,599999,0.4847703566269313
1856729.0,cpu,gzip-5,10.088003941866669,3,599999,0.4997876275799329
1938563.38028169,cpu,gzip-5,10.20372986712564,4,599999,0.5055210101170508
