howmany,island,task,frequency,power_25%,power_50%,power_75%,power_max,power_mean,power_min,time_25%,time_50%,time_75%,time_max,time_mean,time_min,time_rel,time
0,cpu,cacherate-20,599999,1610000.0,1623000.0,1623000.0,1698000.0,1621317.0,1610000.0,2.002390338,2.0024247115,2.00245350225,2.00255905,2.0024260436000003,2.002320396,,
1,cpu,cacherate-20,599999,1823000.0,1836000.0,1848000.0,1861000.0,1829711.0,1673000.0,4.1306360442,4.130848010599999,4.2707975751500005,4.695416233,4.271259480754999,4.1305088968,0.5271779736248025,
2,cpu,cacherate-20,599999,2036000.0,2048000.0,2061000.0,2085000.0,2037692.0,1748000.0,4.128649736025,4.131903384099999,4.67566863,4.724723061,4.314325598355,4.1275600611,0.5324933867273197,
3,cpu,cacherate-20,599999,2248000.0,2261000.0,2273000.0,2286000.0,2240538.0,1960000.0,4.12213931325,4.12409357525,4.277774737350001,4.804606783,4.283614147176667,4.1179528032,0.5287028418839966,
4,cpu,cacherate-20,599999,2348000.0,2361000.0,2373000.0,2436000.0,2347215.3061224488,1973000.0,5.1577626622,5.275923495,5.385728927,5.80060019,5.289489834001449,5.1167509134,0.6528525238895048,
