power,island,task,time,howmany,frequency,time_rel
1621317.0,cpu,idle,,0,599999,
1621317.0,cpu,idle,2.0024260436000003,1,599999,0.9989590609706314
1615345.0,cpu,idle,2.00239691671,2,599999,0.998944530311296
1611707.0,cpu,idle,2.003670881905333,3,599999,0.9995800789146048
1608720.0,cpu,idle,2.002330497605,4,599999,0.9989113955211382
