power,island,task,time,howmany,frequency,time_rel
1621317.0,cpu,cacherate-20,,0,599999,
1829711.0,cpu,cacherate-20,4.271259480754999,1,599999,0.5271779736248025
2037692.0,cpu,cacherate-20,4.314325598355,2,599999,0.5324933867273197
2240538.0,cpu,cacherate-20,4.283614147176667,3,599999,0.5287028418839966
2347215.3061224488,cpu,cacherate-20,5.289489834001449,4,599999,0.6528525238895048
