power,time,task,howmany,island,frequency,time_rel
2926002.506265664,,decrypt,0,cpu,800000,
3183074.297188755,5.464,decrypt,1,cpu,800000,0.7493143170597917
3458446.2311557787,5.468,decrypt,2,cpu,800000,0.7498628634119583
3739586.3453815263,5.474666666666667,decrypt,3,cpu,800000,0.7507771073322362
4046931.6295918366,5.4795,decrypt,4,cpu,800000,0.7514399341744378
