howmany,island,task,frequency,power_25%,power_50%,power_75%,power_max,power_mean,power_min,time_25%,time_50%,time_75%,time_max,time_mean,time_min,time_rel,time
0,cpu,encrypt,800000,2919000.0,2923000.0,2927000.0,3114000.0,2926002.506265664,2916000.0,2.0,2.0,2.0,2.0,2.0,2.0,,
1,cpu,encrypt,800000,3179000.0,3179000.0,3183000.0,3316000.0,3180473.3668341707,2919000.0,5.45,5.48,5.49,5.49,5.472,5.45,0.7506172839506174,
2,cpu,encrypt,800000,3450000.0,3454000.0,3458000.0,3603000.0,3454917.5879396987,2931000.0,5.452500000000001,5.46,5.46,5.5,5.465000000000001,5.45,0.7496570644718795,
3,cpu,encrypt,800000,3732000.0,3732000.0,3736000.0,3874000.0,3732826.1306532654,2919000.0,5.45,5.46,5.47,5.49,5.462000000000001,5.44,0.7492455418381346,
4,cpu,encrypt,800000,4034000.0,4038000.0,4042000.0,4064000.0,4039634.6938775512,4030000.0,5.4575,5.46,5.4725,5.5,5.4655,5.45,0.7497256515775035,
