power,time,task,howmany,island,frequency,time_rel
2926002.506265664,,gzip-5,0,cpu,800000,
3243991.983967936,5.438000000000001,gzip-5,1,cpu,800000,0.750759318913944
3543607.214428858,5.463,gzip-5,2,cpu,800000,0.7542107685227796
3855471.943887776,5.558666666666667,gzip-5,3,cpu,800000,0.767418315692591
4203947.74590164,5.771500000000001,gzip-5,4,cpu,800000,0.7968016566958125
