power,time,task,howmany,island,frequency,time_rel
2926002.506265664,,idle,0,cpu,800000,
2926002.506265664,2.0,idle,1,cpu,800000,1.0
2924016.016016016,2.0,idle,2,cpu,800000,1.0
2925416.4164164164,2.0,idle,3,cpu,800000,1.0
2929143.143143143,2.0,idle,4,cpu,800000,1.0
