power,time,task,howmany,island,frequency,time_rel
2926002.506265664,,gzip-1,0,cpu,800000,
3235627.2545090183,5.218,gzip-1,1,cpu,800000,0.7490668963537181
3529059.118236473,6.182999999999999,gzip-1,2,cpu,800000,0.8875968992248061
3834527.054108216,5.351333333333333,gzip-1,3,cpu,800000,0.7682074839697579
4170366.731557377,5.539500000000001,gzip-1,4,cpu,800000,0.7952196382428943
