power,time,task,howmany,island,frequency,time_rel
2926002.506265664,,hash,0,cpu,800000,
3233786.5731462925,3.648000000000001,hash,1,cpu,800000,0.753719008264463
3542686.372745491,3.648,hash,2,cpu,800000,0.7537190082644628
3860067.067067067,3.658,hash,3,cpu,800000,0.7557851239669422
4214188.583078492,3.670500000000001,hash,4,cpu,800000,0.7583677685950415
