power,time,task,howmany,island,frequency,time_rel
2926002.506265664,,encrypt,0,cpu,800000,
3180473.3668341707,5.472,encrypt,1,cpu,800000,0.7506172839506174
3454917.5879396987,5.465000000000001,encrypt,2,cpu,800000,0.7496570644718795
3732826.1306532654,5.462000000000001,encrypt,3,cpu,800000,0.7492455418381346
4039634.6938775512,5.4655,encrypt,4,cpu,800000,0.7497256515775035
