power,time,task,howmany,island,frequency,time_rel
2926002.506265664,,gzip-9,0,cpu,800000,
3244955.955955956,5.444,gzip-9,1,cpu,800000,0.7533210332103321
3545002.004008016,5.462000000000001,gzip-9,2,cpu,800000,0.7558118081180812
3857869.8698698697,5.554666666666667,gzip-9,3,cpu,800000,0.7686346863468635
4205828.888319672,5.7445,gzip-9,4,cpu,800000,0.7949031365313654
