howmany,island,task,frequency,power_25%,power_50%,power_75%,power_max,power_mean,power_min,time_25%,time_50%,time_75%,time_max,time_mean,time_min,time_rel,time
0,cpu,decrypt,800000,2919000.0,2923000.0,2927000.0,3114000.0,2926002.506265664,2916000.0,2.0,2.0,2.0,2.0,2.0,2.0,,
1,cpu,decrypt,800000,3179000.0,3183000.0,3187000.0,3305000.0,3183074.297188755,2919000.0,5.46,5.46,5.47,5.48,5.464,5.45,0.7493143170597917,
2,cpu,decrypt,800000,3458000.0,3458000.0,3465000.0,3564000.0,3458446.2311557787,2919000.0,5.46,5.47,5.47,5.49,5.468,5.46,0.7498628634119583,
3,cpu,decrypt,800000,3740000.0,3740000.0,3744000.0,3820000.0,3739586.3453815263,2935000.0,5.46,5.48,5.485,5.5,5.474666666666667,5.45,0.7507771073322362,
4,cpu,decrypt,800000,4045000.0,4045000.0,4049000.0,4072000.0,4046931.6295918366,4034000.0,5.47,5.48,5.49,5.51,5.4795,5.45,0.7514399341744378,
