howmany,island,task,frequency,power_25%,power_50%,power_75%,power_max,power_mean,power_min,time_25%,time_50%,time_75%,time_max,time_mean,time_min,time_rel,time
0,cpu,hash,800000,2919000.0,2923000.0,2927000.0,3114000.0,2926002.506265664,2916000.0,2.0,2.0,2.0,2.0,2.0,2.0,,
1,cpu,hash,800000,3232000.0,3236000.0,3236000.0,3278000.0,3233786.5731462925,2916000.0,3.64,3.64,3.65,3.67,3.648000000000001,3.64,0.753719008264463,
2,cpu,hash,800000,3542000.0,3545000.0,3549000.0,3622000.0,3542686.372745491,2919000.0,3.65,3.65,3.65,3.65,3.648,3.64,0.7537190082644628,
3,cpu,hash,800000,3858000.0,3866000.0,3870000.0,3942000.0,3860067.067067067,2927000.0,3.65,3.66,3.67,3.67,3.658,3.63,0.7557851239669422,
4,cpu,hash,800000,4210000.0,4213000.0,4221000.0,4236000.0,4214188.583078492,4187000.0,3.66,3.67,3.68,3.7,3.670500000000001,3.65,0.7583677685950415,
