power,time,task,howmany,island,frequency,time_rel
2855185.696361355,2.0016666666666665,idle,3,cpu,600000,1.0008333333333332
2898297.5,2.0,idle,3,cpu,700000,1.0
2925416.4164164164,2.0,idle,3,cpu,800000,1.0
2951954.0,2.0,idle,3,cpu,900000,1.0
2975956.870611836,2.0,idle,3,cpu,1000000,1.0
3001356.25,2.0,idle,3,cpu,1100000,1.0
3028745.745745746,2.0,idle,3,cpu,1200000,1.0
3056540.6218655966,2.0,idle,3,cpu,1300000,1.0
3085741.0,2.0,idle,3,cpu,1400000,1.0
3112126.126126126,2.0,idle,3,cpu,1500000,1.0
