frequency,power,task,island,voltage,time,howmany,time_rel
1300000,143356.77850877194,cacherate-80,big,1052239.5833333333,,0,
1300000,630703.120614035,cacherate-80,big,1038895.2850877192,1.9483333333333333,1,0.3189631650750341
1300000,945566.8289473684,cacherate-80,big,1040019.1885964912,2.7825,2,0.455525238744884
1300000,1210676.5372807018,cacherate-80,big,1041348.6842105264,3.580555555555556,3,0.5861755343337882
1300000,1429086.4320175438,cacherate-80,big,1042228.6184210526,4.57875,4,0.7495907230559345
