frequency,power,task,island,voltage,time,howmany,time_rel
1300000,143356.77850877194,encrypt,big,1052239.5833333333,,0,
1300000,757331.5219298246,encrypt,big,1039281.798245614,3.2966666666666664,1,0.0926854411695796
1300000,1384996.1842105263,encrypt,big,1041811.951754386,3.3208333333333333,2,0.0933648844946347
1300000,2009386.2236842103,encrypt,big,1045057.5657894736,3.3149999999999995,3,0.0932008809334145
1300000,2639508.8442982454,encrypt,big,1048322.3684210526,3.3183333333333334,4,0.0932945972541118
