howmany,island,task,frequency,power_25%,power_50%,power_75%,power_max,power_mean,power_min,time_25%,time_50%,time_75%,time_max,time_mean,time_min,time_rel,voltage_25%,voltage_50%,voltage_75%,voltage_max,voltage_mean,voltage_min,time
0,big,encrypt,1300000,138864.0,140968.0,143072.0,207244.0,143356.77850877194,135708.0,2.0,2.0,2.0,2.0,2.0,2.0,,1052500.0,1052500.0,1052500.0,1052500.0,1052239.5833333333,1051250.0,
1,big,encrypt,1300000,756702.0,759816.0,762930.0,787280.0,757331.5219298246,170262.0,3.29,3.29,3.2975,3.32,3.2966666666666664,3.29,0.0926854411695796,1038750.0,1038750.0,1040000.0,1051250.0,1039281.798245614,1038750.0,
2,big,encrypt,1300000,1383489.0,1386902.0,1392112.0,1412952.0,1384996.1842105263,657934.0,3.31,3.31,3.3125,3.37,3.3208333333333333,3.31,0.0933648844946347,1041250.0,1041250.0,1042500.0,1046250.0,1041811.951754386,1041250.0,
3,big,encrypt,1300000,2009535.0,2014760.0,2021030.0,2106644.0,2009386.2236842103,1097254.0,3.3,3.31,3.3175,3.36,3.3149999999999995,3.3,0.0932008809334145,1045000.0,1045000.0,1045000.0,1046250.0,1045057.5657894736,1043750.0,
4,big,encrypt,1300000,2638864.0,2649344.0,2657728.0,2676592.0,2639508.8442982454,1518385.0,3.3,3.31,3.32,3.37,3.3183333333333334,3.3,0.0932945972541118,1047500.0,1048750.0,1048750.0,1048750.0,1048322.3684210526,1045000.0,
