howmany,island,task,frequency,power_25%,power_50%,power_75%,power_max,power_mean,power_min,time_25%,time_50%,time_75%,time_max,time_mean,time_min,time_rel,voltage_25%,voltage_50%,voltage_75%,voltage_max,voltage_mean,voltage_min,time
0,little,cachekiller,900000,39442.0,39442.0,39442.0,45838.0,39642.149122807015,38376.0,2.0,2.0,2.0,2.0,2.0,2.0,,1066250.0,1066250.0,1066250.0,1066250.0,1066219.846491228,1065000.0,
1,little,cachekiller,900000,74620.0,74620.0,74620.0,83148.0,74618.29605263157,40508.0,3.29,3.29,3.2975,3.41,3.308333333333333,3.27,0.5282064928153273,1066250.0,1066250.0,1066250.0,1066250.0,1066011.5131578948,1065000.0,
2,little,cachekiller,900000,107565.0,107565.0,107565.0,116085.0,107155.61842105264,45838.0,3.43,3.45,3.55,3.65,3.49,3.41,0.5572112825971263,1065000.0,1065000.0,1065000.0,1066250.0,1065000.0,1063750.0,
3,little,cachekiller,900000,136320.0,136320.0,136320.0,146970.0,136226.4144736842,61828.0,3.98,3.99,4.0075,4.02,3.991666666666667,3.95,0.6373070782331028,1065000.0,1065000.0,1065000.0,1066250.0,1064854.714912281,1063750.0,
4,little,cachekiller,900000,163702.0,164765.0,164765.0,178584.0,164433.06140350876,107565.0,4.15,4.285,4.4025,4.43,4.279583333333334,4.12,0.6832756785524217,1063750.0,1063750.0,1063750.0,1065000.0,1063824.0131578948,1063750.0,
