howmany,island,task,frequency,power_25%,power_50%,power_75%,power_max,power_mean,power_min,time_25%,time_50%,time_75%,time_max,time_mean,time_min,time_rel,voltage_25%,voltage_50%,voltage_75%,voltage_max,voltage_mean,voltage_min,time
0,little,cachekiller,800000,32896.0,32896.0,32896.0,43176.0,33128.20175438596,32896.0,2.0,2.0,2.0,2.0,2.0,2.0,,1028750.0,1028750.0,1028750.0,1028750.0,1028750.0,1028750.0,
1,little,cachekiller,800000,62708.0,62708.0,62708.0,67848.0,62739.021929824565,32896.0,3.3,3.32,3.3475,3.35,3.321666666666667,3.29,0.5303352847259182,1028750.0,1028750.0,1028750.0,1028750.0,1028739.0350877192,1027500.0,
2,little,cachekiller,800000,91403.0,91403.0,91492.0,98592.0,91027.54166666669,32896.0,3.52,3.585,3.6325,3.68,3.5849999999999995,3.51,0.5723789249600851,1027500.0,1027500.0,1028750.0,1028750.0,1027831.6885964912,1027500.0,
3,little,cachekiller,800000,117078.0,117078.0,117078.0,125294.0,117018.53289473684,42148.0,3.885,3.93,3.95,4.08,3.936666666666667,3.87,0.628525811601916,1027500.0,1027500.0,1027500.0,1028750.0,1027491.7763157894,1026250.0,
4,little,cachekiller,800000,140699.0,141726.0,141726.0,152874.0,141174.8903508772,44204.0,4.31,4.34,4.55,4.58,4.398333333333333,4.29,0.7022352315061203,1027500.0,1027500.0,1027500.0,1028750.0,1027489.0350877192,1026250.0,
