howmany,island,task,frequency,power_25%,power_50%,power_75%,power_max,power_mean,power_min,time_25%,time_50%,time_75%,time_max,time_mean,time_min,time_rel,voltage_25%,voltage_50%,voltage_75%,voltage_max,voltage_mean,voltage_min,time
0,little,cacherate-80,1300000,78464.0,78464.0,79690.0,87046.0,79200.67543859649,78464.0,2.0,2.0,2.0,2.0,2.0,2.0,,1226250.0,1226250.0,1226250.0,1226250.0,1226250.0,1226250.0,
1,little,cacherate-80,1300000,142100.0,142100.0,142216.0,155575.0,142170.90131578947,79690.0,2.92,2.925,2.93,2.94,2.9266666666666663,2.92,0.4791268758526602,1225000.0,1225000.0,1225000.0,1226250.0,1225216.5570175438,1225000.0,
2,little,cacherate-80,1300000,196000.0,196000.0,197225.0,208250.0,196260.49561403508,80916.0,3.0275,3.175,3.1825,3.21,3.1300000000000003,3.02,0.5124147339699864,1225000.0,1225000.0,1225000.0,1226250.0,1224879.3859649124,1222500.0,
3,little,cacherate-80,1300000,238788.0,238788.0,238986.0,252472.0,238422.9364035088,83368.0,3.57,3.595,3.6,3.62,3.575,3.48,0.5852660300136426,1206250.0,1206250.0,1207500.0,1226250.0,1206806.4692982456,1206250.0,
4,little,cacherate-80,1300000,284616.0,284616.0,285822.0,303912.0,285031.4298245614,197154.0,3.98,4.02,4.032500000000001,4.05,3.9895833333333335,3.82,0.6531377899045021,1206250.0,1206250.0,1206250.0,1217500.0,1206367.8728070175,1206250.0,
