howmany,island,task,frequency,power_25%,power_50%,power_75%,power_max,power_mean,power_min,time_25%,time_50%,time_75%,time_max,time_mean,time_min,time_rel,voltage_25%,voltage_50%,voltage_75%,voltage_max,voltage_mean,voltage_min,time
0,little,gzip-1,1300000,78464.0,78464.0,79690.0,87046.0,79200.67543859649,78464.0,2.0,2.0,2.0,2.0,2.0,2.0,,1226250.0,1226250.0,1226250.0,1226250.0,1226250.0,1226250.0,
1,little,gzip-1,1300000,251938.0,255607.0,256830.0,258053.0,249027.6798245614,80850.0,4.84,4.845,4.85,4.85,4.843333333333334,4.83,0.152626050420168,1223750.0,1223750.0,1223750.0,1226250.0,1223818.5307017544,1222500.0,
2,little,gzip-1,1300000,354564.0,363006.0,369036.0,379890.0,357285.71710526315,80916.0,5.2,5.215,5.22,5.43,5.2375,5.19,0.165047268907563,1206250.0,1206250.0,1206250.0,1226250.0,1206674.8903508773,1205000.0,
3,little,gzip-1,1300000,410905.0,420545.0,424160.0,439825.0,411837.65789473685,120050.0,6.155,6.21,6.22,6.26,6.194444444444445,6.12,0.195203081232493,1205000.0,1205000.0,1205000.0,1225000.0,1205222.0394736845,1205000.0,
4,little,gzip-1,1300000,450670.0,460310.0,465130.0,472360.0,444783.5614035088,189100.0,7.4475,7.495,7.532500000000001,7.62,7.4925,7.31,0.2361081932773109,1205000.0,1205000.0,1205000.0,1220000.0,1205189.144736842,1205000.0,
