howmany,island,task,frequency,power_25%,power_50%,power_75%,power_max,power_mean,power_min,time_25%,time_50%,time_75%,time_max,time_mean,time_min,time_rel,voltage_25%,voltage_50%,voltage_75%,voltage_max,voltage_mean,voltage_min,time
0,little,cachekiller,1300000,78464.0,78464.0,79690.0,87046.0,79200.67543859649,78464.0,2.0,2.0,2.0,2.0,2.0,2.0,,1226250.0,1226250.0,1226250.0,1226250.0,1226250.0,1226250.0,
1,little,cachekiller,1300000,142100.0,142216.0,142216.0,149572.0,142260.79605263157,79690.0,2.9775,3.0,3.03,3.09,3.0116666666666667,2.97,0.4808408728046834,1225000.0,1226250.0,1226250.0,1226250.0,1225836.0745614036,1225000.0,
2,little,cachekiller,1300000,195680.0,196000.0,196903.0,207025.0,195577.27631578947,79690.0,3.13,3.18,3.2725,3.3,3.198333333333333,3.13,0.5106439595529536,1223750.0,1223750.0,1225000.0,1226250.0,1224298.245614035,1222500.0,
3,little,cachekiller,1300000,236572.0,237779.0,237779.0,252054.0,237282.6951754386,139422.0,3.4925,3.695,3.71,3.73,3.6288888888888895,3.46,0.5793861983324465,1206250.0,1207500.0,1207500.0,1226250.0,1207442.4342105263,1206250.0,
4,little,cachekiller,1300000,282204.0,283410.0,283410.0,302706.0,283071.0657894737,163614.0,4.14,4.16,4.17,4.18,4.109583333333333,3.85,0.6561335816923896,1206250.0,1206250.0,1206250.0,1221250.0,1206340.4605263155,1206250.0,
