power,time,task,howmany,island,frequency,time_rel
3031055.165496489,,idle,0,cpu,1200000,
3031055.165496489,2.0,idle,1,cpu,1200000,1.0
3028130.0,2.0,idle,2,cpu,1200000,1.0
3028745.745745746,2.0,idle,3,cpu,1200000,1.0
3035930.0,2.0,idle,4,cpu,1200000,1.0
