power,time,task,howmany,island,frequency,time_rel
3031055.165496489,,encrypt,0,cpu,1200000,
3433478.0,3.65,encrypt,1,cpu,1200000,0.5006858710562415
3853842.685370741,3.648,encrypt,2,cpu,1200000,0.5004115226337449
4300589.0,3.646,encrypt,3,cpu,1200000,0.5001371742112484
4816120.812182741,3.6485,encrypt,4,cpu,1200000,0.5004801097393691
