power,time,task,howmany,island,frequency,time_rel
3031055.165496489,,hash,0,cpu,1200000,
3510548.0,2.4520000000000004,hash,1,cpu,1200000,0.506611570247934
3990707.365731463,2.4470000000000005,hash,2,cpu,1200000,0.5055785123966944
4498847.847847848,2.4566666666666674,hash,3,cpu,1200000,0.5075757575757578
5082590.361445783,2.455,hash,4,cpu,1200000,0.5072314049586777
