power,time,task,howmany,island,frequency,time_rel
3031055.165496489,,decrypt,0,cpu,1200000,
3436134.1341341343,3.656,decrypt,1,cpu,1200000,0.501371365880417
3860797.246558198,3.64875,decrypt,2,cpu,1200000,0.5003771256171147
4311909.819639279,3.648000000000001,decrypt,3,cpu,1200000,0.5002742731760835
4829556.345177665,3.653,decrypt,4,cpu,1200000,0.5009599561162918
