power,time,task,howmany,island,frequency,time_rel
3031055.165496489,,gzip-1,0,cpu,1200000,
3516609.609609609,3.4880000000000004,gzip-1,1,cpu,1200000,0.5007177720356016
3974687.371743487,3.863,gzip-1,2,cpu,1200000,0.5545506747057135
4444284.284284284,3.591333333333333,gzip-1,3,cpu,1200000,0.5155517274380323
4991868.473895582,5.388999999999999,gzip-1,4,cpu,1200000,0.7736146999712891
