power,time,task,howmany,island,frequency,time_rel
3031055.165496489,,gzip-9,0,cpu,1200000,
3527989.97995992,3.632,gzip-9,1,cpu,1200000,0.5025830258302584
3996773.173346693,3.66,gzip-9,2,cpu,1200000,0.5064575645756458
4498542.0,3.719333333333333,gzip-9,3,cpu,1200000,0.5146678966789667
5047367.469879518,3.8795,gzip-9,4,cpu,1200000,0.5368311808118081
