power,time,task,howmany,island,frequency,time_rel
3031055.165496489,,gzip-5,0,cpu,1200000,
3528005.005005005,3.626,gzip-5,1,cpu,1200000,0.5005982512655315
3995677.3273273273,3.659,gzip-5,2,cpu,1200000,0.5051541647491946
4495210.210210211,3.714666666666667,gzip-5,3,cpu,1200000,0.5128393925448689
5048261.785356068,3.8815,gzip-5,4,cpu,1200000,0.5358720662678325
