howmany,island,task,frequency,power_25%,power_50%,power_75%,power_max,power_mean,power_min,time_25%,time_50%,time_75%,time_max,time_mean,time_min,time_rel,voltage_25%,voltage_50%,voltage_75%,voltage_max,voltage_mean,voltage_min,time
0,little,cachekiller,600000,21010.0,21010.0,21965.0,27695.0,21402.447368421053,20966.0,2.0,2.0,2.0,2.0,2.0,2.0,,955000.0,955000.0,955000.0,955000.0,954964.3640350878,953750.0,
1,little,cachekiller,600000,43930.0,43930.0,43930.0,46795.0,43895.14254385965,21965.0,3.79,3.82,3.8275,3.85,3.806666666666666,3.74,0.6077700904736562,955000.0,955000.0,955000.0,955000.0,954783.4429824562,953750.0,
2,little,cachekiller,600000,62898.0,63030.0,63851.0,69569.0,63265.8399122807,23875.0,3.97,4.01,4.11,4.12,4.031666666666666,3.96,0.643693453964875,953750.0,953750.0,953750.0,955000.0,953969.298245614,953750.0,
3,little,cachekiller,600000,81958.0,81958.0,82911.0,89582.0,82127.25657894737,36290.0,4.3025,4.475,4.49,4.5,4.4177777777777765,4.27,0.705339719709065,953750.0,953750.0,953750.0,955000.0,953750.0,952500.0,
4,little,cachekiller,600000,99112.0,99112.0,100065.0,107689.0,99287.79385964911,52525.0,4.8175,4.93,5.032500000000001,5.06,4.923333333333333,4.76,0.7860564129856307,953750.0,953750.0,953750.0,955000.0,953752.7412280702,953750.0,
