howmany,island,task,frequency,power_25%,power_50%,power_75%,power_max,power_mean,power_min,time_25%,time_50%,time_75%,time_max,time_mean,time_min,time_rel,voltage_25%,voltage_50%,voltage_75%,voltage_max,voltage_mean,voltage_min,time
0,big,hash,1600000,203702.0,205978.0,209760.0,601550.0,210462.20175438595,198012.0,2.0,2.0,2.0,2.0,2.0,2.0,,1138750.0,1138750.0,1140000.0,1140000.0,1139331.1403508773,1135000.0,
1,big,hash,1600000,1310736.0,1318632.0,1324272.0,1372776.0,1313617.2346491227,748913.0,2.69,2.69,2.69,2.72,2.695,2.69,0.0716183895827796,1128750.0,1128750.0,1128750.0,1133750.0,1128837.7192982456,1128750.0,
2,big,hash,1600000,2223248.0,2232304.0,2242704.0,2307921.0,2226058.870614035,797472.0,2.79,2.8,2.8,2.81,2.796666666666667,2.79,0.074320134644344,1132500.0,1132500.0,1132500.0,1136250.0,1132500.0,1131250.0,
3,big,hash,1600000,3121728.0,3135846.0,3148992.0,3190422.0,3125750.1798245613,1697960.0,2.74,2.795,2.83,2.84,2.787777777777778,2.73,0.0740839164968848,1136250.0,1137500.0,1137500.0,1137500.0,1137075.1096491227,1135000.0,
4,big,hash,1600000,4014893.75,4036858.0,4052832.0,4096354.0,4024648.2763157897,2056620.0,2.7775,2.79,2.86,2.87,2.808333333333333,2.72,0.0746301709628842,1141250.0,1141250.0,1141250.0,1142500.0,1141192.4342105263,1135000.0,
