frequency,power,task,island,voltage,time,howmany,time_rel
1600000,210462.20175438595,cacherate-20,big,1139331.1403508773,,0,
1600000,1136964.6710526317,cacherate-20,big,1128695.1754385964,2.2,1,0.1226993865030674
1600000,1559984.0657894737,cacherate-20,big,1130019.1885964912,3.708333333333334,2,0.206822829522216
1600000,1929130.9342105263,cacherate-20,big,1132171.0526315789,4.887222222222223,3,0.2725723492594658
1600000,2240024.326754386,cacherate-20,big,1133730.8114035088,6.065416666666667,4,0.3382831381297638
