frequency,power,task,island,voltage,time,howmany,time_rel
1600000,210462.20175438595,hash,big,1139331.1403508773,,0,
1600000,1313617.2346491227,hash,big,1128837.7192982456,2.695,1,0.0716183895827796
1600000,2226058.870614035,hash,big,1132500.0,2.796666666666667,2,0.074320134644344
1600000,3125750.1798245613,hash,big,1137075.1096491227,2.787777777777778,3,0.0740839164968848
1600000,4024648.2763157897,hash,big,1141192.4342105263,2.808333333333333,4,0.0746301709628842
