frequency,power,task,island,voltage,time,howmany,time_rel
1600000,210462.20175438595,cacherate-60,big,1139331.1403508773,,0,
1600000,913431.4144736842,cacherate-60,big,1127661.7324561405,1.8866666666666667,1,0.2862923621648963
1600000,1369243.8684210526,cacherate-60,big,1129841.00877193,2.9516666666666667,2,0.4479008598887203
1600000,1746281.5065789474,cacherate-60,big,1131151.3157894737,3.808333333333333,3,0.5778958017197774
1600000,2073234.2653508773,cacherate-60,big,1132568.5307017544,4.859999999999999,4,0.7374810318664643
