frequency,power,task,island,voltage,time,howmany,time_rel
1600000,210462.20175438595,cacherate-80,big,1139331.1403508773,,0,
1600000,900871.9627192982,cacherate-80,big,1127489.035087719,1.9383333333333328,1,0.317326057298772
1600000,1354784.144736842,cacherate-80,big,1129947.9166666667,2.776666666666667,2,0.4545702592087313
1600000,1744102.6864035088,cacherate-80,big,1131266.4473684211,3.5505555555555555,3,0.5812642110050023
1600000,2069968.4824561405,cacherate-80,big,1132615.1315789474,4.524166666666667,4,0.7406548431105048
