frequency,power,task,island,voltage,time,howmany,time_rel
1600000,210462.20175438595,cachekiller,big,1139331.1403508773,,0,
1600000,894152.004385965,cachekiller,big,1127552.0833333333,2.14,1,0.3416711016498138
1600000,1341259.86622807,cachekiller,big,1128928.179824561,2.9458333333333333,2,0.4703299627461416
1600000,1733956.8223684211,cachekiller,big,1131225.3289473683,3.757222222222222,3,0.5998758204718823
1600000,2062688.6381578948,cachekiller,big,1132532.894736842,4.7825,4,0.763571048430016
