power,time,task,howmany,island,frequency,time_rel
3084576.0,,gzip-5,0,cpu,1400000,
3673516.0,3.104,gzip-5,1,cpu,1400000,0.4285319834330419
4232224.224224225,3.1339999999999995,gzip-5,2,cpu,1400000,0.4326737229636446
4834088.997,3.198666666666667,gzip-5,3,cpu,1400000,0.4416014726184998
5502746.238716149,3.3690000000000007,gzip-5,4,cpu,1400000,0.4651173492867005
