power,time,task,howmany,island,frequency,time_rel
3084576.0,,hash,0,cpu,1400000,
3652556.556556557,2.1,hash,1,cpu,1400000,0.4338842975206612
4225312.0,2.1089999999999995,hash,2,cpu,1400000,0.4357438016528925
4846043.043043043,2.104666666666667,hash,3,cpu,1400000,0.434848484848485
5559158.475426279,2.112,hash,4,cpu,1400000,0.4363636363636364
