howmany,island,task,frequency,power_25%,power_50%,power_75%,power_max,power_mean,power_min,time_25%,time_50%,time_75%,time_max,time_mean,time_min,time_rel,time
0,cpu,encrypt,1400000,3080000.0,3080000.0,3084000.0,3259000.0,3084576.0,3072000.0,2.0,2.0,2.0,2.0,2.0,2.0,,
1,cpu,encrypt,1400000,3561000.0,3564000.0,3568000.0,3702000.0,3561848.848848849,3080000.0,3.12,3.13,3.13,3.14,3.1279999999999992,3.12,0.4290809327846364,
2,cpu,encrypt,1400000,4064000.0,4072000.0,4075999.0,4118000.0,4062625.825651304,3072000.0,3.12,3.125,3.13,3.15,3.129,3.12,0.4292181069958848,
3,cpu,encrypt,1400000,4610000.0,4614000.0,4618000.0,4641000.0,4602182.18018018,3076000.0,3.12,3.13,3.13,3.15,3.130666666666666,3.12,0.4294467306812985,
4,cpu,encrypt,1400000,5225000.0,5232000.0,5244000.0,5282000.0,5234274.291497976,5202000.0,3.12,3.13,3.13,3.17,3.132,3.11,0.4296296296296297,
