power,time,task,howmany,island,frequency,time_rel
3084576.0,,idle,0,cpu,1400000,
3084576.0,2.0,idle,1,cpu,1400000,1.0
3079613.841524573,2.0,idle,2,cpu,1400000,1.0
3085741.0,2.0,idle,3,cpu,1400000,1.0
3087684.6846846845,2.0,idle,4,cpu,1400000,1.0
