power,time,task,howmany,island,frequency,time_rel
3084576.0,,gzip-1,0,cpu,1400000,
3658441.0,2.992,gzip-1,1,cpu,1400000,0.4295147861039334
4195137.997,3.265,gzip-1,2,cpu,1400000,0.4687051392477749
4757752.008032128,4.602666666666666,gzip-1,3,cpu,1400000,0.6607330845056943
5435953.861584755,3.2455,gzip-1,4,cpu,1400000,0.4659058283089291
