howmany,island,task,frequency,power_25%,power_50%,power_75%,power_max,power_mean,power_min,time_25%,time_50%,time_75%,time_max,time_mean,time_min,time_rel,time
0,cpu,gzip-9,1400000,3080000.0,3080000.0,3084000.0,3259000.0,3084576.0,3072000.0,2.0,2.0,2.0,2.0,2.0,2.0,,
1,cpu,gzip-9,1400000,3675000.0,3679000.0,3679000.0,3782000.0,3673359.0,3076000.0,3.1,3.1,3.1,3.12,3.102,3.09,0.4292435424354243,
2,cpu,gzip-9,1400000,4244000.0,4244000.0,4248000.0,4324000.0,4233989.0,3076000.0,3.13,3.14,3.14,3.15,3.136,3.12,0.4339483394833948,
3,cpu,gzip-9,1400000,4851000.0,4855000.0,4858000.0,4988000.0,4837592.592592592,3160000.0,3.1950000000000003,3.2,3.22,3.23,3.2066666666666666,3.18,0.4437269372693727,
4,cpu,gzip-9,1400000,5488000.0,5503000.0,5515000.0,5538000.0,5494129.129129129,5286000.0,3.3475,3.35,3.36,3.39,3.3555,3.32,0.4643219557195572,
