frequency,power,task,island,voltage,time,howmany,time_rel
500000,17003.47587719298,cachekiller,little,918092.105263158,,0,
500000,35374.96929824561,cachekiller,little,917502.7412280702,3.911666666666667,1,0.6245343267695584
500000,51808.95394736842,cachekiller,little,917554.8245614036,4.286666666666666,2,0.6844065992549229
500000,67488.8947368421,cachekiller,little,916631.0307017544,4.739444444444445,3,0.7566968245520668
500000,79908.55921052632,cachekiller,little,916850.3289473684,5.494166666666668,4,0.877195316657797
