frequency,power,task,island,voltage,time,howmany,time_rel
500000,17003.47587719298,gzip-9,little,918092.105263158,,0,
500000,54832.5899122807,gzip-9,little,917491.7763157894,13.655,1,0.3939889396489541
500000,85722.36403508772,gzip-9,little,917406.798245614,14.335833333333332,2,0.4136330848761721
500000,110701.82894736844,gzip-9,little,916236.2938596492,15.327777777777776,3,0.4422537468942854
500000,128881.15789473684,gzip-9,little,916255.4824561405,16.7525,4,0.4833613849483049
