frequency,power,task,island,voltage,time,howmany,time_rel
500000,17003.47587719298,gzip-5,little,918092.105263158,,0,
500000,54247.01535087719,gzip-5,little,917483.552631579,13.651666666666666,1,0.3936655933099437
500000,86660.87719298246,gzip-5,little,917239.5833333334,14.473333333333333,2,0.4173595424616715
500000,110042.76315789472,gzip-5,little,916255.4824561405,15.304444444444446,3,0.4413258358565227
500000,128786.32456140353,gzip-5,little,916252.7412280702,16.72875,4,0.4823977507569568
