frequency,power,task,island,voltage,time,howmany,time_rel
500000,17003.47587719298,cacherate-60,little,918092.105263158,,0,
500000,37470.80263157895,cacherate-60,little,917516.447368421,4.066666666666667,1,0.6170966110268085
500000,56221.89035087719,cacherate-60,little,917527.4122807018,4.410833333333333,2,0.669322205361659
500000,73922.07675438597,cacherate-60,little,916584.4298245612,4.8583333333333325,3,0.7372281234193221
500000,89839.625,cacherate-60,little,916959.9780701754,5.635000000000001,4,0.8550834597875571
