frequency,power,task,island,voltage,time,howmany,time_rel
500000,17003.47587719298,cacherate-40,little,918092.105263158,,0,
500000,40894.98245614035,cacherate-40,little,917500.0,4.6883333333333335,1,0.580119612291194
500000,62161.04166666666,cacherate-40,little,917505.4824561405,5.243333333333333,2,0.6487935656836461
500000,82894.0350877193,cacherate-40,little,916282.894736842,5.677222222222222,3,0.7024816113287963
500000,98975.21710526316,cacherate-40,little,916474.7807017544,6.454583333333335,4,0.7986698288306868
