frequency,power,task,island,voltage,time,howmany,time_rel
500000,17003.47587719298,cacherate-100,little,918092.105263158,,0,
500000,34834.65570175439,cacherate-100,little,917593.201754386,3.555,1,0.6211415259172977
500000,51226.48464912281,cacherate-100,little,917571.2719298246,3.915,2,0.6840419336051253
500000,66733.15789473684,cacherate-100,little,917075.1096491228,4.263888888888889,3,0.745000970685304
500000,80336.86842105263,cacherate-100,little,917168.3114035088,5.020833333333333,4,0.877256843331392
