frequency,power,task,island,voltage,time,howmany,time_rel
500000,17003.47587719298,idle,little,918092.105263158,,0,
500000,17003.47587719298,idle,little,918092.105263158,2.0,1,0.9950248756218908
500000,17042.10087719298,idle,little,917853.6184210526,2.0,2,0.9950248756218908
500000,17364.179824561405,idle,little,917601.4254385964,2.0,3,0.9950248756218908
500000,17272.660087719298,idle,little,917667.2149122808,2.000833333333333,4,0.9954394693200664
