howmany,island,task,frequency,power_25%,power_50%,power_75%,power_max,power_mean,power_min,time_25%,time_50%,time_75%,time_max,time_mean,time_min,time_rel,time
0,cpu,encrypt,600000,2851000.0,2855000.0,2858000.0,3003000.0,2855955.0,2843000.0,2.0,2.0,2.0,2.0,2.0,2.0,,
1,cpu,encrypt,600000,3030000.0,3030000.0,3034000.0,3190000.0,3033063.3165829144,2893000.0,7.28,7.28,7.3,7.31,7.289999999999999,7.28,1.0,
2,cpu,encrypt,600000,3225000.0,3225000.0,3232000.0,3347000.0,3227869.3467336684,2851000.0,7.28,7.28,7.295,7.31,7.286666666666666,7.27,0.9995427526291724,
3,cpu,encrypt,600000,3416000.0,3416000.0,3419000.0,3580000.0,3417757.1189279733,2958000.0,7.27,7.27,7.28,7.31,7.275555555555554,7.26,0.9980185947264136,
4,cpu,encrypt,600000,3622000.0,3622000.0,3626000.0,3664000.0,3624162.051282052,3614000.0,7.27,7.29,7.3025,7.35,7.292999999999999,7.27,1.0004115226337449,
