howmany,island,task,frequency,power_25%,power_50%,power_75%,power_max,power_mean,power_min,time_25%,time_50%,time_75%,time_max,time_mean,time_min,time_rel,time
0,cpu,decrypt,600000,2851000.0,2855000.0,2858000.0,3003000.0,2855955.0,2843000.0,2.0,2.0,2.0,2.0,2.0,2.0,,
1,cpu,decrypt,600000,3030000.0,3034000.0,3034000.0,3187000.0,3034626.1306532663,2942000.0,7.28,7.29,7.3,7.32,7.292,7.27,1.0,
2,cpu,decrypt,600000,3225000.0,3229000.0,3229000.0,3370000.0,3228762.144053601,2897000.0,7.29,7.295,7.3,7.31,7.295000000000001,7.28,1.0004114097641252,
3,cpu,decrypt,600000,3419000.0,3423000.0,3423000.0,3572000.0,3422480.40201005,2931000.0,7.28,7.29,7.3,7.33,7.292000000000001,7.27,1.0000000000000002,
4,cpu,decrypt,600000,3626000.0,3629000.0,3629000.0,3664000.0,3629646.153846154,3622000.0,7.29,7.295,7.3,7.31,7.296250000000001,7.29,1.0005828304991773,
