howmany,island,task,frequency,power_25%,power_50%,power_75%,power_max,power_mean,power_min,time_25%,time_50%,time_75%,time_max,time_mean,time_min,time_rel,time
0,cpu,gzip-9,600000,2851000.0,2855000.0,2858000.0,3003000.0,2855955.0,2843000.0,2.0,2.0,2.0,2.0,2.0,2.0,,
1,cpu,gzip-9,600000,3072000.0,3072000.0,3076000.0,3160000.0,3073500.834724541,2900000.0,7.22,7.22,7.23,7.24,7.226666666666667,7.22,1.0,
2,cpu,gzip-9,600000,3290000.0,3293000.0,3297000.0,3370000.0,3293304.8576214407,3003000.0,7.285,7.305,7.3175,7.34,7.303333333333334,7.27,1.0106088560885609,
3,cpu,gzip-9,600000,3507000.0,3507000.0,3511000.0,3595000.0,3506688.442211055,2977000.0,7.39,7.4,7.4125,7.43,7.400833333333332,7.38,1.024100553505535,
4,cpu,gzip-9,600000,3744000.0,3744000.0,3748000.0,3767000.0,3744938.566552901,3721000.0,7.6,7.605,7.6225,7.67,7.618333333333332,7.59,1.0541974169741697,
