power,time,task,howmany,island,frequency,time_rel
2855955.0,,gzip-5,0,cpu,600000,
3074341.137123746,7.243333333333333,gzip-5,1,cpu,600000,1.0
3290930.653266332,7.290000000000001,gzip-5,2,cpu,600000,1.0064427059364935
3506767.879548306,7.398333333333333,gzip-5,3,cpu,600000,1.0213989875747815
3746272.572402044,7.633333333333334,gzip-5,4,cpu,600000,1.0538426138978372
