power,time,task,howmany,island,frequency,time_rel
2855955.0,,gzip-1,0,cpu,600000,
3068930.7228915663,6.965999999999999,gzip-1,1,cpu,600000,1.0
3283356.783919598,7.0,gzip-1,2,cpu,600000,1.0048808498420905
3490110.552763819,7.1175,gzip-1,3,cpu,600000,1.0217484926787253
3728112.2448979593,7.3475,gzip-1,4,cpu,600000,1.054766006316394
