power,time,task,howmany,island,frequency,time_rel
2855955.0,,encrypt,0,cpu,600000,
3033063.3165829144,7.289999999999999,encrypt,1,cpu,600000,1.0
3227869.3467336684,7.286666666666666,encrypt,2,cpu,600000,0.9995427526291724
3417757.1189279733,7.275555555555554,encrypt,3,cpu,600000,0.9980185947264136
3624162.051282052,7.292999999999999,encrypt,4,cpu,600000,1.0004115226337449
