howmany,island,task,frequency,power_25%,power_50%,power_75%,power_max,power_mean,power_min,time_25%,time_50%,time_75%,time_max,time_mean,time_min,time_rel,time
0,cpu,hash,600000,2851000.0,2855000.0,2858000.0,3003000.0,2855955.0,2843000.0,2.0,2.0,2.0,2.0,2.0,2.0,,
1,cpu,hash,600000,3068000.0,3068000.0,3072000.0,3141000.0,3069580.0,3053000.0,4.84,4.84,4.84,4.84,4.84,4.84,1.0,
2,cpu,hash,600000,3293000.0,3293000.0,3297000.0,3358000.0,3293333.333333333,2851000.0,4.85,4.85,4.8575,4.87,4.8533333333333335,4.84,1.0027548209366393,
3,cpu,hash,600000,3507000.0,3511000.0,3515000.0,3576000.0,3507137.844611529,2847000.0,4.86,4.86,4.8675,4.88,4.865,4.86,1.0051652892561984,
4,cpu,hash,600000,3740000.0,3744000.0,3748000.0,3767000.0,3745488.926746167,3725000.0,4.8675,4.875,4.8825,4.9,4.876666666666667,4.86,1.0075757575757576,
