power,time,task,howmany,island,frequency,time_rel
2855955.0,,hash,0,cpu,600000,
3069580.0,4.84,hash,1,cpu,600000,1.0
3293333.333333333,4.8533333333333335,hash,2,cpu,600000,1.0027548209366393
3507137.844611529,4.865,hash,3,cpu,600000,1.0051652892561984
3745488.926746167,4.876666666666667,hash,4,cpu,600000,1.0075757575757576
