power,time,task,howmany,island,frequency,time_rel
2855955.0,,gzip-9,0,cpu,600000,
3073500.834724541,7.226666666666667,gzip-9,1,cpu,600000,1.0
3293304.8576214407,7.303333333333334,gzip-9,2,cpu,600000,1.0106088560885609
3506688.442211055,7.400833333333332,gzip-9,3,cpu,600000,1.024100553505535
3744938.566552901,7.618333333333332,gzip-9,4,cpu,600000,1.0541974169741697
