power,time,task,howmany,island,frequency,time_rel
2855955.0,,idle,0,cpu,600000,
2855955.0,2.0,idle,1,cpu,600000,1.0
2855889.585947302,2.0,idle,2,cpu,600000,1.0
2855185.696361355,2.0016666666666665,idle,3,cpu,600000,1.0008333333333332
2857842.9648241205,2.0,idle,4,cpu,600000,1.0
