power,time,task,howmany,island,frequency,time_rel
2855955.0,,decrypt,0,cpu,600000,
3034626.1306532663,7.292,decrypt,1,cpu,600000,1.0
3228762.144053601,7.295000000000001,decrypt,2,cpu,600000,1.0004114097641252
3422480.40201005,7.292000000000001,decrypt,3,cpu,600000,1.0000000000000002
3629646.153846154,7.296250000000001,decrypt,4,cpu,600000,1.0005828304991773
