frequency,power,task,island,voltage,time,howmany,time_rel
1000000,95939.98903508772,cacherate-80,big,977489.0350877192,,0,
1000000,431540.451754386,cacherate-80,big,962807.0175438595,1.9833333333333327,1,0.3246930422919508
1000000,651815.5986842106,cacherate-80,big,963802.0833333334,2.8025,2,0.4587994542974079
1000000,821142.475877193,cacherate-80,big,964566.8859649122,3.679444444444445,3,0.6023647112323784
1000000,966363.144736842,cacherate-80,big,965000.0,4.7575,4,0.7788540245566167
