howmany,island,task,frequency,power_25%,power_50%,power_75%,power_max,power_mean,power_min,time_25%,time_50%,time_75%,time_max,time_mean,time_min,time_rel,voltage_25%,voltage_50%,voltage_75%,voltage_max,voltage_mean,voltage_min,time
0,big,encrypt,1000000,92815.0,93792.0,95746.0,143619.0,95939.98903508772,90861.0,2.0,2.0,2.0,2.0,2.0,2.0,,977500.0,977500.0,977500.0,977500.0,977489.0350877192,976250.0,
1,big,encrypt,1000000,496392.0,497871.0,500240.0,537354.0,497330.8728070175,219375.0,4.27,4.275,4.28,4.3,4.278333333333333,4.27,0.1202848976149196,962500.0,963750.0,963750.0,975000.0,963251.096491228,962500.0,
2,big,encrypt,1000000,904205.0,907100.0,910960.0,959210.0,905617.3859649122,560267.0,4.27,4.279999999999999,4.29,4.32,4.284166666666667,4.26,0.1204489011761398,965000.0,965000.0,965000.0,971250.0,965035.6359649122,963750.0,
3,big,encrypt,1000000,1313760.0,1316658.0,1318590.0,1353366.0,1312820.850877193,454391.0,4.28,4.28,4.29,4.34,4.29,4.27,0.12061290473736,966250.0,966250.0,967500.0,973750.0,966710.5263157894,966250.0,
4,big,encrypt,1000000,1714328.0,1719168.0,1724364.75,1738240.0,1715529.9605263155,1275473.0,4.28,4.29,4.3,4.36,4.2975,4.27,0.1208237664589288,968750.0,968750.0,968750.0,970000.0,968651.3157894736,967500.0,
