frequency,power,task,island,voltage,time,howmany,time_rel
1000000,95939.98903508772,gzip-5,big,977489.0350877192,,0,
1000000,615605.629385965,gzip-5,big,963881.5789473684,4.411666666666666,1,0.1272168020377757
1000000,1051273.096491228,gzip-5,big,965441.3377192982,4.449166666666668,2,0.1282981688854712
1000000,1471721.8684210526,gzip-5,big,967472.5877192982,4.479444444444445,3,0.1291712724884254
1000000,1880208.585526316,gzip-5,big,969862.9385964912,4.525,4,0.1304849329552554
