frequency,power,task,island,voltage,time,howmany,time_rel
1000000,95939.98903508772,gzip-9,big,977489.0350877192,,0,
1000000,617065.326754386,gzip-9,big,963843.201754386,4.415,1,0.1273863909593652
1000000,1052907.2083333333,gzip-9,big,965444.0789473684,4.441666666666666,2,0.1281558066842991
1000000,1470519.4276315789,gzip-9,big,967453.399122807,4.478333333333334,3,0.1292137533060832
1000000,1883908.7828947369,gzip-9,big,969967.105263158,4.525,4,0.1305602308247175
