frequency,power,task,island,voltage,time,howmany,time_rel
1000000,95939.98903508772,cacherate-100,big,977489.0350877192,,0,
1000000,427210.5745614035,cacherate-100,big,962623.355263158,1.9783333333333333,1,0.3456610366919045
1000000,644262.7236842106,cacherate-100,big,963854.1666666666,2.7,2,0.4717530576587071
1000000,819007.326754386,cacherate-100,big,964531.25,3.5216666666666665,3,0.6153174140943507
1000000,964599.2149122808,cacherate-100,big,965008.2236842106,4.552916666666667,4,0.7955008736167737
