frequency,power,task,island,voltage,time,howmany,time_rel
1000000,95939.98903508772,idle,big,977489.0350877192,,0,
1000000,95939.98903508772,idle,big,977489.0350877192,2.0,1,0.9950248756218908
1000000,96591.80263157896,idle,big,977524.6710526316,2.0,2,0.9950248756218908
1000000,97410.07675438595,idle,big,977445.1754385964,2.0,3,0.9950248756218908
1000000,99605.57236842104,idle,big,977467.105263158,2.0,4,0.9950248756218908
