howmany,island,task,frequency,power_25%,power_50%,power_75%,power_max,power_mean,power_min,time_25%,time_50%,time_75%,time_max,time_mean,time_min,time_rel,voltage_25%,voltage_50%,voltage_75%,voltage_max,voltage_mean,voltage_min,time
0,little,hash,1400000,93075.0,93075.0,93075.0,103275.0,93324.00438596492,91800.0,2.0,2.0,2.0,2.0,2.0,2.0,,1275000.0,1275000.0,1275000.0,1276250.0,1275098.6842105263,1275000.0,
1,little,hash,1400000,255672.0,255873.0,256140.75,258419.0,254649.70394736843,94424.0,5.45,5.455,5.46,5.48,5.458333333333333,5.45,0.1450527061741518,1273750.0,1273750.0,1273750.0,1276250.0,1273470.394736842,1272500.0,
2,little,hash,1400000,401600.0,402855.0,404110.0,407875.0,400919.25,94350.0,5.48,5.48,5.49,5.49,5.483333333333334,5.48,0.1457170697138808,1255000.0,1255000.0,1255000.0,1275000.0,1255131.5789473683,1253750.0,
3,little,hash,1400000,546308.0,547561.0,551320.0,557585.0,546668.3245614035,163959.0,5.49,5.49,5.49,5.5,5.490555555555555,5.48,0.1459089969586913,1253750.0,1253750.0,1253750.0,1271250.0,1253788.3771929825,1252500.0,
4,little,hash,1400000,689852.0,692356.0,696112.0,699868.0,689754.125,223168.0,5.4975000000000005,5.5,5.51,5.51,5.500416666666666,5.49,0.1461710514660288,1252500.0,1252500.0,1252500.0,1268750.0,1252560.3070175438,1251250.0,
