frequency,power,task,island,voltage,time,howmany,time_rel
1400000,93324.00438596492,cacherate-20,little,1275098.6842105263,,0,
1400000,199499.1864035088,cacherate-20,little,1273791.1184210526,4.351666666666667,1,0.2427031046662948
1400000,283739.1096491228,cacherate-20,little,1262508.2236842106,4.7475,2,0.2647796988287785
1400000,361822.7127192983,cacherate-20,little,1255093.201754386,5.230555555555556,3,0.291720889880399
1400000,439799.3114035088,cacherate-20,little,1254177.6315789474,5.689166666666668,4,0.3172987544153188
