frequency,power,task,island,voltage,time,howmany,time_rel
1400000,93324.00438596492,cacherate-100,little,1275098.6842105263,,0,
1400000,163534.00657894736,cacherate-100,little,1274599.7807017544,2.8233333333333337,1,0.493302271403611
1400000,222432.93201754385,cacherate-100,little,1272823.464912281,3.0091666666666668,2,0.5257716948165405
1400000,268432.6644736842,cacherate-100,little,1256376.096491228,3.331666666666667,3,0.5821199767035529
1400000,319338.0197368421,cacherate-100,little,1255298.7938596492,3.7904166666666654,4,0.6622743156668607
