howmany,island,task,frequency,power_25%,power_50%,power_75%,power_max,power_mean,power_min,time_25%,time_50%,time_75%,time_max,time_mean,time_min,time_rel,voltage_25%,voltage_50%,voltage_75%,voltage_max,voltage_mean,voltage_min,time
0,big,hash,1000000,92815.0,93792.0,95746.0,143619.0,95939.98903508772,90861.0,2.0,2.0,2.0,2.0,2.0,2.0,,977500.0,977500.0,977500.0,977500.0,977489.0350877192,976250.0,
1,big,hash,1000000,585858.0,590319.0,592245.0,633654.0,587982.1820175438,429348.0,4.25,4.25,4.25,4.28,4.255,4.25,0.1130746744618655,963750.0,963750.0,963750.0,967500.0,963640.350877193,962500.0,
2,big,hash,1000000,992985.0,997810.0,999757.5,1071150.0,991849.2719298246,207249.0,4.34,4.345,4.36,4.37,4.341666666666666,4.29,0.1153778013995925,965000.0,965000.0,965000.0,973750.0,965079.495614035,965000.0,
3,big,hash,1000000,1392849.0,1396348.0,1400216.0,1428259.0,1393475.8684210526,974736.0,4.2925,4.305,4.365,4.41,4.326666666666666,4.27,0.1149791832757551,966250.0,967500.0,967500.0,967500.0,966907.894736842,966250.0,
4,big,hash,1000000,1783975.5,1787896.0,1793573.5,1809192.0,1784240.8333333333,1172971.0,4.3175,4.35,4.405,4.43,4.357916666666667,4.28,0.1158096377004163,968750.0,968750.0,968750.0,970000.0,968865.1315789474,967500.0,
