howmany,island,task,frequency,power_25%,power_50%,power_75%,power_max,power_mean,power_min,time_25%,time_50%,time_75%,time_max,time_mean,time_min,time_rel,voltage_25%,voltage_50%,voltage_75%,voltage_max,voltage_mean,voltage_min,time
0,big,idle,1000000,92815.0,93792.0,95746.0,143619.0,95939.98903508772,90861.0,2.0,2.0,2.0,2.0,2.0,2.0,,977500.0,977500.0,977500.0,977500.0,977489.0350877192,976250.0,
1,big,idle,1000000,92815.0,93792.0,95746.0,143619.0,95939.98903508772,90861.0,2.0,2.0,2.0,2.0,2.0,2.0,0.9950248756218908,977500.0,977500.0,977500.0,977500.0,977489.0350877192,976250.0,
2,big,idle,1000000,92815.0,93792.0,95746.0,151435.0,96591.80263157896,89884.0,2.0,2.0,2.0,2.0,2.0,2.0,0.9950248756218908,977500.0,977500.0,977500.0,978750.0,977524.6710526316,976250.0,
3,big,idle,1000000,92815.0,93792.0,95746.0,169824.0,97410.07675438595,88907.0,2.0,2.0,2.0,2.0,2.0,2.0,0.9950248756218908,977500.0,977500.0,977500.0,977500.0,977445.1754385964,976250.0,
4,big,idle,1000000,93792.0,94769.0,96723.0,216672.0,99605.57236842104,89884.0,2.0,2.0,2.0,2.0,2.0,2.0,0.9950248756218908,977500.0,977500.0,977500.0,977500.0,977467.105263158,976250.0,
