howmany,island,task,frequency,power_25%,power_50%,power_75%,power_max,power_mean,power_min,time_25%,time_50%,time_75%,time_max,time_mean,time_min,time_rel,voltage_25%,voltage_50%,voltage_75%,voltage_max,voltage_mean,voltage_min,time
0,big,gzip-5,1000000,92815.0,93792.0,95746.0,143619.0,95939.98903508772,90861.0,2.0,2.0,2.0,2.0,2.0,2.0,,977500.0,977500.0,977500.0,977500.0,977489.0350877192,976250.0,
1,big,gzip-5,1000000,620172.0,620172.0,622098.0,636543.0,615605.629385965,218400.0,4.41,4.41,4.41,4.42,4.411666666666666,4.41,0.1272168020377757,963750.0,963750.0,963750.0,975000.0,963881.5789473684,962500.0,
2,big,gzip-5,1000000,1055838.0,1057770.0,1059702.0,1083852.0,1051273.096491228,153075.0,4.45,4.45,4.45,4.46,4.449166666666668,4.44,0.1282981688854712,965000.0,965000.0,966250.0,975000.0,965441.3377192982,963750.0,
3,big,gzip-5,1000000,1476609.0,1479510.0,1481444.0,1514322.0,1471721.8684210526,280800.0,4.48,4.48,4.48,4.49,4.479444444444445,4.47,0.1291712724884254,967500.0,967500.0,967500.0,975000.0,967472.5877192982,966250.0,
4,big,gzip-5,1000000,1886650.0,1892470.0,1897320.0,1910900.0,1880208.585526316,612070.0,4.52,4.52,4.53,4.54,4.525,4.51,0.1304849329552554,970000.0,970000.0,970000.0,971250.0,969862.9385964912,967500.0,
