power,time,task,howmany,island,frequency,time_rel
2855889.585947302,2.0,idle,2,cpu,600000,1.0
2901336.25,2.0,idle,2,cpu,700000,1.0
2924016.016016016,2.0,idle,2,cpu,800000,1.0
2948767.5350701404,2.0,idle,2,cpu,900000,1.0
2975778.75,2.0,idle,2,cpu,1000000,1.0
3001021.063189569,2.0,idle,2,cpu,1100000,1.0
3028130.0,2.0,idle,2,cpu,1200000,1.0
3055102.1021021022,2.0,idle,2,cpu,1300000,1.0
3079613.841524573,2.0,idle,2,cpu,1400000,1.0
3107826.25,2.0,idle,2,cpu,1500000,1.0
