howmany,island,task,frequency,power_25%,power_50%,power_75%,power_max,power_mean,power_min,time_25%,time_50%,time_75%,time_max,time_mean,time_min,time_rel,voltage_25%,voltage_50%,voltage_75%,voltage_max,voltage_mean,voltage_min,time
0,big,encrypt,300000,34770.0,35685.0,36600.0,58560.0,36667.20614035088,32940.0,2.0,2.0,2.0,2.01,2.0016666666666665,2.0,,915000.0,915000.0,915000.0,916250.0,915068.5307017544,913750.0,
1,big,encrypt,300000,146400.0,147315.0,148230.0,255640.0,147790.79385964913,94245.0,14.35,14.365,14.3875,14.41,14.37,14.34,0.4040110585258422,915000.0,915000.0,915000.0,915000.0,914794.4078947369,913750.0,
2,big,encrypt,300000,255360.0,256272.0,257184.0,327408.0,255965.50657894736,149732.0,14.3275,14.335,14.35,14.4,14.33916666666667,14.3,0.4031441825593928,912500.0,912500.0,913750.0,915000.0,912916.6666666666,912500.0,
3,big,encrypt,300000,362578.0,362976.0,363888.0,391730.0,362601.3837719298,191730.0,14.3225,14.335,14.3575,14.42,14.341666666666669,14.3,0.4032144697999157,911250.0,912500.0,912500.0,913750.0,912105.2631578948,911250.0,
4,big,encrypt,300000,470076.0,470987.0,470987.0,477364.0,469830.850877193,315552.0,14.34,14.355,14.3825,14.44,14.364166666666668,14.31,0.4038470549646221,911250.0,911250.0,911250.0,912500.0,911252.7412280702,910000.0,
