howmany,island,task,frequency,power_25%,power_50%,power_75%,power_max,power_mean,power_min,time_25%,time_50%,time_75%,time_max,time_mean,time_min,time_rel,voltage_25%,voltage_50%,voltage_75%,voltage_max,voltage_mean,voltage_min,time
0,big,cacherate-40,1700000,235200.0,237552.0,241080.0,365040.0,240915.07675438595,229320.0,2.0,2.0,2.0,2.0,2.0,2.0,,1176250.0,1176250.0,1176250.0,1177500.0,1176219.846491228,1170000.0,
1,big,cacherate-40,1700000,1106534.0,1108866.0,1112364.0,1139182.0,1108103.6074561405,898590.0,1.92,1.93,1.93,1.94,1.928,1.92,0.2385646525056712,1166250.0,1166250.0,1166250.0,1167500.0,1166217.105263158,1165000.0,
2,big,cacherate-40,1700000,1601328.0,1605792.0,1609504.0,1847430.0,1603275.2192982456,799110.0,3.33,3.335,3.34,3.35,3.336,3.32,0.4127861414724685,1167500.0,1167500.0,1168750.0,1170000.0,1167960.5263157894,1166250.0,
3,big,cacherate-40,1700000,2028780.0,2034630.0,2039882.0,2108340.0,2032599.3442982456,1462336.0,4.140000000000001,4.27,4.31,4.32,4.238666666666668,4.13,0.5244792740771295,1170000.0,1170000.0,1170000.0,1171250.0,1170068.5307017544,1168750.0,
4,big,cacherate-40,1700000,2381814.0,2390011.0,2395866.0,2433072.0,2380688.706140351,1047696.0,5.335,5.4,5.445,5.51,5.391500000000001,5.23,0.66712724273046,1171250.0,1171250.0,1171250.0,1172500.0,1171250.0,1168750.0,
