howmany,island,task,frequency,power_25%,power_50%,power_75%,power_max,power_mean,power_min,time_25%,time_50%,time_75%,time_max,time_mean,time_min,time_rel,voltage_25%,voltage_50%,voltage_75%,voltage_max,voltage_mean,voltage_min,time
0,big,hash,1700000,235200.0,237552.0,241080.0,365040.0,240915.07675438595,229320.0,2.0,2.0,2.0,2.0,2.0,2.0,,1176250.0,1176250.0,1176250.0,1177500.0,1176219.846491228,1170000.0,
1,big,hash,1700000,1504263.0,1517616.0,1527495.75,1591788.0,1502386.74122807,259233.0,2.54,2.54,2.54,2.56,2.544,2.54,0.0676056338028169,1167500.0,1167500.0,1167500.0,1173750.0,1167445.1754385964,1166250.0,
2,big,hash,1700000,2550438.0,2564490.0,2576200.0,2639434.0,2550686.3903508773,726020.0,2.65,2.65,2.65,2.66,2.648,2.63,0.0703693861280893,1171250.0,1171250.0,1171250.0,1173750.0,1171318.5307017544,1170000.0,
3,big,hash,1700000,3582096.0,3599736.0,3615318.0,3667532.0,3590305.449561404,2543240.0,2.58,2.67,2.67,2.68,2.6286666666666667,2.57,0.0698556116573655,1176250.0,1176250.0,1176250.0,1177500.0,1176376.096491228,1172500.0,
4,big,hash,1700000,4624796.0,4655502.0,4681484.0,4743366.0,4640975.918859649,2979800.0,2.62,2.72,2.72,2.73,2.679,2.61,0.0711931969173531,1181250.0,1181250.0,1181250.0,1182500.0,1181239.035087719,1175000.0,
