howmany,island,task,frequency,power_25%,power_50%,power_75%,power_max,power_mean,power_min,time_25%,time_50%,time_75%,time_max,time_mean,time_min,time_rel,time
0,cpu,cacherate-80,299999,1598000.0,1610000.0,1623000.0,1648000.0,1611400.0,1585000.0,2.00442389375,2.004480607,2.004538683,2.004999694,2.00451261902,2.004335908,,
1,cpu,cacherate-80,299999,1810000.0,1835000.0,1836000.0,1860000.0,1804278.7212787208,1635000.0,2.12134795235,2.1214953926,2.4517838013,2.790965146,2.2924810600857146,2.1206753927,0.9859541103560966,
2,cpu,cacherate-80,299999,2010000.0,2010000.0,2023000.0,2036000.0,1971683.3166833168,1673000.0,2.101821674875,2.10337976305,2.10474236165,2.955210426,2.11756006266,2.1010076766,0.9107237935599248,
3,cpu,cacherate-80,299999,2098000.0,2098000.0,2098000.0,2123000.0,2059483.5164835164,1685000.0,3.13524620435,3.1373567347,3.6277553855,3.673084764,3.317688691932,3.132456441,1.4268771330961367,
4,cpu,cacherate-80,299999,2098000.0,2111000.0,2111000.0,2148000.0,2084846.6195761857,1848000.0,4.1377267175,4.1499709494,4.6202006725,5.155148008,4.429809026559223,4.1216778073,1.9051797172384504,
