howmany,island,task,frequency,power_25%,power_50%,power_75%,power_max,power_mean,power_min,time_25%,time_50%,time_75%,time_max,time_mean,time_min,time_rel,time
0,cpu,cacherate-20,299999,1598000.0,1610000.0,1623000.0,1648000.0,1611400.0,1585000.0,2.00442389375,2.004480607,2.004538683,2.004999694,2.00451261902,2.004335908,,
1,cpu,cacherate-20,299999,1723000.0,1735000.0,1736000.0,1761000.0,1726187.0,1635000.0,8.102005852975001,8.10218026635,8.102283547975,8.1023882542,8.10212052561,8.1015916946,1.0,
2,cpu,cacherate-20,299999,1836000.0,1848000.0,1860000.0,1873000.0,1842708.291708292,1673000.0,8.77787257105,9.0575645715,9.1123904215,9.1919087391,8.838249702964998,8.1000319387,1.0908563597675651,
3,cpu,cacherate-20,299999,1948000.0,1961000.0,1973000.0,1986000.0,1951612.0,1748000.0,9.073621421,9.102752867,9.192281675575,9.212840461,9.130433663903334,9.063085828,1.1269190127501731,
4,cpu,cacherate-20,299999,2010000.0,2011000.0,2023000.0,2048000.0,2007503.0425963488,1773000.0,9.166592873,9.201646998,9.26012590625,10.136681038,9.3131206271175,9.1146113678,1.1494670558997055,
