power,island,task,time,howmany,frequency,time_rel
1611400.0,cpu,cacherate-80,,0,299999,
1804278.7212787208,cpu,cacherate-80,2.2924810600857146,1,299999,0.9859541103560966
1971683.3166833168,cpu,cacherate-80,2.11756006266,2,299999,0.9107237935599248
2059483.5164835164,cpu,cacherate-80,3.317688691932,3,299999,1.4268771330961367
2084846.6195761857,cpu,cacherate-80,4.429809026559223,4,299999,1.9051797172384504
