power,island,task,time,howmany,frequency,time_rel
1611400.0,cpu,cacherate-0,,0,299999,
1642860.0,cpu,cacherate-0,11.26677574044,1,299999,1.0
1686220.0,cpu,cacherate-0,11.11587014017,2,299999,0.9866061414776942
1721114.0,cpu,cacherate-0,11.295602254066663,3,299999,1.0025585415287177
1742602.0304568529,cpu,cacherate-0,11.562582455896427,4,299999,1.026254779740994
