power,island,task,time,howmany,frequency,time_rel
1611400.0,cpu,decrypt,,0,299999,
1645622.0,cpu,decrypt,16.1255116555,1,299999,1.0
1686075.0,cpu,decrypt,15.72856420303,2,299999,0.9753838848062468
1720322.0,cpu,decrypt,15.51640596818,3,299999,0.9622272024396666
1743032.0,cpu,decrypt,15.995536695565,4,299999,0.99193979312336
