howmany,island,task,frequency,power_25%,power_50%,power_75%,power_max,power_mean,power_min,time_25%,time_50%,time_75%,time_max,time_mean,time_min,time_rel,time
0,cpu,gzip-1,299999,1598000.0,1610000.0,1623000.0,1648000.0,1611400.0,1585000.0,2.00442389375,2.004480607,2.004538683,2.004999694,2.00451261902,2.004335908,,
1,cpu,gzip-1,299999,1648000.0,1660000.0,1660000.0,1698000.0,1655986.013986014,1635000.0,19.060274809,19.075685759,19.104279056,19.242760643,19.1080842402,19.057420934,1.0,
2,cpu,gzip-1,299999,1698000.0,1698000.0,1698000.0,1735000.0,1697545.4545454546,1673000.0,18.329603075875,19.1224986715,19.180841514100003,19.199124212,18.83163678488,18.1009544417,0.9855324347619108,
3,cpu,gzip-1,299999,1723000.0,1723000.0,1735000.0,1761000.0,1725187.0,1710000.0,19.1237760345,19.1672166137,19.24327430665,19.344399659,19.18796490071333,19.08079638,1.004180464117134,
4,cpu,gzip-1,299999,1760000.0,1761000.0,1773000.0,1798000.0,1762229.4589178355,1748000.0,19.162168974375,19.404399128,21.11999258275,23.432928823,20.133714571825003,19.1329551193,1.0536752046271212,
