power,island,task,time,howmany,frequency,time_rel
1611400.0,cpu,hash,,0,299999,
1649290.0,cpu,hash,11.27105223552,1,299999,1.0
1694260.7392607392,cpu,hash,11.21846635133,2,299999,0.9953344299102546
1721634.0,cpu,hash,11.252010035786666,3,299999,0.9983105215613036
1745209.62888666,cpu,hash,11.417111777920589,4,299999,1.0129588204675597
