power,island,task,time,howmany,frequency,time_rel
1611400.0,cpu,cacherate-40,,0,299999,
1783465.0,cpu,cacherate-40,4.237217779349999,1,299999,1.0
1943676.0,cpu,cacherate-40,4.30975047863,2,299999,1.0171180012586296
2091706.2937062937,cpu,cacherate-40,4.308823483621667,3,299999,1.0168992268041157
2122233.977619532,cpu,cacherate-40,5.428425104881053,4,299999,1.2811295967217875
