power,island,task,time,howmany,frequency,time_rel
1611400.0,cpu,gzip-1,,0,299999,
1655986.013986014,cpu,gzip-1,19.1080842402,1,299999,1.0
1697545.4545454546,cpu,gzip-1,18.83163678488,2,299999,0.9855324347619108
1725187.0,cpu,gzip-1,19.18796490071333,3,299999,1.004180464117134
1762229.4589178355,cpu,gzip-1,20.133714571825003,4,299999,1.0536752046271212
