howmany,island,task,frequency,power_25%,power_50%,power_75%,power_max,power_mean,power_min,time_25%,time_50%,time_75%,time_max,time_mean,time_min,time_rel,time
0,cpu,gzip-5,299999,1598000.0,1610000.0,1623000.0,1648000.0,1611400.0,1585000.0,2.00442389375,2.004480607,2.004538683,2.004999694,2.00451261902,2.004335908,,
1,cpu,gzip-5,299999,1648000.0,1660000.0,1660000.0,1698000.0,1656767.0,1635000.0,20.16439012,20.181926322,20.1821804042,20.23465609,20.18458118044,20.159752966,1.0,
2,cpu,gzip-5,299999,1685000.0,1698000.0,1698000.0,1736000.0,1697108.0,1673000.0,20.01818415575,20.09971915565,20.21392858245,20.460597986,20.04838431315,19.1011492424,0.9932524303540178,
3,cpu,gzip-5,299999,1723000.0,1723000.0,1735000.0,1760000.0,1725188.0,1710000.0,20.16150144415,20.168391569,20.197115826,20.454629369,20.219025951826666,20.1371689,1.0017064892790566,
4,cpu,gzip-5,299999,1748000.0,1761000.0,1761000.0,1785000.0,1759307.0,1748000.0,20.157881797975,20.361007085,20.9525889915,22.262216348,20.764997364645,20.1327179299,1.0287554237076495,
