power,island,task,time,howmany,frequency,time_rel
1611400.0,cpu,cacherate-100,,0,299999,
1807259.0,cpu,cacherate-100,2.310114019148572,1,299999,1.0
1963790.2097902093,cpu,cacherate-100,2.2484700884814286,2,299999,0.9733156328405542
2055542.4575424576,cpu,cacherate-100,3.340493842286666,3,299999,1.4460298559280016
2080861.788617886,cpu,cacherate-100,4.288860049051724,4,299999,1.856557734164329
