power,island,task,time,howmany,frequency,time_rel
1611400.0,cpu,encrypt,,0,299999,
1646125.0,cpu,encrypt,16.055504117199998,1,299999,1.0
1686014.0,cpu,encrypt,15.59982303789,2,299999,0.971618388561102
1719094.0,cpu,encrypt,15.501595381253331,3,299999,0.9655003834259384
1741377.0,cpu,encrypt,15.890653910389997,4,299999,0.9897324801758544
