power,island,task,time,howmany,frequency,time_rel
1611400.0,cpu,gzip-5,,0,299999,
1656767.0,cpu,gzip-5,20.18458118044,1,299999,1.0
1697108.0,cpu,gzip-5,20.04838431315,2,299999,0.9932524303540178
1725188.0,cpu,gzip-5,20.219025951826666,3,299999,1.0017064892790566
1759307.0,cpu,gzip-5,20.764997364645,4,299999,1.0287554237076495
