power,island,task,time,howmany,frequency,time_rel
1611400.0,cpu,cacherate-20,,0,299999,
1726187.0,cpu,cacherate-20,8.10212052561,1,299999,1.0
1842708.291708292,cpu,cacherate-20,8.838249702964998,2,299999,1.0908563597675651
1951612.0,cpu,cacherate-20,9.130433663903334,3,299999,1.1269190127501731
2007503.0425963488,cpu,cacherate-20,9.3131206271175,4,299999,1.1494670558997055
