frequency,power,task,island,voltage,time,howmany,time_rel
800000,70789.28289473684,cachekiller,big,927464.3640350878,,0,
800000,331668.06359649124,cachekiller,big,924643.6403508772,2.2016666666666667,1,0.3515167642362959
800000,483905.91228070174,cachekiller,big,914369.5175438595,2.997499999999999,2,0.4785790313996806
800000,605838.1184210526,cachekiller,big,913684.2105263158,4.047777777777778,3,0.6462657441901722
800000,707405.504385965,cachekiller,big,913865.1315789474,5.260833333333333,4,0.8399414582224588
