frequency,power,task,island,voltage,time,howmany,time_rel
800000,70789.28289473684,gzip-5,big,927464.3640350878,,0,
800000,453941.3837719298,gzip-5,big,923275.7675438595,5.511666666666666,1,0.1589368962368433
800000,753126.0701754387,gzip-5,big,914481.9078947369,5.545833333333333,2,0.1599221415869659
800000,1054148.2192982456,gzip-5,big,916107.4561403508,5.589444444444443,3,0.1611797311802117
800000,1347039.2609649124,gzip-5,big,917439.6929824562,5.64375,4,0.1627457105781708
