frequency,power,task,island,voltage,time,howmany,time_rel
800000,70789.28289473684,cacherate-60,big,927464.3640350878,,0,
800000,351679.8881578947,cacherate-60,big,924199.5614035088,2.016666666666666,1,0.3060192210419827
800000,507381.1513157895,cacherate-60,big,914380.4824561405,3.0375,2,0.4609256449165402
800000,623250.3574561403,cacherate-60,big,913774.6710526316,4.149444444444445,3,0.6296577305682011
800000,719918.625,cacherate-60,big,913889.802631579,5.3879166666666665,4,0.8175897824987355
