frequency,power,task,island,voltage,time,howmany,time_rel
800000,70789.28289473684,decrypt,big,927464.3640350878,,0,
800000,376918.9627192983,decrypt,big,923766.447368421,5.265,1,0.1469370668403181
800000,671802.0570175438,decrypt,big,913837.7192982456,5.2725,2,0.1471463789013442
800000,965831.3486842106,decrypt,big,915235.745614035,5.283888888888888,3,0.1474642231421616
800000,1258337.070175439,decrypt,big,916387.0614035088,5.294583333333333,4,0.1477626866365877
