frequency,power,task,island,voltage,time,howmany,time_rel
800000,70789.28289473684,idle,big,927464.3640350878,,0,
800000,70789.28289473684,idle,big,927464.3640350878,2.0,1,0.9950248756218908
800000,71166.65789473684,idle,big,927617.8728070176,2.0,2,0.9950248756218908
800000,72750.59210526316,idle,big,927464.3640350878,2.0,3,0.9950248756218908
800000,74624.11403508772,idle,big,927532.894736842,2.0,4,0.9950248756218908
