howmany,island,task,frequency,power_25%,power_50%,power_75%,power_max,power_mean,power_min,time_25%,time_50%,time_75%,time_max,time_mean,time_min,time_rel,voltage_25%,voltage_50%,voltage_75%,voltage_max,voltage_mean,voltage_min,time
0,big,encrypt,800000,68598.0,69525.0,70452.0,103824.0,70789.28289473684,66744.0,2.0,2.0,2.0,2.0,2.0,2.0,,927500.0,927500.0,927500.0,927500.0,927464.3640350878,926250.0,
1,big,encrypt,800000,368277.0,370000.0,371969.0,526240.0,369735.03728070174,131492.0,5.34,5.34,5.34,5.37,5.343333333333334,5.33,0.1502272620776908,923750.0,923750.0,923750.0,927500.0,923903.5087719298,920000.0,
2,big,encrypt,800000,648230.0,650056.0,651882.0,665577.0,649334.5811403509,459080.0,5.34,5.345,5.35,5.39,5.3500000000000005,5.33,0.1504146947190853,913750.0,913750.0,913750.0,920000.0,913802.0833333334,913750.0,
3,big,encrypt,800000,938790.0,940620.0,945195.0,958920.0,937742.7368421052,378020.0,5.34,5.35,5.3575,5.39,5.351666666666667,5.33,0.1504615528794339,915000.0,915000.0,915000.0,922500.0,915101.4254385964,915000.0,
4,big,encrypt,800000,1228780.0,1231104.0,1234282.0,1243012.0,1228510.9868421052,951724.0,5.35,5.36,5.37,5.43,5.366666666666666,5.34,0.1508832763225715,916250.0,916250.0,917500.0,917500.0,916757.1271929824,916250.0,
