frequency,power,task,island,voltage,time,howmany,time_rel
800000,70789.28289473684,cacherate-80,big,927464.3640350878,,0,
800000,338961.3355263158,cacherate-80,big,924328.399122807,2.015,1,0.3298772169167803
800000,495714.5197368421,cacherate-80,big,916466.5570175438,2.8425000000000007,2,0.4653478854024557
800000,611521.3333333334,cacherate-80,big,913780.153508772,3.85,3,0.6302864938608459
800000,711501.5504385965,cacherate-80,big,913810.3070175438,4.99625,4,0.8179399727148704
