howmany,island,task,frequency,power_25%,power_50%,power_75%,power_max,power_mean,power_min,time_25%,time_50%,time_75%,time_max,time_mean,time_min,time_rel,voltage_25%,voltage_50%,voltage_75%,voltage_max,voltage_mean,voltage_min,time
0,little,cacherate-20,400000,14672.0,14672.0,14688.0,20174.0,14739.322368421052,13755.0,2.0,2.0,2.0,2.0,2.0,2.0,,917500.0,917500.0,918750.0,918750.0,917889.254385965,917500.0,
1,little,cacherate-20,400000,43099.0,43099.0,43099.0,44933.0,42736.04385964912,17423.0,9.195,9.345,9.51,9.56,9.343333333333334,9.1,0.5211005763153002,917500.0,917500.0,917500.0,918750.0,917527.4122807018,917500.0,
2,little,cacherate-20,400000,66941.0,66941.0,66941.0,68775.0,66316.0899122807,16506.0,9.255,9.315,9.4125,9.57,9.350833333333332,9.23,0.5215188696783787,917500.0,917500.0,917500.0,917500.0,917439.6929824562,916250.0,
3,little,cacherate-20,400000,92516.0,92516.0,93432.0,94348.0,92279.31359649122,28427.0,9.41,9.44,9.5175,9.7,9.47111111111111,9.37,0.5282270558344176,916250.0,916250.0,916250.0,917500.0,916334.9780701754,916250.0,
4,little,cacherate-20,400000,109920.0,109920.0,110836.0,116332.0,109995.46710526316,32095.0,9.5675,9.605,9.665,9.7,9.611666666666666,9.53,0.536066183305447,916250.0,916250.0,916250.0,917500.0,916332.2368421052,916250.0,
