howmany,island,task,frequency,power_25%,power_50%,power_75%,power_max,power_mean,power_min,time_25%,time_50%,time_75%,time_max,time_mean,time_min,time_rel,voltage_25%,voltage_50%,voltage_75%,voltage_max,voltage_mean,voltage_min,time
0,little,cachekiller,400000,14672.0,14672.0,14688.0,20174.0,14739.322368421052,13755.0,2.0,2.0,2.0,2.0,2.0,2.0,,917500.0,917500.0,918750.0,918750.0,917889.254385965,917500.0,
1,little,cachekiller,400000,30261.0,31178.0,31178.0,32095.0,30810.06798245614,14672.0,4.2925,4.3100000000000005,4.380000000000001,4.49,4.346666666666667,4.28,0.6939861628525812,917500.0,917500.0,917500.0,918750.0,917502.7412280702,917500.0,
2,little,cachekiller,400000,45850.0,45850.0,45900.0,49518.0,45811.50657894737,20196.0,4.69,4.73,4.74,4.79,4.711666666666667,4.6,0.7522618414050027,917500.0,917500.0,918750.0,918750.0,918048.245614035,917500.0,
3,little,cachekiller,400000,58688.0,58688.0,59605.0,63273.0,59074.01315789474,39431.0,5.26,5.28,5.36,5.41,5.303333333333334,5.22,0.8467269824374669,917500.0,917500.0,917500.0,917500.0,917458.8815789474,916250.0,
4,little,cachekiller,400000,70609.0,70609.0,70609.0,77028.0,70637.14035087719,28427.0,6.8,6.81,6.815,6.85,6.8116666666666665,6.79,1.0875465673230442,917500.0,917500.0,917500.0,917500.0,917467.105263158,916250.0,
