howmany,island,task,frequency,power_25%,power_50%,power_75%,power_max,power_mean,power_min,time_25%,time_50%,time_75%,time_max,time_mean,time_min,time_rel,voltage_25%,voltage_50%,voltage_75%,voltage_max,voltage_mean,voltage_min,time
0,little,gzip-5,400000,14672.0,14672.0,14688.0,20174.0,14739.322368421052,13755.0,2.0,2.0,2.0,2.0,2.0,2.0,,917500.0,917500.0,918750.0,918750.0,917889.254385965,917500.0,
1,little,gzip-5,400000,44933.0,44982.0,44982.0,45900.0,44690.4649122807,14688.0,17.0775,17.105,17.1475,17.18,17.11333333333333,17.06,0.4934877685394337,917500.0,918750.0,918750.0,918750.0,918297.697368421,917500.0,
2,little,gzip-5,400000,71526.0,71526.0,72443.0,73360.0,71118.59210526316,14688.0,17.72,17.76,17.8425,18.71,17.87333333333333,17.64,0.5154034699860623,917500.0,917500.0,917500.0,918750.0,917453.399122807,916250.0,
3,little,gzip-5,400000,92516.0,93432.0,93432.0,94451.0,92710.13377192985,21091.0,18.8225,18.875,18.915,18.99,18.87333333333333,18.77,0.5442399192579419,916250.0,916250.0,916250.0,918750.0,916370.6140350878,916250.0,
4,little,gzip-5,400000,109920.0,109920.0,110836.0,111752.0,109546.69956140353,19257.0,20.2575,20.31,20.38,20.49,20.317916666666665,20.15,0.5858965732686114,916250.0,916250.0,916250.0,917500.0,916280.153508772,916250.0,
