power,time,task,howmany,island,frequency,time_rel
3057185.0,,gzip-1,0,cpu,1300000,
3587025.025025025,3.224,gzip-1,1,cpu,1300000,0.4628194085558427
4087745.970941884,3.604,gzip-1,2,cpu,1300000,0.5173700832615562
4611542.542542542,5.8566666666666665,gzip-1,3,cpu,1300000,0.8407503110345488
5204473.8955823295,3.482,gzip-1,4,cpu,1300000,0.4998564455928798
