power,time,task,howmany,island,frequency,time_rel
3057185.0,,decrypt,0,cpu,1300000,
3501013.013013013,3.366,decrypt,1,cpu,1300000,0.461601755348327
3963003.003006012,3.367,decrypt,2,cpu,1300000,0.4617388919363686
4461030.060120241,3.3719999999999994,decrypt,3,cpu,1300000,0.462424574876577
5035506.085192698,3.3765,decrypt,4,cpu,1300000,0.4630416895227647
