power,time,task,howmany,island,frequency,time_rel
3057185.0,,encrypt,0,cpu,1300000,
3498623.6236236235,3.374,encrypt,1,cpu,1300000,0.4628257887517147
3956687.684684685,3.371,encrypt,2,cpu,1300000,0.4624142661179699
4449061.0,3.37,encrypt,3,cpu,1300000,0.4622770919067216
5019075.1269035535,3.371,encrypt,4,cpu,1300000,0.4624142661179699
