power,time,task,howmany,island,frequency,time_rel
3057185.0,,idle,0,cpu,1300000,
3057185.0,2.0,idle,1,cpu,1300000,1.0
3055102.1021021022,2.0,idle,2,cpu,1300000,1.0
3056540.6218655966,2.0,idle,3,cpu,1300000,1.0
3063429.4294294296,2.0,idle,4,cpu,1300000,1.0
