howmany,island,task,frequency,power_25%,power_50%,power_75%,power_max,power_mean,power_min,time_25%,time_50%,time_75%,time_max,time_mean,time_min,time_rel,time
0,cpu,hash,1300000,3053000.0,3053000.0,3057000.0,3271000.0,3057185.0,3045000.0,2.0,2.0,2.0,2.0,2.0,2.0,,
1,cpu,hash,1300000,3584000.0,3584000.0,3587000.0,3687000.0,3581019.0,3053000.0,2.26,2.26,2.26,2.28,2.262,2.25,0.4673553719008265,
2,cpu,hash,1300000,4110000.0,4114000.0,4118000.0,4255000.0,4104526.4994994993,3045000.0,2.26,2.27,2.27,2.27,2.266,2.26,0.4681818181818182,
3,cpu,hash,1300000,4679000.0,4683000.0,4690000.0,4736000.0,4670176.0,3053000.0,2.27,2.27,2.28,2.29,2.274666666666667,2.26,0.4699724517906337,
4,cpu,hash,1300000,5305000.0,5316000.0,5332000.0,5347000.0,5317125.376128385,5267000.0,2.27,2.28,2.29,2.3,2.2795,2.26,0.4709710743801653,
