power,time,task,howmany,island,frequency,time_rel
3057185.0,,hash,0,cpu,1300000,
3581019.0,2.262,hash,1,cpu,1300000,0.4673553719008265
4104526.4994994993,2.266,hash,2,cpu,1300000,0.4681818181818182
4670176.0,2.274666666666667,hash,3,cpu,1300000,0.4699724517906337
5317125.376128385,2.2795,hash,4,cpu,1300000,0.4709710743801653
