power,island,task,time,howmany,frequency,time_rel
1601582.0,cpu,idle,2.00443045188,3,299999,0.9999590089185668
1602942.0,cpu,idle,2.003377053,3,399999,0.9994334952001672
1611707.0,cpu,idle,2.003670881905333,3,599999,0.9995800789146048
1622822.0,cpu,idle,2.0013826006933337,3,1199999,0.9984385140323054
