howmany,island,task,frequency,power_25%,power_50%,power_75%,power_max,power_mean,power_min,time_25%,time_50%,time_75%,time_max,time_mean,time_min,time_rel
3,cpu,decrypt,299999,1710000.0,1723000.0,1723000.0,1748000.0,1720322.0,1635000.0,15.1039181895,15.1064722562,16.13881207,16.1886931087,15.51640596818,15.101076649,0.9622272024396666
3,cpu,decrypt,399999,1748000.0,1760000.0,1760000.0,1773000.0,1754619.0,1648000.0,12.005258257,12.012567382,12.099058654,12.116826459,11.98127721046,11.1000956619,0.7430013674247349
3,cpu,decrypt,599999,1823000.0,1823000.0,1835000.0,1873000.0,1826286.0,1623000.0,7.1145594767,7.9711427695,8.06569889975,8.1950610727,7.679055819946665,7.1084442349,0.4762054056949899
3,cpu,decrypt,1199999,2060000.0,2060000.0,2073000.0,2111000.0,2063997.0,1610000.0,3.1067936064,3.1077384304,3.10809201765,4.1847680472,3.325066271530667,3.1053198757,0.2061991174336829
