howmany,island,task,frequency,power_25%,power_50%,power_75%,power_max,power_mean,power_min,time_25%,time_50%,time_75%,time_max,time_mean,time_min,time_rel
3,cpu,cacherate-40,299999,2111000.0,2136000.0,2136000.0,2148000.0,2091706.2937062937,1698000.0,4.1412921582,4.14514316095,4.5595030232500005,4.621562323,4.308823483621667,4.1371383992,1.0168992268041157
3,cpu,cacherate-40,399999,2198000.0,2223000.0,2235000.0,2273000.0,2182834.0,1698000.0,3.11540592095,3.1197870062,3.1251120637,3.88030572,3.243672220848,3.1110898762,0.7655193548596854
3,cpu,cacherate-40,599999,2248000.0,2279000.0,2298000.0,2336000.0,2256925.0,1810000.0,3.13991112245,3.1480103082,3.552392455,3.704246948,3.3258569393200004,3.130253906,0.784915270470284
3,cpu,cacherate-40,1199999,2386000.0,2411000.0,2435000.0,2473000.0,2405788.0,2010000.0,3.1533117329,3.405100469,3.475632796,3.603055607,3.342079069692,3.1407436271,0.7887437568065441
