power,island,task,time,howmany,frequency,time_rel
1721634.0,cpu,hash,11.252010035786666,3,299999,0.9983105215613036
1756736.0,cpu,hash,8.337827304966664,3,399999,0.7397558924170838
1828934.0,cpu,hash,5.320565050242222,3,599999,0.472055753009005
2047690.0,cpu,hash,2.20153447409902,3,1199999,0.195326436972852
