power,island,task,time,howmany,frequency,time_rel
1951612.0,cpu,cacherate-20,9.130433663903334,3,299999,1.1269190127501731
2050062.937062937,cpu,cacherate-20,6.209710953449999,3,399999,0.7664303355919871
2240538.0,cpu,cacherate-20,4.283614147176667,3,599999,0.5287028418839966
2504256.0,cpu,cacherate-20,3.296434430269333,3,1199999,0.4068607002141761
