power,island,task,time,howmany,frequency,time_rel
1720322.0,cpu,decrypt,15.51640596818,3,299999,0.9622272024396666
1754619.0,cpu,decrypt,11.98127721046,3,399999,0.7430013674247349
1826286.0,cpu,decrypt,7.679055819946665,3,599999,0.4762054056949899
2063997.0,cpu,decrypt,3.325066271530667,3,1199999,0.2061991174336829
