power,island,task,time,howmany,frequency,time_rel
1725188.0,cpu,gzip-5,20.219025951826666,3,299999,1.0017064892790566
1768473.0,cpu,gzip-5,15.20162254876,3,399999,0.7531304421362596
1856729.0,cpu,gzip-5,10.088003941866669,3,599999,0.4997876275799329
2109559.0,cpu,gzip-5,5.064454292173334,3,1199999,0.2509070783733217
