power,island,task,time,howmany,frequency,time_rel
1721114.0,cpu,cacherate-0,11.295602254066663,3,299999,1.0025585415287177
1757727.0,cpu,cacherate-0,8.188455121736666,3,399999,0.7267789215281641
1839503.0,cpu,cacherate-0,5.197124262202221,3,599999,0.4612787528510138
2074366.0,cpu,cacherate-0,2.1058481490488887,3,1199999,0.1869077895542322
