power,island,task,time,howmany,frequency,time_rel
2069398.6013986007,cpu,cacherate-60,3.194849488245333,3,299999,1.0490448006616129
2157994.0,cpu,cacherate-60,3.289088220981608,3,399999,1.0799885596592314
2215162.0,cpu,cacherate-60,3.2250364370022218,3,599999,1.0589568361918515
2368910.0,cpu,cacherate-60,3.111377455987778,3,1199999,1.0216363415894016
