power,island,task,time,howmany,frequency,time_rel
1725187.0,cpu,gzip-1,19.18796490071333,3,299999,1.004180464117134
1771565.0,cpu,gzip-1,14.45050570206,3,399999,0.7562508894355151
1859301.0,cpu,gzip-1,9.343551502733336,3,599999,0.4889842113567916
2111912.0,cpu,gzip-1,4.291089013809999,3,1199999,0.2245692953761588
