power,island,task,time,howmany,frequency,time_rel
2059483.5164835164,cpu,cacherate-80,3.317688691932,3,299999,1.4268771330961367
2140582.0,cpu,cacherate-80,3.149797634844444,3,399999,1.3546702648652094
2204562.0,cpu,cacherate-80,2.461989258097778,3,599999,1.0588564812759242
2359299.0,cpu,cacherate-80,2.1974313958631577,3,1199999,0.9450749908903536
