power,island,task,time,howmany,frequency,time_rel
2091706.2937062937,cpu,cacherate-40,4.308823483621667,3,299999,1.0168992268041157
2182834.0,cpu,cacherate-40,3.243672220848,3,399999,0.7655193548596854
2256925.0,cpu,cacherate-40,3.3258569393200004,3,599999,0.784915270470284
2405788.0,cpu,cacherate-40,3.342079069692,3,1199999,0.7887437568065441
