howmany,island,task,frequency,power_25%,power_50%,power_75%,power_max,power_mean,power_min,time_25%,time_50%,time_75%,time_max,time_mean,time_min,time_rel
3,cpu,gzip-5,299999,1723000.0,1723000.0,1735000.0,1760000.0,1725188.0,1710000.0,20.16150144415,20.168391569,20.197115826,20.454629369,20.219025951826666,20.1371689,1.0017064892790566
3,cpu,gzip-5,399999,1760000.0,1773000.0,1773000.0,1823000.0,1768473.0,1748000.0,15.1702272384,15.182031066,15.200556327,15.364233851,15.20162254876,15.104223252,0.7531304421362596
3,cpu,gzip-5,599999,1848000.0,1860000.0,1860000.0,1936000.0,1856729.0,1835000.0,10.0629322755,10.077802266,10.115554243,10.154451485,10.088003941866669,10.042257164,0.4997876275799329
3,cpu,gzip-5,1199999,2098000.0,2110000.0,2123000.0,2261000.0,2109559.0,1610000.0,5.04157221,5.052864809,5.068087649,5.1963714428,5.064454292173334,5.036304053,0.2509070783733217
