howmany,island,task,frequency,power_25%,power_50%,power_75%,power_max,power_mean,power_min,time_25%,time_50%,time_75%,time_max,time_mean,time_min,time_rel
3,cpu,cacherate-20,299999,1948000.0,1961000.0,1973000.0,1986000.0,1951612.0,1748000.0,9.073621421,9.102752867,9.192281675575,9.212840461,9.130433663903334,9.063085828,1.1269190127501731
3,cpu,cacherate-20,399999,2048000.0,2060000.0,2073000.0,2085000.0,2050062.937062937,1811000.0,6.1072808084,6.112282743250001,6.114662923,6.857114454,6.209710953449999,6.1044798825,0.7664303355919871
3,cpu,cacherate-20,599999,2248000.0,2261000.0,2273000.0,2286000.0,2240538.0,1960000.0,4.12213931325,4.12409357525,4.277774737350001,4.804606783,4.283614147176667,4.1179528032,0.5287028418839966
3,cpu,cacherate-20,1199999,2485000.0,2511000.0,2536000.0,2586000.0,2504256.0,2273000.0,3.1069488549,3.1164510878,3.12170520735,4.1975419535,3.296434430269333,3.1003930594,0.4068607002141761
