power,island,task,time,howmany,frequency,time_rel
2054924.075924076,cpu,cachekiller,3.239729169052,3,299999,1.390359094277094
2133124.0,cpu,cachekiller,3.2717950519137937,3,399999,1.40412045812158
2194453.0,cpu,cachekiller,3.157096668858889,3,599999,1.3548966089484316
2348953.0,cpu,cachekiller,2.8524369326677776,3,1199999,1.2241491258193649
