power,island,task,time,howmany,frequency,time_rel
1725081.0,cpu,gzip-9,20.22720167577334,3,299999,1.001878511928728
1765604.0,cpu,gzip-9,15.144367865186666,3,399999,0.7501194176081882
1856071.0,cpu,gzip-9,10.089753852133333,3,599999,0.4997580850350627
2110060.0,cpu,gzip-9,5.0538721932,3,1199999,0.2503245893111217
