power,island,task,time,howmany,frequency,time_rel
2055542.4575424576,cpu,cacherate-100,3.340493842286666,3,299999,1.4460298559280016
2131404.0,cpu,cacherate-100,3.039296352843333,3,399999,1.3156477678809604
2200044.0,cpu,cacherate-100,2.201900106729348,3,599999,0.9531564626151624
2352268.0,cpu,cacherate-100,2.243993711946666,3,1199999,0.9713779031451116
