power,time,task,howmany,island,frequency,time_rel
2857842.9648241205,2.0,idle,4,cpu,600000,1.0
2902118.75,2.0,idle,4,cpu,700000,1.0
2929143.143143143,2.0,idle,4,cpu,800000,1.0
2955460.575719649,2.0,idle,4,cpu,900000,1.0
2981814.7684605755,2.0,idle,4,cpu,1000000,1.0
3007803.504380476,2.0,idle,4,cpu,1100000,1.0
3035930.0,2.0,idle,4,cpu,1200000,1.0
3063429.4294294296,2.0,idle,4,cpu,1300000,1.0
3087684.6846846845,2.0,idle,4,cpu,1400000,1.0
3112536.6666666665,2.0,idle,4,cpu,1500000,1.0
