howmany,island,task,frequency,power_25%,power_50%,power_75%,power_max,power_mean,power_min,time_25%,time_50%,time_75%,time_max,time_mean,time_min,time_rel,time
0,cpu,cacherate-80,399999,1610000.0,1623000.0,1623000.0,1660000.0,1618454.0,1585000.0,2.0034120385,2.0034619955,2.0035211985,2.003916436,2.00348368042,2.003342978,,
1,cpu,cacherate-80,399999,1860000.0,1860000.0,1873000.0,1886000.0,1839538.0,1648000.0,2.151933175375,2.476040829,2.482072044,2.48735906,2.3251397159425,2.1515310456,1.0,
2,cpu,cacherate-80,399999,2048000.0,2060000.0,2073000.0,2098000.0,2019486.0,1686000.0,2.1286404965,2.13013831615,2.6910300005,2.726901824,2.3099359802728565,2.1270931829,0.9934611517899772,
3,cpu,cacherate-80,399999,2148000.0,2173000.0,2198000.0,2236000.0,2140582.0,1698000.0,3.123559347,3.1543677055,3.1795314063,3.208700364,3.149797634844444,3.089625596,1.3546702648652094,
4,cpu,cacherate-80,399999,2173000.0,2186000.0,2198000.0,2236000.0,2170061.92893401,1848000.0,4.0245104327500005,4.0718137645,4.1520326916500006,4.51194118,4.017075697766667,3.1001356596,1.7276706729592537,
