howmany,island,task,frequency,power_25%,power_50%,power_75%,power_max,power_mean,power_min,time_25%,time_50%,time_75%,time_max,time_mean,time_min,time_rel,time
0,cpu,idle,399999,1610000.0,1623000.0,1623000.0,1660000.0,1618454.0,1585000.0,2.0034120385,2.0034619955,2.0035211985,2.003916436,2.00348368042,2.003342978,,
1,cpu,idle,399999,1610000.0,1623000.0,1623000.0,1660000.0,1618454.0,1585000.0,2.0034120385,2.0034619955,2.0035211985,2.003916436,2.00348368042,2.003342978,0.9994866888887418,
2,cpu,idle,399999,1610000.0,1623000.0,1623000.0,1660000.0,1616637.0,1585000.0,2.00328327025,2.003445729,2.00351732625,2.1996483384,2.005381127784,2.003204625,1.0004332767754909,
3,cpu,idle,399999,1598000.0,1598000.0,1610000.0,1648000.0,1602942.0,1585000.0,2.0032334945,2.003310055,2.003531847,2.003867661,2.003377053,2.003130988,0.9994334952001672,
4,cpu,idle,399999,1598000.0,1598000.0,1610000.0,1686000.0,1603172.0,1585000.0,2.00326677275,2.0033229115,2.003514055,2.006156169,2.003420447535,2.003139238,0.9994551436221268,
