howmany,island,task,frequency,power_25%,power_50%,power_75%,power_max,power_mean,power_min,time_25%,time_50%,time_75%,time_max,time_mean,time_min,time_rel,time
0,cpu,encrypt,1200000,3026000.0,3026000.0,3030000.0,3255000.0,3031055.165496489,3019000.0,2.0,2.0,2.0,2.0,2.0,2.0,,
1,cpu,encrypt,1200000,3431000.0,3435000.0,3438000.0,3545000.0,3433478.0,3022000.0,3.64,3.64,3.65,3.68,3.65,3.64,0.5006858710562415,
2,cpu,encrypt,1200000,3855000.0,3858000.0,3862000.0,3900000.0,3853842.685370741,3022000.0,3.64,3.64,3.65,3.67,3.648,3.64,0.5004115226337449,
3,cpu,encrypt,1200000,4301000.0,4309000.0,4313000.0,4442000.0,4300589.0,3022000.0,3.64,3.64,3.65,3.67,3.646,3.63,0.5001371742112484,
4,cpu,encrypt,1200000,4809000.0,4816000.0,4820000.0,4855000.0,4816120.812182741,4793000.0,3.6375,3.645,3.65,3.69,3.6485,3.63,0.5004801097393691,
