howmany,island,task,frequency,power_25%,power_50%,power_75%,power_max,power_mean,power_min,time_25%,time_50%,time_75%,time_max,time_mean,time_min,time_rel,time
0,cpu,hash,1200000,3026000.0,3026000.0,3030000.0,3255000.0,3031055.165496489,3019000.0,2.0,2.0,2.0,2.0,2.0,2.0,,
1,cpu,hash,1200000,3511000.0,3515000.0,3519000.0,3648000.0,3510548.0,3022000.0,2.45,2.45,2.45,2.47,2.4520000000000004,2.44,0.506611570247934,
2,cpu,hash,1200000,3996000.0,4000000.0,4000000.0,4057000.0,3990707.365731463,3022000.0,2.4425,2.45,2.45,2.45,2.4470000000000005,2.44,0.5055785123966944,
3,cpu,hash,1200000,4507000.0,4515000.0,4522000.0,4637000.0,4498847.847847848,3022000.0,2.45,2.45,2.465,2.47,2.4566666666666674,2.44,0.5075757575757578,
4,cpu,hash,1200000,5076000.0,5084000.0,5091000.0,5103000.0,5082590.361445783,5045000.0,2.45,2.45,2.46,2.47,2.455,2.44,0.5072314049586777,
