howmany,island,task,frequency,power_25%,power_50%,power_75%,power_max,power_mean,power_min,time_25%,time_50%,time_75%,time_max,time_mean,time_min,time_rel,time
0,cpu,idle,1200000,3026000.0,3026000.0,3030000.0,3255000.0,3031055.165496489,3019000.0,2.0,2.0,2.0,2.0,2.0,2.0,,
1,cpu,idle,1200000,3026000.0,3026000.0,3030000.0,3255000.0,3031055.165496489,3019000.0,2.0,2.0,2.0,2.0,2.0,2.0,1.0,
2,cpu,idle,1200000,3022000.0,3024000.0,3026000.0,3209000.0,3028130.0,3015000.0,2.0,2.0,2.0,2.0,2.0,2.0,1.0,
3,cpu,idle,1200000,3022000.0,3026000.0,3026000.0,3232000.0,3028745.745745746,3019000.0,2.0,2.0,2.0,2.0,2.0,2.0,1.0,
4,cpu,idle,1200000,3026000.0,3030000.0,3034000.0,3274000.0,3035930.0,3022000.0,2.0,2.0,2.0,2.0,2.0,2.0,1.0,
