frequency,power,task,island,voltage,time,howmany,time_rel
1100000,110361.93421052632,gzip-5,big,1002491.7763157894,,0,
1100000,718600.0350877193,gzip-5,big,988854.1666666666,4.013333333333333,1,0.1157302830778103
1100000,1223751.6973684211,gzip-5,big,991324.0131578948,4.041666666666667,2,0.1165473158071802
1100000,1713193.4978070175,gzip-5,big,993752.7412280702,4.0744444444444445,3,0.1174925105333141
1100000,2196062.6447368423,gzip-5,big,996329.495614035,4.119583333333334,4,0.1187941558129475
