frequency,power,task,island,voltage,time,howmany,time_rel
1100000,110361.93421052632,cacherate-80,big,1002491.7763157894,,0,
1100000,489109.1535087719,cacherate-80,big,988251.096491228,1.9883333333333333,1,0.3255115961800818
1100000,742886.7368421053,cacherate-80,big,989446.2719298246,2.8016666666666663,2,0.458663028649386
1100000,941668.9561403508,cacherate-80,big,989947.9166666666,3.638888888888889,3,0.595725329695316
1100000,1110486.0153508773,cacherate-80,big,991082.7850877192,4.670833333333333,4,0.7646657571623465
