frequency,power,task,island,voltage,time,howmany,time_rel
1100000,110361.93421052632,gzip-1,big,1002491.7763157894,,0,
1100000,704668.2609649122,gzip-1,big,988878.8377192982,3.8533333333333335,1,0.1214285714285714
1100000,1202714.2280701755,gzip-1,big,991211.6228070176,3.880833333333334,2,0.1222951680672269
1100000,1684817.548245614,gzip-1,big,993615.6798245612,3.926111111111111,3,0.1237219887955182
1100000,2159512.956140351,gzip-1,big,996236.2938596492,3.965,4,0.1249474789915966
