howmany,island,task,frequency,power_25%,power_50%,power_75%,power_max,power_mean,power_min,time_25%,time_50%,time_75%,time_max,time_mean,time_min,time_rel,voltage_25%,voltage_50%,voltage_75%,voltage_max,voltage_mean,voltage_min,time
0,big,hash,1100000,107214.0,108216.0,110220.0,160320.0,110361.93421052632,104208.0,2.0,2.0,2.0,2.0,2.0,2.0,,1002500.0,1002500.0,1002500.0,1002500.0,1002491.7763157894,1001250.0,
1,big,hash,1100000,677768.0,681720.0,685672.0,697528.0,677199.1578947369,294115.0,3.87,3.87,3.8775,3.9,3.876666666666667,3.87,0.1030206395606342,988750.0,988750.0,988750.0,997500.0,988865.1315789474,988750.0,
2,big,hash,1100000,1155506.0,1160461.0,1164425.0,1283648.0,1155219.5811403508,184000.0,3.9675,3.97,3.98,3.98,3.964166666666666,3.92,0.1053459119496855,991250.0,991250.0,991250.0,1000000.0,991140.350877193,990000.0,
3,big,hash,1100000,1614976.0,1619936.0,1625888.0,1641429.0,1613347.504385965,371256.0,3.9425,3.96,4.0075,4.03,3.9766666666666666,3.92,0.1056780937195499,992500.0,993750.0,993750.0,998750.0,993171.600877193,991250.0,
4,big,hash,1100000,2071680.0,2076660.0,2082636.0,2104548.0,2072569.254385965,1463682.0,3.9875,4.0,4.035,4.06,4.01,3.95,0.1065639117725219,995000.0,996250.0,996250.0,996250.0,995852.5219298246,992500.0,
