frequency,power,task,island,voltage,time,howmany,time_rel
1100000,110361.93421052632,cachekiller,big,1002491.7763157894,,0,
1100000,486400.475877193,cachekiller,big,987987.9385964912,2.18,1,0.348057477381586
1100000,732954.350877193,cachekiller,big,989092.653508772,2.965833333333333,2,0.4735231506120276
1100000,932683.9298245612,cachekiller,big,990021.9298245612,3.8327777777777774,3,0.6119389746318964
1100000,1102827.195175439,cachekiller,big,991184.2105263158,4.94125,4,0.788916977115487
