howmany,island,task,frequency,power_25%,power_50%,power_75%,power_max,power_mean,power_min,time_25%,time_50%,time_75%,time_max,time_mean,time_min,time_rel,voltage_25%,voltage_50%,voltage_75%,voltage_max,voltage_mean,voltage_min,time
0,big,encrypt,1100000,107214.0,108216.0,110220.0,160320.0,110361.93421052632,104208.0,2.0,2.0,2.0,2.0,2.0,2.0,,1002500.0,1002500.0,1002500.0,1002500.0,1002491.7763157894,1001250.0,
1,big,encrypt,1100000,575421.0,577395.0,579956.0,620823.0,575006.3333333334,118118.0,3.88,3.885,3.89,3.92,3.89,3.88,0.10936694625369,987500.0,988750.0,988750.0,1002500.0,988538.9254385964,987500.0,
2,big,encrypt,1100000,1049400.0,1054350.0,1061361.0,1210011.0,1053137.214912281,289000.0,3.9,3.9,3.9,3.95,3.9066666666666654,3.89,0.1098355278571762,990000.0,990000.0,991250.0,1000000.0,990391.995614035,990000.0,
3,big,encrypt,1100000,1523712.0,1527680.0,1535616.0,1552480.0,1524654.5394736845,527880.0,3.9,3.9,3.91,3.95,3.9083333333333337,3.89,0.1098823860175249,992500.0,992500.0,992500.0,996250.0,992513.7061403508,992500.0,
4,big,encrypt,1100000,1998955.0,2004925.0,2010895.0,2031840.0,1999833.1557017544,1517304.0,3.9,3.905,3.92,3.97,3.91375,3.89,0.1100346750386579,995000.0,995000.0,995000.0,996250.0,995290.5701754388,993750.0,
