frequency,power,task,island,voltage,time,howmany,time_rel
1100000,110361.93421052632,cacherate-100,big,1002491.7763157894,,0,
1100000,487748.2587719298,cacherate-100,big,987935.855263158,1.99,1,0.347699475829936
1100000,737089.177631579,cacherate-100,big,989827.302631579,2.6941666666666664,2,0.4707338380896913
1100000,937211.3355263158,cacherate-100,big,990005.4824561405,3.489444444444445,3,0.6096874393321686
1100000,1109503.125,cacherate-100,big,991228.0701754388,4.482916666666667,4,0.7832702387885849
