frequency,power,task,island,voltage,time,howmany,time_rel
1100000,110361.93421052632,cacherate-0,big,1002491.7763157894,,0,
1100000,385871.7368421053,cacherate-0,big,987543.8596491228,3.621666666666668,1,0.1458389261744967
1100000,672183.4210526316,cacherate-0,big,988771.9298245612,3.629166666666668,2,0.1461409395973155
1100000,952412.850877193,cacherate-0,big,990038.3771929824,3.631666666666667,3,0.146241610738255
1100000,1238886.11622807,cacherate-0,big,991214.3640350878,3.64,4,0.1465771812080537
