frequency,power,task,island,voltage,time,howmany,time_rel
1400000,161186.93640350876,hash,big,1077365.679824561,,0,
1400000,1007159.1710526316,hash,big,1065131.5789473683,3.0716666666666668,1,0.0816281335813623
1400000,1708545.471491228,hash,big,1068736.2938596492,3.1666666666666665,2,0.0841527150323323
1400000,2408671.5416666665,hash,big,1072171.0526315789,3.163888888888889,3,0.0840788968612513
1400000,3076889.5701754387,hash,big,1074742.3245614036,3.18375,4,0.0846066967844804
