frequency,power,task,island,voltage,time,howmany,time_rel
1400000,161186.93640350876,cacherate-100,big,1077365.679824561,,0,
1400000,702831.6995614035,cacherate-100,big,1064046.0526315789,1.9416666666666664,1,0.3392545136866627
1400000,1052040.230263158,cacherate-100,big,1065548.245614035,2.68,2,0.4682585905649389
1400000,1349092.846491228,cacherate-100,big,1067324.5614035088,3.438888888888888,3,0.6008542030673655
1400000,1608785.25877193,cacherate-100,big,1068001.644736842,4.415416666666666,4,0.7714764123471171
