frequency,power,task,island,voltage,time,howmany,time_rel
1400000,161186.93640350876,gzip-1,big,1077365.679824561,,0,
1400000,1056582.4385964912,gzip-1,big,1065389.254385965,3.036666666666666,1,0.0956932773109243
1400000,1775828.5065789474,gzip-1,big,1068675.9868421052,3.0691666666666664,2,0.0967174369747899
1400000,2520094.1754385964,gzip-1,big,1072439.6929824562,3.092222222222222,3,0.0974439775910364
1400000,3165609.333333333,gzip-1,big,1075142.5438596492,3.1337500000000005,4,0.0987526260504201
