frequency,power,task,island,voltage,time,howmany,time_rel
1400000,161186.93640350876,encrypt,big,1077365.679824561,,0,
1400000,858518.2675438597,encrypt,big,1064994.5175438595,3.068333333333334,1,0.0862658732018181
1400000,1571059.5175438595,encrypt,big,1067911.1842105263,3.090833333333333,2,0.0868984583665245
1400000,2275330.51754386,encrypt,big,1071181.4692982456,3.082222222222222,3,0.0866563578713899
1400000,3004174.4166666665,encrypt,big,1074934.2105263155,3.09125,4,0.0869101729066116
