howmany,island,task,frequency,power_25%,power_50%,power_75%,power_max,power_mean,power_min,time_25%,time_50%,time_75%,time_max,time_mean,time_min,time_rel,voltage_25%,voltage_50%,voltage_75%,voltage_max,voltage_mean,voltage_min,time
0,big,hash,1400000,156165.0,158319.0,160473.0,485616.0,161186.93640350876,150780.0,2.0,2.0,2.0,2.0,2.0,2.0,,1077500.0,1077500.0,1077500.0,1077500.0,1077365.679824561,1072500.0,
1,big,hash,1400000,1006425.0,1012815.0,1018140.0,1033050.0,1007159.1710526316,271975.0,3.07,3.07,3.07,3.09,3.0716666666666668,3.06,0.0816281335813623,1065000.0,1065000.0,1065000.0,1075000.0,1065131.5789473683,1065000.0,
2,big,hash,1400000,1709868.0,1718412.0,1724820.0,1885340.0,1708545.471491228,172160.0,3.16,3.17,3.17,3.18,3.1666666666666665,3.15,0.0841527150323323,1068750.0,1068750.0,1068750.0,1076250.0,1068736.2938596492,1067500.0,
3,big,hash,1400000,2404496.0,2413553.0,2424060.0,2445232.0,2408671.5416666665,1606500.0,3.11,3.19,3.21,3.22,3.163888888888889,3.11,0.0840788968612513,1071250.0,1072500.0,1072500.0,1072500.0,1072171.0526315789,1070000.0,
4,big,hash,1400000,3076112.0,3086325.0,3097075.0,3134700.0,3076889.5701754387,1344105.0,3.1475,3.16,3.24,3.25,3.18375,3.1,0.0846066967844804,1075000.0,1075000.0,1075000.0,1075000.0,1074742.3245614036,1071250.0,
