frequency,power,task,island,voltage,time,howmany,time_rel
1400000,161186.93640350876,idle,big,1077365.679824561,,0,
1400000,161186.93640350876,idle,big,1077365.679824561,2.0,1,0.9950248756218908
1400000,163934.99342105264,idle,big,1077302.6315789474,2.0,2,0.9950248756218908
1400000,162754.21929824562,idle,big,1077319.0789473683,2.0,3,0.9950248756218908
1400000,165873.1096491228,idle,big,1076562.5,2.0,4,0.9950248756218908
