frequency,power,task,island,voltage,time,howmany,time_rel
1400000,161186.93640350876,gzip-9,big,1077365.679824561,,0,
1400000,1067551.9583333333,gzip-9,big,1065858.004385965,3.1633333333333336,1,0.0912719403702813
1400000,1818760.8311403508,gzip-9,big,1068826.754385965,3.194166666666668,2,0.0921615773022361
1400000,2565631.3421052634,gzip-9,big,1072675.4385964912,3.219444444444444,3,0.0928909192914963
1400000,3271058.8815789474,gzip-9,big,1076145.8333333333,3.2529166666666662,4,0.093856696321231
