howmany,island,task,frequency,power_25%,power_50%,power_75%,power_max,power_mean,power_min,time_25%,time_50%,time_75%,time_max,time_mean,time_min,time_rel,voltage_25%,voltage_50%,voltage_75%,voltage_max,voltage_mean,voltage_min,time
0,little,cacherate-80,700000,26757.0,26757.0,26784.0,32703.0,27034.129385964912,26757.0,2.0,2.0,2.0,2.0,2.0,2.0,,991250.0,991250.0,992500.0,992500.0,991600.8771929824,991250.0,
1,little,cacherate-80,700000,54505.0,54505.0,54505.0,57536.0,54275.6600877193,27748.0,3.4025,3.425,3.44,3.44,3.4133333333333336,3.35,0.558799454297408,991250.0,991250.0,991250.0,992500.0,991324.0131578948,991250.0,
2,little,cacherate-80,700000,77298.0,77298.0,78289.0,84235.0,77567.24780701754,27776.0,3.6575,3.67,3.69,3.7,3.6575,3.56,0.5987721691678036,991250.0,991250.0,991250.0,992500.0,991178.7280701754,990000.0,
3,little,cacherate-80,700000,99990.0,100091.0,100091.0,108019.0,100095.05921052632,34720.0,3.93,4.03,4.09,4.1,4.014444444444445,3.92,0.6572078217371533,990000.0,990000.0,991250.0,992500.0,990605.8114035088,990000.0,
4,little,cacherate-80,700000,121770.0,121770.0,122760.0,130680.0,121939.18859649122,40631.0,4.52,4.54,4.5725,4.59,4.525416666666667,4.39,0.7408594815825376,990000.0,990000.0,990000.0,991250.0,990178.1798245612,990000.0,
