howmany,island,task,frequency,power_25%,power_50%,power_75%,power_max,power_mean,power_min,time_25%,time_50%,time_75%,time_max,time_mean,time_min,time_rel,time
0,cpu,gzip-5,599999,1610000.0,1623000.0,1623000.0,1698000.0,1621317.0,1610000.0,2.002390338,2.0024247115,2.00245350225,2.00255905,2.0024260436000003,2.002320396,,
1,cpu,gzip-5,599999,1698000.0,1698000.0,1710000.0,1786000.0,1703125.0,1685000.0,9.101480799475,10.0027173785,10.0073288065,10.017970328,9.64558203071,9.1002369985,0.47786882197274,
2,cpu,gzip-5,599999,1773000.0,1785000.0,1785000.0,1861000.0,1780953.0,1760000.0,9.329372125225,10.014280169,10.06034974175,10.1645992477,9.784886617207144,9.1007747502,0.4847703566269313,
3,cpu,gzip-5,599999,1848000.0,1860000.0,1860000.0,1936000.0,1856729.0,1835000.0,10.0629322755,10.077802266,10.115554243,10.154451485,10.088003941866669,10.042257164,0.4997876275799329,
4,cpu,gzip-5,599999,1936000.0,1936000.0,1936000.0,1960000.0,1938563.38028169,1923000.0,10.15024198615,10.1644841982,10.2428615585,10.47718,10.20372986712564,10.1006124752,0.5055210101170508,
