howmany,island,task,frequency,power_25%,power_50%,power_75%,power_max,power_mean,power_min,time_25%,time_50%,time_75%,time_max,time_mean,time_min,time_rel,time
0,cpu,decrypt,599999,1610000.0,1623000.0,1623000.0,1698000.0,1621317.0,1610000.0,2.002390338,2.0024247115,2.00245350225,2.00255905,2.0024260436000003,2.002320396,,
1,cpu,decrypt,599999,1685000.0,1698000.0,1698000.0,1710000.0,1695606.0,1673000.0,7.3082447522,7.992077711,8.0897553205,8.1920437213,7.777913084210001,7.1104077341,0.4823358942261627,
2,cpu,decrypt,599999,1748000.0,1760000.0,1773000.0,1786000.0,1758291.0,1623000.0,7.113216908125,7.57721799535,8.0580159065,8.10421543,7.590871335940001,7.109206045,0.4707367740080947,
3,cpu,decrypt,599999,1823000.0,1823000.0,1835000.0,1873000.0,1826286.0,1623000.0,7.1145594767,7.9711427695,8.06569889975,8.1950610727,7.679055819946665,7.1084442349,0.4762054056949899,
4,cpu,decrypt,599999,1898000.0,1898000.0,1898000.0,1985000.0,1897750.0,1660000.0,7.113733833,8.058574395499999,8.136407147625,8.41196221,7.7623810499824994,7.107513718,0.4813726978600986,
