howmany,island,task,frequency,power_25%,power_50%,power_75%,power_max,power_mean,power_min,time_25%,time_50%,time_75%,time_max,time_mean,time_min,time_rel,time
0,cpu,encrypt,599999,1610000.0,1623000.0,1623000.0,1698000.0,1621317.0,1610000.0,2.002390338,2.0024247115,2.00245350225,2.00255905,2.0024260436000003,2.002320396,,
1,cpu,encrypt,599999,1685000.0,1698000.0,1698000.0,1710000.0,1692255.0,1673000.0,7.112910534725,7.58362608925,8.06124126725,8.071158547,7.58723480987,7.1118925665,0.4725628516230717,
2,cpu,encrypt,599999,1748000.0,1760000.0,1773000.0,1798000.0,1758283.0,1623000.0,7.1167594506,7.941577435499999,8.04191157575,8.079104181,7.654578558014999,7.1125405543,0.4767572853607739,
3,cpu,encrypt,599999,1810000.0,1823000.0,1835000.0,1860000.0,1824115.0,1610000.0,7.117102664075,7.56860548645,8.045766638,8.07739094,7.58236457452,7.1127819644,0.4722595141934619,
4,cpu,encrypt,599999,1898000.0,1898000.0,1898000.0,1961000.0,1896860.0,1660000.0,7.117400358275001,8.042427317,8.1174989555,8.38834233,7.7508579697275,7.111566476,0.4827539461326619,
