frequency,power,task,island,voltage,time,howmany,time_rel
900000,39642.149122807015,cacherate-40,little,1066219.846491228,,0,
900000,83423.0899122807,cacherate-40,little,1065233.004385965,4.043333333333333,1,0.5003093421323984
900000,118981.37280701754,cacherate-40,little,1065005.4824561405,4.350833333333333,2,0.5383584244174056
900000,157247.15789473685,cacherate-40,little,1063862.3903508773,4.815555555555555,3,0.5958616896954698
900000,192321.92324561405,cacherate-40,little,1063766.4473684211,5.315833333333333,4,0.6577644875232006
