frequency,power,task,island,voltage,time,howmany,time_rel
900000,39642.149122807015,cachekiller,little,1066219.846491228,,0,
900000,74618.29605263157,cachekiller,little,1066011.5131578948,3.308333333333333,1,0.5282064928153273
900000,107155.61842105264,cachekiller,little,1065000.0,3.49,2,0.5572112825971263
900000,136226.4144736842,cachekiller,little,1064854.714912281,3.991666666666667,3,0.6373070782331028
900000,164433.06140350876,cachekiller,little,1063824.0131578948,4.279583333333334,4,0.6832756785524217
