frequency,power,task,island,voltage,time,howmany,time_rel
900000,39642.149122807015,cacherate-20,little,1066219.846491228,,0,
900000,95424.89254385963,cacherate-20,little,1065230.2631578948,4.930000000000001,1,0.2749581706636921
900000,145232.9846491228,cacherate-20,little,1064706.6885964912,5.383333333333333,2,0.3002416806097787
900000,194920.6052631579,cacherate-20,little,1063750.0,5.842222222222222,3,0.3258350374914792
900000,241032.4605263158,cacherate-20,little,1062519.1885964912,6.145833333333333,4,0.3427681725227737
