frequency,power,task,island,voltage,time,howmany,time_rel
900000,39642.149122807015,cacherate-100,little,1066219.846491228,,0,
900000,75549.29385964913,cacherate-100,little,1065984.100877193,3.0116666666666667,1,0.5262085032032615
900000,104947.00219298246,cacherate-100,little,1065002.74122807,3.228333333333333,2,0.564065230052417
900000,133821.22587719298,cacherate-100,little,1064912.2807017544,3.594444444444445,3,0.6280333915744517
900000,161494.5899122807,cacherate-100,little,1063829.495614035,3.922916666666667,4,0.6854251601630753
