frequency,power,task,island,voltage,time,howmany,time_rel
900000,39642.149122807015,decrypt,little,1066219.846491228,,0,
900000,126527.6447368421,decrypt,little,1065013.7061403508,7.868333333333333,1,0.2195916089120423
900000,213909.31359649124,decrypt,little,1063097.5877192982,7.866666666666666,2,0.2195450951207032
900000,290021.5964912281,decrypt,little,1046981.9078947369,7.881111111111112,3,0.2199482146456424
900000,369333.4364035088,decrypt,little,1044081.6885964912,7.897083333333334,4,0.2203939718126424
