frequency,power,task,island,voltage,time,howmany,time_rel
900000,39642.149122807015,gzip-1,little,1066219.846491228,,0,
900000,125549.46271929824,gzip-1,little,1064997.25877193,6.95,1,0.2190126050420168
900000,194987.69078947368,gzip-1,little,1063760.964912281,7.347500000000001,2,0.2315388655462185
900000,229036.5745614035,gzip-1,little,1062436.951754386,8.395555555555553,3,0.2645658263305321
900000,258468.56578947368,gzip-1,little,1058371.7105263155,9.677916666666668,4,0.3049763655462185
