frequency,power,task,island,voltage,time,howmany,time_rel
900000,39642.149122807015,gzip-5,little,1066219.846491228,,0,
900000,131062.9100877193,gzip-5,little,1065005.4824561405,7.659999999999999,1,0.2208872014225981
900000,198782.25219298244,gzip-5,little,1063730.8114035088,8.119166666666667,2,0.2341279377132695
900000,246463.86184210525,gzip-5,little,1061907.894736842,9.055,3,0.2611140481568703
900000,273254.8442982456,gzip-5,little,1056587.1710526317,10.389583333333333,4,0.2995986927476329
