frequency,power,task,island,voltage,time,howmany,time_rel
900000,39642.149122807015,cacherate-60,little,1066219.846491228,,0,
900000,79567.65350877192,cacherate-60,little,1065134.320175439,3.3800000000000003,1,0.512898330804249
900000,113167.92763157896,cacherate-60,little,1065000.0,3.676666666666667,2,0.5579160343955489
900000,145811.96929824562,cacherate-60,little,1064640.899122807,4.037777777777778,3,0.6127128646096781
900000,176870.125,cacherate-60,little,1063769.1885964912,4.44125,4,0.673937784522003
