howmany,island,task,frequency,power_25%,power_50%,power_75%,power_max,power_mean,power_min,time_25%,time_50%,time_75%,time_max,time_mean,time_min,time_rel
4,cpu,cacherate-20,299999,2010000.0,2011000.0,2023000.0,2048000.0,2007503.0425963488,1773000.0,9.166592873,9.201646998,9.26012590625,10.136681038,9.3131206271175,9.1146113678,1.1494670558997055
4,cpu,cacherate-20,399999,2148000.0,2160000.0,2161000.0,2186000.0,2143268.537074148,1861000.0,6.10648408705,6.93609326,7.067067467575,7.551603345,6.650626321236666,6.1008047524,0.8208500848900847
4,cpu,cacherate-20,599999,2348000.0,2361000.0,2373000.0,2436000.0,2347215.3061224488,1973000.0,5.1577626622,5.275923495,5.385728927,5.80060019,5.289489834001449,5.1167509134,0.6528525238895048
4,cpu,cacherate-20,1199999,2536000.0,2561000.0,2573000.0,2648000.0,2557767.5840978594,2298000.0,5.0793511165,5.1469876325,5.181594158,5.509545529,5.012968813640001,4.1000524556,0.6187230611781821
