howmany,island,task,frequency,power_25%,power_50%,power_75%,power_max,power_mean,power_min,time_25%,time_50%,time_75%,time_max,time_mean,time_min,time_rel
4,cpu,gzip-5,299999,1748000.0,1761000.0,1761000.0,1785000.0,1759307.0,1748000.0,20.157881797975,20.361007085,20.9525889915,22.262216348,20.764997364645,20.1327179299,1.0287554237076495
4,cpu,gzip-5,399999,1810000.0,1823000.0,1823000.0,1848000.0,1818440.3669724767,1810000.0,15.171815122775,15.21355461095,15.57780075525,16.337758033,15.464045127034998,15.1583265563,0.7661315827558777
4,cpu,gzip-5,599999,1936000.0,1936000.0,1936000.0,1960000.0,1938563.38028169,1923000.0,10.15024198615,10.1644841982,10.2428615585,10.47718,10.20372986712564,10.1006124752,0.5055210101170508
4,cpu,gzip-5,1199999,2261000.0,2273000.0,2273000.0,2286000.0,2267812.060301508,2048000.0,5.1631948435,5.181818803,5.2389501065,6.361160499,5.222035935732394,5.127455011,0.2587141090047903
