howmany,island,task,frequency,power_25%,power_50%,power_75%,power_max,power_mean,power_min,time_25%,time_50%,time_75%,time_max,time_mean,time_min,time_rel
4,cpu,idle,299999,1598000.0,1598000.0,1610000.0,1661000.0,1601817.0,1585000.0,2.00429583375,2.0043574945,2.00454832325,2.1995690485,2.006373529249,2.004187013,1.0009283604459969
4,cpu,idle,399999,1598000.0,1598000.0,1610000.0,1686000.0,1603172.0,1585000.0,2.00326677275,2.0033229115,2.003514055,2.006156169,2.003420447535,2.003139238,0.9994551436221268
4,cpu,idle,599999,1598000.0,1610000.0,1623000.0,1685000.0,1608720.0,1585000.0,2.0022120435,2.002251249,2.00248066975,2.002991654,2.002330497605,2.00215705,0.9989113955211382
4,cpu,idle,1199999,1610000.0,1623000.0,1635000.0,1786000.0,1622586.0,1610000.0,2.001218526,2.001266971,2.0014965465,2.1998507117,2.0023419231435,2.001184103,0.9989170954296304
