howmany,island,task,frequency,power_25%,power_50%,power_75%,power_max,power_mean,power_min,time_25%,time_50%,time_75%,time_max,time_mean,time_min,time_rel,time
0,cpu,cacherate-40,299999,1598000.0,1610000.0,1623000.0,1648000.0,1611400.0,1585000.0,2.00442389375,2.004480607,2.004538683,2.004999694,2.00451261902,2.004335908,,
1,cpu,cacherate-40,299999,1785000.0,1798000.0,1810000.0,1823000.0,1783465.0,1635000.0,4.173760603625,4.2636152085,4.26487361625,4.266870264,4.237217779349999,4.1733150618,1.0,
2,cpu,cacherate-40,299999,1961000.0,1973000.0,1973000.0,1998000.0,1943676.0,1685000.0,4.162507201175,4.371599378,4.4227970735,4.436539327,4.30975047863,4.1563058063,1.0171180012586296,
3,cpu,cacherate-40,299999,2111000.0,2136000.0,2136000.0,2148000.0,2091706.2937062937,1698000.0,4.1412921582,4.14514316095,4.5595030232500005,4.621562323,4.308823483621667,4.1371383992,1.0168992268041157,
4,cpu,cacherate-40,299999,2136000.0,2148000.0,2148000.0,2173000.0,2122233.977619532,1835000.0,5.128091942499999,5.1414546797,5.6919280315,6.42812207,5.428425104881053,5.1107302818,1.2811295967217875,
