howmany,island,task,frequency,power_25%,power_50%,power_75%,power_max,power_mean,power_min,time_25%,time_50%,time_75%,time_max,time_mean,time_min,time_rel,time
0,cpu,cacherate-100,299999,1598000.0,1610000.0,1623000.0,1648000.0,1611400.0,1585000.0,2.00442389375,2.004480607,2.004538683,2.004999694,2.00451261902,2.004335908,,
1,cpu,cacherate-100,299999,1823000.0,1836000.0,1848000.0,1885000.0,1807259.0,1635000.0,2.1354781427,2.135610663,2.643752781,2.648334894,2.310114019148572,2.134380451,1.0,
2,cpu,cacherate-100,299999,1923000.0,2010000.0,2023000.0,2036000.0,1963790.2097902093,1660000.0,2.117147554225,2.11899180095,2.119926707925,2.840068842,2.2484700884814286,2.1162581793,0.9733156328405542,
3,cpu,cacherate-100,299999,2086000.0,2098000.0,2098000.0,2110000.0,2055542.4575424576,1685000.0,3.1483769198,3.488572129,3.5185482585,3.555937989,3.340493842286666,3.1448103525,1.4460298559280016,
4,cpu,cacherate-100,299999,2098000.0,2098000.0,2098000.0,2136000.0,2080861.788617886,1860000.0,4.144211836675,4.1660744359,4.39902978825,4.907940908,4.288860049051724,4.1078387506,1.856557734164329,
