power,island,task,time,howmany,frequency,time_rel
1636175.0,cpu,gzip-1,,0,1199999,
1798080.0,cpu,gzip-1,4.278245109775001,1,1199999,0.223897124169797
1947062.0,cpu,gzip-1,4.29933455396,2,1199999,0.2250008164039263
2111912.0,cpu,gzip-1,4.291089013809999,3,1199999,0.2245692953761588
2269596.5965965968,cpu,gzip-1,4.601210796125,4,1199999,0.2407991684715767
