power,island,task,time,howmany,frequency,time_rel
1636175.0,cpu,encrypt,,0,1199999,
1778657.0,cpu,encrypt,3.377693880432,1,1199999,0.2103760713943283
1924193.0,cpu,encrypt,3.4289660291820003,2,1199999,0.213569502654769
2063247.0,cpu,encrypt,3.3547534770853336,3,1199999,0.2089472527674444
2204811.0,cpu,encrypt,3.4884749083663165,4,1199999,0.2172759499111068
