power,island,task,time,howmany,frequency,time_rel
1636175.0,cpu,cacherate-100,,0,1199999,
1949894.0,cpu,cacherate-100,1.18831139639,1,1199999,0.5143951279201233
2191643.0,cpu,cacherate-100,2.191194754457777,2,1199999,0.9485223397178358
2352268.0,cpu,cacherate-100,2.243993711946666,3,1199999,0.9713779031451116
2406672.448979592,cpu,cacherate-100,3.296852068048696,4,1199999,1.4271382454376869
