power,island,task,time,howmany,frequency,time_rel
1636175.0,cpu,cacherate-40,,0,1199999,
1968036.0,cpu,cacherate-40,2.3028349338875005,1,1199999,0.5434780683471884
2217942.0,cpu,cacherate-40,2.1070382885516667,2,1199999,0.4972692927940306
2405788.0,cpu,cacherate-40,3.342079069692,3,1199999,0.7887437568065441
2461192.660550459,cpu,cacherate-40,4.297402369074699,4,1199999,1.0142037990159505
