power,island,task,time,howmany,frequency,time_rel
1636175.0,cpu,cacherate-80,,0,1199999,
1950701.0,cpu,cacherate-80,1.189431671908,1,1199999,0.511552774120441
2194659.0,cpu,cacherate-80,2.2651218640412503,2,1199999,0.9741874213021554
2359299.0,cpu,cacherate-80,2.1974313958631577,3,1199999,0.9450749908903536
2415250.0,cpu,cacherate-80,3.427095813710577,4,1199999,1.4739311320573254
