howmany,island,task,frequency,power_25%,power_50%,power_75%,power_max,power_mean,power_min,time_25%,time_50%,time_75%,time_max,time_mean,time_min,time_rel,time
0,cpu,cacherate-100,1199999,1623000.0,1635000.0,1648000.0,1798000.0,1636175.0,1610000.0,2.00140256475,2.001425887,2.00146021,2.001604174,2.00143256438,2.001360631,,
1,cpu,cacherate-100,1199999,1948000.0,1960000.0,1973000.0,2023000.0,1949894.0,1773000.0,1.11557176315,1.11575974425,1.116009609225,1.845807048,1.18831139639,1.1152965539,0.5143951279201233,
2,cpu,cacherate-100,1199999,2198000.0,2198000.0,2211000.0,2248000.0,2191643.0,1898000.0,2.18068298765,2.1866936185,2.2036889135,2.230165182,2.191194754457777,2.161038425,0.9485223397178358,
3,cpu,cacherate-100,1199999,2336000.0,2360000.0,2373000.0,2423000.0,2352268.0,2073000.0,2.1186727726,2.1251497157,2.1287375852,2.826307967,2.243993711946666,2.1140646202,0.9713779031451116,
4,cpu,cacherate-100,1199999,2398000.0,2410000.0,2423000.0,2473000.0,2406672.448979592,2273000.0,3.1341277591,3.1359905832,3.617205011,3.904600687,3.296852068048696,3.1080594564,1.4271382454376869,
