power,island,task,time,howmany,frequency,time_rel
1636175.0,cpu,cacherate-0,,0,1199999,
1777749.0,cpu,cacherate-0,2.1051785358066666,1,1199999,0.1868483570015971
1929313.0,cpu,cacherate-0,2.175377953815,2,1199999,0.1930790142566595
2074366.0,cpu,cacherate-0,2.1058481490488887,3,1199999,0.1869077895542322
2216719.71971972,cpu,cacherate-0,2.3404791667669067,4,1199999,0.2077328262038793
