howmany,island,task,frequency,power_25%,power_50%,power_75%,power_max,power_mean,power_min,time_25%,time_50%,time_75%,time_max,time_mean,time_min,time_rel,time
0,cpu,hash,1199999,1623000.0,1635000.0,1648000.0,1798000.0,1636175.0,1610000.0,2.00140256475,2.001425887,2.00146021,2.001604174,2.00143256438,2.001360631,,
1,cpu,hash,1199999,1773000.0,1785000.0,1786000.0,1948000.0,1785235.0,1760000.0,2.11409363925,2.11414386505,2.114206197225,2.859785742,2.2016364973529403,2.1112927902,0.1953354887678209,
2,cpu,hash,1199999,1910000.0,1911000.0,1923000.0,2086000.0,1915975.0,1898000.0,2.1146997181,2.11474943155,2.115033959,2.859507844,2.230569726351429,2.1131897677,0.1979025276204409,
3,cpu,hash,1199999,2035000.0,2048000.0,2060000.0,2260000.0,2047690.0,1635000.0,2.114414354775,2.11443816895,2.1144899651,2.856793962,2.20153447409902,2.1134341181,0.195326436972852,
4,cpu,hash,1199999,2185000.0,2198000.0,2198000.0,2223000.0,2192679.67967968,1773000.0,2.1141363763000003,2.1143653152,2.1144417698,2.930674955,2.203741974257143,2.1066496222,0.1955222927023788,
