power,island,task,time,howmany,frequency,time_rel
1636175.0,cpu,cacherate-60,,0,1199999,
1950861.0,cpu,cacherate-60,2.134620942866667,1,1199999,0.700913457656353
2199723.0,cpu,cacherate-60,2.326859653401428,2,1199999,0.7640359992704003
2368910.0,cpu,cacherate-60,3.111377455987778,3,1199999,1.0216363415894016
2427670.744138634,cpu,cacherate-60,4.109568929931,4,1199999,1.3493975020627236
