power,island,task,time,howmany,frequency,time_rel
1636175.0,cpu,decrypt,,0,1199999,
1778573.0,cpu,decrypt,3.379697388368,1,1199999,0.2095869861726385
1925025.0,cpu,decrypt,3.3441151531820004,2,1199999,0.2073804059446019
2063997.0,cpu,decrypt,3.325066271530667,3,1199999,0.2061991174336829
2204786.0,cpu,decrypt,3.5042383673515785,4,1199999,0.2173102126751043
