power,island,task,time,howmany,frequency,time_rel
1636175.0,cpu,cachekiller,,0,1199999,
1950740.0,cpu,cachekiller,2.0145358382888885,1,1199999,0.8645562876886047
2192740.0,cpu,cachekiller,2.30196374309375,2,1199999,0.9879085744204577
2348953.0,cpu,cachekiller,2.8524369326677776,3,1199999,1.2241491258193649
2406845.0560652395,cpu,cachekiller,3.735291352797,4,1199999,1.6030340905488636
