power,island,task,time,howmany,frequency,time_rel
1636175.0,cpu,gzip-9,,0,1199999,
1796974.0,cpu,gzip-9,4.145866993485,1,1199999,0.2053499599532903
1945838.0,cpu,gzip-9,4.73699995302,2,1199999,0.2346295122781329
2110060.0,cpu,gzip-9,5.0538721932,3,1199999,0.2503245893111217
2268757.3011077545,cpu,gzip-9,5.2364214999297305,4,1199999,0.2593664840186362
