howmany,island,task,frequency,power_25%,power_50%,power_75%,power_max,power_mean,power_min,time_25%,time_50%,time_75%,time_max,time_mean,time_min,time_rel,time
0,cpu,idle,599999,1610000.0,1623000.0,1623000.0,1698000.0,1621317.0,1610000.0,2.002390338,2.0024247115,2.00245350225,2.00255905,2.0024260436000003,2.002320396,,
1,cpu,idle,599999,1610000.0,1623000.0,1623000.0,1698000.0,1621317.0,1610000.0,2.002390338,2.0024247115,2.00245350225,2.00255905,2.0024260436000003,2.002320396,0.9989590609706314,
2,cpu,idle,599999,1610000.0,1610000.0,1623000.0,1698000.0,1615345.0,1585000.0,2.0022590975,2.0024348275,2.002485083,2.002649729,2.00239691671,2.002189893,0.998944530311296,
3,cpu,idle,599999,1598000.0,1610000.0,1623000.0,1685000.0,1611707.0,1585000.0,2.00223073775,2.0022883085,2.002484538,2.1997516078,2.003670881905333,2.002167061,0.9995800789146048,
4,cpu,idle,599999,1598000.0,1610000.0,1623000.0,1685000.0,1608720.0,1585000.0,2.0022120435,2.002251249,2.00248066975,2.002991654,2.002330497605,2.00215705,0.9989113955211382,
