howmany,island,task,frequency,power_25%,power_50%,power_75%,power_max,power_mean,power_min,time_25%,time_50%,time_75%,time_max,time_mean,time_min,time_rel,time
0,cpu,cacherate-60,599999,1610000.0,1623000.0,1623000.0,1698000.0,1621317.0,1610000.0,2.002390338,2.0024247115,2.00245350225,2.00255905,2.0024260436000003,2.002320396,,
1,cpu,cacherate-60,599999,1885000.0,1898000.0,1911000.0,1936000.0,1880230.0,1685000.0,2.16198580805,2.3734098145,2.37883890975,2.394613333,2.2921945818575,2.1608179216,0.7526535497367002,
2,cpu,cacherate-60,599999,2098000.0,2098000.0,2110000.0,2211000.0,2081826.0,1736000.0,2.1221798542,2.1233728847,2.5890368802,2.801583367,2.288996777514286,2.1193641447,0.7516035346946381,
3,cpu,cacherate-60,599999,2223000.0,2235000.0,2248000.0,2298000.0,2215162.0,1786000.0,3.179296212975,3.21395935,3.2613289975,3.333310825,3.2250364370022218,3.168245752,1.0589568361918515,
4,cpu,cacherate-60,599999,2248000.0,2260000.0,2273000.0,2335000.0,2250806.193806194,1660000.0,4.13018408675,4.1654484308,4.20804730375,4.569323774,4.196785945564814,4.084260128,1.3780356451478697,
