howmany,island,task,frequency,power_25%,power_50%,power_75%,power_max,power_mean,power_min,time_25%,time_50%,time_75%,time_max,time_mean,time_min,time_rel,time
0,cpu,cacherate-40,599999,1610000.0,1623000.0,1623000.0,1698000.0,1621317.0,1610000.0,2.002390338,2.0024247115,2.00245350225,2.00255905,2.0024260436000003,2.002320396,,
1,cpu,cacherate-40,599999,1898000.0,1910000.0,1923000.0,1948000.0,1894273.0,1673000.0,2.12759960455,2.1280467232,2.4216028762,2.735546018,2.280774004245714,2.1271023788,0.5382716025031857,
2,cpu,cacherate-40,599999,2123000.0,2123000.0,2135000.0,2148000.0,2102852.0,1735000.0,3.15500001875,3.179034145,3.186106876075,3.219694353,3.173110919725,3.12749134,0.7488666112912808,
3,cpu,cacherate-40,599999,2248000.0,2279000.0,2298000.0,2336000.0,2256925.0,1810000.0,3.13991112245,3.1480103082,3.552392455,3.704246948,3.3258569393200004,3.130253906,0.784915270470284,
4,cpu,cacherate-40,599999,2285000.0,2298000.0,2311000.0,2373000.0,2291207.07070707,1998000.0,4.13381194175,4.1397607247,4.63404187325,5.1898706073,4.43040592554875,4.121854048,1.0455931595350727,
