howmany,island,task,frequency,power_25%,power_50%,power_75%,power_max,power_mean,power_min,time_25%,time_50%,time_75%,time_max,time_mean,time_min,time_rel,time
0,cpu,cacherate-80,599999,1610000.0,1623000.0,1623000.0,1698000.0,1621317.0,1610000.0,2.002390338,2.0024247115,2.00245350225,2.00255905,2.0024260436000003,2.002320396,,
1,cpu,cacherate-80,599999,1873000.0,1885000.0,1898000.0,1923000.0,1868133.0,1685000.0,2.194680616,2.197644593,2.200541242,2.205287476,2.195356720171111,2.179718068,0.9441827108790402,
2,cpu,cacherate-80,599999,2098000.0,2098000.0,2111000.0,2136000.0,2079057.0,1723000.0,2.149309834775,2.15184951105,2.5029211495,2.52698876,2.3218227729425003,2.1467172397,0.9985734435753444,
3,cpu,cacherate-80,599999,2210000.0,2223000.0,2236000.0,2273000.0,2204562.0,1773000.0,2.10258017065,2.1053072711,3.0176731245,3.1943228506,2.461989258097778,2.1000295287,1.0588564812759242,
4,cpu,cacherate-80,599999,2235000.0,2248000.0,2261000.0,2323000.0,2238289.579158317,2023000.0,3.1128214977,3.1148356795,3.1177002212,4.235189588,3.352766260441739,3.1002038025,1.4419633527625193,
