howmany,island,task,frequency,power_25%,power_50%,power_75%,power_max,power_mean,power_min,time_25%,time_50%,time_75%,time_max,time_mean,time_min,time_rel,time
0,cpu,cachekiller,599999,1610000.0,1623000.0,1623000.0,1698000.0,1621317.0,1610000.0,2.002390338,2.0024247115,2.00245350225,2.00255905,2.0024260436000003,2.002320396,,
1,cpu,cachekiller,599999,1873000.0,1886000.0,1898000.0,1923000.0,1873294.0,1673000.0,2.173463338075,2.2670279605,2.26891308375,2.275721984,2.2419752266575004,2.1724948003,0.9621639596618924,
2,cpu,cachekiller,599999,2085000.0,2098000.0,2111000.0,2135000.0,2077299.0,1723000.0,2.1407779435,2.1427506323500003,2.5852251762500003,2.610634118,2.320759671611429,2.1385066733,0.9959750172575864,
3,cpu,cachekiller,599999,2198000.0,2211000.0,2235000.0,2273000.0,2194453.0,1686000.0,3.129677588,3.1547368980000003,3.182873542375,3.241047507,3.157096668858889,3.087240289,1.3548966089484316,
4,cpu,cachekiller,599999,2223000.0,2235000.0,2248000.0,2323000.0,2232174.0442655934,1998000.0,4.082260818,4.132888447,4.1878309383,4.516230819,4.154592317193578,4.053174131,1.7829808943301586,
