power,time,task,howmany,island,frequency,time_rel
2855955.0,2.0,idle,1,cpu,600000,1.0
2899018.796992481,2.0,idle,1,cpu,700000,1.0
2926002.506265664,2.0,idle,1,cpu,800000,1.0
2951370.481927711,2.0,idle,1,cpu,900000,1.0
2978583.583583584,2.0,idle,1,cpu,1000000,1.0
3003434.2928660824,2.0,idle,1,cpu,1100000,1.0
3031055.165496489,2.0,idle,1,cpu,1200000,1.0
3057185.0,2.0,idle,1,cpu,1300000,1.0
3084576.0,2.0,idle,1,cpu,1400000,1.0
3110947.0,2.0,idle,1,cpu,1500000,1.0
