frequency,power,task,island,voltage,time,howmany,time_rel
300000,36667.20614035088,cacherate-20,big,915068.5307017544,,0,
300000,153307.90570175438,cacherate-20,big,914029.605263158,9.691666666666665,1,0.5405279791782858
300000,245245.50219298244,cacherate-20,big,913311.403508772,9.7125,2,0.5416899051868376
300000,336472.66228070174,cacherate-20,big,912275.2192982456,9.74,3,0.5432236475181259
300000,396649.6096491228,cacherate-20,big,911885.9649122808,11.274166666666666,4,0.6287878787878787
