frequency,power,task,island,voltage,time,howmany,time_rel
300000,36667.20614035088,encrypt,big,915068.5307017544,,0,
300000,147790.79385964913,encrypt,big,914794.4078947369,14.37,1,0.4040110585258422
300000,255965.50657894736,encrypt,big,912916.6666666666,14.33916666666667,2,0.4031441825593928
300000,362601.3837719298,encrypt,big,912105.2631578948,14.341666666666669,3,0.4032144697999157
300000,469830.850877193,encrypt,big,911252.7412280702,14.364166666666668,4,0.4038470549646221
