frequency,power,task,island,voltage,time,howmany,time_rel
300000,36667.20614035088,hash,big,915068.5307017544,,0,
300000,171983.68201754385,hash,big,914766.995614035,14.141666666666666,1,0.3758083089733368
300000,282048.475877193,hash,big,912502.7412280702,14.123333333333331,2,0.3753211090442022
300000,388387.875,hash,big,911474.7807017544,14.216111111111111,3,0.3777866359583074
300000,495126.2390350877,hash,big,911044.4078947369,14.190833333333336,4,0.3771148906014705
