frequency,power,task,island,voltage,time,howmany,time_rel
1100000,56177.60745614035,gzip-5,little,1140002.74122807,,0,
1100000,183934.9802631579,gzip-5,little,1138374.451754386,6.3183333333333325,1,0.1821982986494929
1100000,270784.09210526315,gzip-5,little,1132398.5745614036,6.738333333333333,2,0.1943096073436824
1100000,320030.6600877193,gzip-5,little,1120345.394736842,7.742222222222223,3,0.2232581983627305
1100000,359029.4342105263,gzip-5,little,1119029.605263158,8.950000000000001,4,0.2580862209833229
