frequency,power,task,island,voltage,time,howmany,time_rel
1100000,56177.60745614035,cacherate-100,little,1140002.74122807,,0,
1100000,102861.36842105264,cacherate-100,little,1139216.00877193,2.8200000000000003,1,0.4927198602213163
1100000,140947.50877192983,cacherate-100,little,1138752.74122807,3.084166666666667,2,0.5388759464181714
1100000,179807.62719298244,cacherate-100,little,1137658.99122807,3.3538888888888887,3,0.5860027179188507
1100000,207191.7192982456,cacherate-100,little,1121655.701754386,3.7425,4,0.6539021549213746
