frequency,power,task,island,voltage,time,howmany,time_rel
1100000,56177.60745614035,encrypt,little,1140002.74122807,,0,
1100000,176756.6951754386,encrypt,little,1138314.144736842,6.391666666666667,1,0.1797010449369757
1100000,290352.24342105264,encrypt,little,1120973.1359649124,6.3825,2,0.1794433250550583
1100000,405146.9846491228,encrypt,little,1118843.201754386,6.398333333333333,3,0.1798884775783702
1100000,518165.2346491228,encrypt,little,1117500.0,6.414583333333333,4,0.1803453446417693
