frequency,power,task,island,voltage,time,howmany,time_rel
1100000,56177.60745614035,cacherate-80,little,1140002.74122807,,0,
1100000,104668.33771929824,cacherate-80,little,1139276.3157894737,3.0033333333333334,1,0.4916780354706685
1100000,144814.66666666666,cacherate-80,little,1138741.7763157894,3.2358333333333325,2,0.5297407912687584
1100000,184948.4714912281,cacherate-80,little,1137708.3333333333,3.6216666666666666,3,0.5929058663028649
1100000,213354.7192982456,cacherate-80,little,1121022.4780701755,4.03125,4,0.6599590723055935
