frequency,power,task,island,voltage,time,howmany,time_rel
1100000,56177.60745614035,decrypt,little,1140002.74122807,,0,
1100000,177713.23245614034,decrypt,little,1138220.9429824562,6.441666666666667,1,0.1797758035257453
1100000,290903.0285087719,decrypt,little,1120907.346491228,6.440833333333333,2,0.1797525466300757
1100000,406442.5657894737,decrypt,little,1118862.3903508773,6.469444444444445,3,0.1805510333813975
1100000,519494.4539473684,decrypt,little,1117535.6359649124,6.477083333333333,4,0.1807642215917019
