howmany,island,task,frequency,power_25%,power_50%,power_75%,power_max,power_mean,power_min,time_25%,time_50%,time_75%,time_max,time_mean,time_min,time_rel,time
0,cpu,hash,1400000,3080000.0,3080000.0,3084000.0,3259000.0,3084576.0,3072000.0,2.0,2.0,2.0,2.0,2.0,2.0,,
1,cpu,hash,1400000,3652000.0,3656000.0,3660000.0,3771000.0,3652556.556556557,3072000.0,2.1,2.1,2.1,2.11,2.1,2.09,0.4338842975206612,
2,cpu,hash,1400000,4232000.0,4236000.0,4240000.0,4324000.0,4225312.0,3072000.0,2.11,2.11,2.11,2.11,2.1089999999999995,2.1,0.4357438016528925,
3,cpu,hash,1400000,4855000.0,4862000.0,4866000.0,4927000.0,4846043.043043043,3080000.0,2.1,2.1,2.11,2.11,2.104666666666667,2.1,0.434848484848485,
4,cpu,hash,1400000,5545000.0,5561000.0,5568000.0,5641000.0,5559158.475426279,5503000.0,2.11,2.11,2.11,2.13,2.112,2.1,0.4363636363636364,
